day_order,day,tray,tray_no,capture_id,source_d,method,cells_generated,candidate_count,direct_cell_count,uncertain_cell_count,uncertain_cell_ids,square_side,median_grid_error,max_grid_error,review_required,overlay_path,status,notes
1,Day 1,Tray 1,1,DJI_20260618124632_0008,Day 1\Tray 1\DJI_20260618124632_0008_D.JPG,automatic_global_square_grid,70,160,70,0,,293.465,0.0152,0.1059,No,Day 1\Tray 1\DJI_20260618124632_0008_70_square_grid_overlay.jpg,PASS_AUTO,Global square grid fitted successfully. Only routine spot checks are recommended.
1,Day 1,Tray 2,2,DJI_20260618124541_0007,Day 1\Tray 2\DJI_20260618124541_0007_D.JPG,automatic_global_square_grid,70,160,70,0,,293.033,0.0227,0.1419,No,Day 1\Tray 2\DJI_20260618124541_0007_70_square_grid_overlay.jpg,PASS_AUTO,Global square grid fitted successfully. Only routine spot checks are recommended.
1,Day 1,Tray 3,3,DJI_20260618124235_0004,Day 1\Tray 3\DJI_20260618124235_0004_D.JPG,automatic_global_square_grid,70,160,70,0,,294.127,0.0178,0.1604,No,Day 1\Tray 3\DJI_20260618124235_0004_70_square_grid_overlay.jpg,PASS_AUTO,Global square grid fitted successfully. Only routine spot checks are recommended.
1,Day 1,Tray 4,4,DJI_20260618124331_0005,Day 1\Tray 4\DJI_20260618124331_0005_D.JPG,automatic_global_square_grid,70,160,69,1,50,292.162,0.0366,0.2622,No,Day 1\Tray 4\DJI_20260618124331_0005_70_square_grid_overlay.jpg,PASS_AUTO,Global square grid fitted successfully. Only routine spot checks are recommended.
1,Day 1,Tray 5,5,DJI_20260618124449_0006,Day 1\Tray 5\DJI_20260618124449_0006_D.JPG,automatic_global_square_grid,70,160,70,0,,296.32,0.0251,0.1369,No,Day 1\Tray 5\DJI_20260618124449_0006_70_square_grid_overlay.jpg,PASS_AUTO,Global square grid fitted successfully. Only routine spot checks are recommended.
1,Day 1,Tray 6,6,DJI_20260618123542_0001,Day 1\Tray 6\DJI_20260618123542_0001_D.JPG,automatic_global_square_grid,70,160,70,0,,285.127,0.076,0.2058,No,Day 1\Tray 6\DJI_20260618123542_0001_70_square_grid_overlay.jpg,PASS_AUTO,Global square grid fitted successfully. Only routine spot checks are recommended.
1,Day 1,Tray 7,7,DJI_20260618123812_0002,Day 1\Tray 7\DJI_20260618123812_0002_D.JPG,automatic_global_square_grid,70,160,70,0,,295.43,0.0166,0.1175,No,Day 1\Tray 7\DJI_20260618123812_0002_70_square_grid_overlay.jpg,PASS_AUTO,Global square grid fitted successfully. Only routine spot checks are recommended.
1,Day 1,Tray 8,8,DJI_20260618124121_0003,Day 1\Tray 8\DJI_20260618124121_0003_D.JPG,automatic_global_square_grid,70,160,70,0,,294.156,0.0169,0.2047,No,Day 1\Tray 8\DJI_20260618124121_0003_70_square_grid_overlay.jpg,PASS_AUTO,Global square grid fitted successfully. Only routine spot checks are recommended.
2,Day 2,Tray 1,1,DJI_20260620131000_0001,Day 2\Tray 1\DJI_20260620131000_0001_D.JPG,automatic_global_square_grid,70,160,70,0,,316.062,0.0176,0.1805,No,Day 2\Tray 1\DJI_20260620131000_0001_70_square_grid_overlay.jpg,PASS_AUTO,Global square grid fitted successfully. Only routine spot checks are recommended.
2,Day 2,Tray 2,2,DJI_20260620131052_0002,Day 2\Tray 2\DJI_20260620131052_0002_D.JPG,automatic_global_square_grid,70,160,70,0,,317.309,0.0229,0.1596,No,Day 2\Tray 2\DJI_20260620131052_0002_70_square_grid_overlay.jpg,PASS_AUTO,Global square grid fitted successfully. Only routine spot checks are recommended.
2,Day 2,Tray 3,3,DJI_20260620131152_0003,Day 2\Tray 3\DJI_20260620131152_0003_D.JPG,automatic_global_square_grid,70,160,70,0,,315.483,0.0151,0.0995,No,Day 2\Tray 3\DJI_20260620131152_0003_70_square_grid_overlay.jpg,PASS_AUTO,Global square grid fitted successfully. Only routine spot checks are recommended.
2,Day 2,Tray 4,4,DJI_20260620131233_0004,Day 2\Tray 4\DJI_20260620131233_0004_D.JPG,automatic_global_square_grid,70,160,70,0,,315.145,0.018,0.1791,No,Day 2\Tray 4\DJI_20260620131233_0004_70_square_grid_overlay.jpg,PASS_AUTO,Global square grid fitted successfully. Only routine spot checks are recommended.
2,Day 2,Tray 5,5,DJI_20260620131340_0005,Day 2\Tray 5\DJI_20260620131340_0005_D.JPG,automatic_global_square_grid,70,160,70,0,,318.52,0.0249,0.1543,No,Day 2\Tray 5\DJI_20260620131340_0005_70_square_grid_overlay.jpg,PASS_AUTO,Global square grid fitted successfully. Only routine spot checks are recommended.
2,Day 2,Tray 6,6,DJI_20260620131437_0006,Day 2\Tray 6\DJI_20260620131437_0006_D.JPG,automatic_global_square_grid,70,160,70,0,,315.074,0.019,0.218,No,Day 2\Tray 6\DJI_20260620131437_0006_70_square_grid_overlay.jpg,PASS_AUTO,Global square grid fitted successfully. Only routine spot checks are recommended.
2,Day 2,Tray 7,7,DJI_20260620131539_0007,Day 2\Tray 7\DJI_20260620131539_0007_D.JPG,automatic_global_square_grid,70,160,70,0,,314.043,0.021,0.2212,No,Day 2\Tray 7\DJI_20260620131539_0007_70_square_grid_overlay.jpg,PASS_AUTO,Global square grid fitted successfully. Only routine spot checks are recommended.
2,Day 2,Tray 8,8,DJI_20260620131623_0008,Day 2\Tray 8\DJI_20260620131623_0008_D.JPG,automatic_global_square_grid,70,160,70,0,,318.712,0.034,0.2198,No,Day 2\Tray 8\DJI_20260620131623_0008_70_square_grid_overlay.jpg,PASS_AUTO,Global square grid fitted successfully. Only routine spot checks are recommended.
3,Day 3,Tray 1,1,DJI_20260621125425_0001,Day 3\Tray 1\DJI_20260621125425_0001_D.JPG,automatic_global_square_grid,70,160,70,0,,266.273,0.0173,0.1413,No,Day 3\Tray 1\DJI_20260621125425_0001_70_square_grid_overlay.jpg,PASS_AUTO,Global square grid fitted successfully. Only routine spot checks are recommended.
3,Day 3,Tray 2,2,DJI_20260621125542_0002,Day 3\Tray 2\DJI_20260621125542_0002_D.JPG,automatic_global_square_grid,70,160,70,0,,231.076,0.0229,0.1711,No,Day 3\Tray 2\DJI_20260621125542_0002_70_square_grid_overlay.jpg,PASS_AUTO,Global square grid fitted successfully. Only routine spot checks are recommended.
3,Day 3,Tray 3,3,DJI_20260621125701_0003,Day 3\Tray 3\DJI_20260621125701_0003_D.JPG,automatic_global_square_grid,70,160,70,0,,228.148,0.0202,0.1044,No,Day 3\Tray 3\DJI_20260621125701_0003_70_square_grid_overlay.jpg,PASS_AUTO,Global square grid fitted successfully. Only routine spot checks are recommended.
3,Day 3,Tray 4,4,DJI_20260621125808_0004,Day 3\Tray 4\DJI_20260621125808_0004_D.JPG,automatic_global_square_grid,70,160,70,0,,248.093,0.0282,0.1306,No,Day 3\Tray 4\DJI_20260621125808_0004_70_square_grid_overlay.jpg,PASS_AUTO,Global square grid fitted successfully. Only routine spot checks are recommended.
3,Day 3,Tray 5,5,DJI_20260621125931_0005,Day 3\Tray 5\DJI_20260621125931_0005_D.JPG,automatic_global_square_grid,70,160,70,0,,246.406,0.0164,0.1598,No,Day 3\Tray 5\DJI_20260621125931_0005_70_square_grid_overlay.jpg,PASS_AUTO,Global square grid fitted successfully. Only routine spot checks are recommended.
3,Day 3,Tray 6,6,DJI_20260621125958_0006,Day 3\Tray 6\DJI_20260621125958_0006_D.JPG,automatic_global_square_grid,70,160,70,0,,247.405,0.0182,0.2361,No,Day 3\Tray 6\DJI_20260621125958_0006_70_square_grid_overlay.jpg,PASS_AUTO,Global square grid fitted successfully. Only routine spot checks are recommended.
3,Day 3,Tray 7,7,DJI_20260621130023_0008,Day 3\Tray 7\DJI_20260621130023_0008_D.JPG,automatic_global_square_grid,70,160,70,0,,247.491,0.02,0.2072,No,Day 3\Tray 7\DJI_20260621130023_0008_70_square_grid_overlay.jpg,PASS_AUTO,Global square grid fitted successfully. Only routine spot checks are recommended.
3,Day 3,Tray 8,8,DJI_20260621130058_0009,Day 3\Tray 8\DJI_20260621130058_0009_D.JPG,automatic_global_square_grid,70,160,70,0,,248.206,0.0207,0.172,No,Day 3\Tray 8\DJI_20260621130058_0009_70_square_grid_overlay.jpg,PASS_AUTO,Global square grid fitted successfully. Only routine spot checks are recommended.
4,Day 4,Tray 1,1,DJI_20260622122222_0001,Day 4\Tray 1\DJI_20260622122222_0001_D.JPG,automatic_global_square_grid,70,160,70,0,,290.246,0.0195,0.207,No,Day 4\Tray 1\DJI_20260622122222_0001_70_square_grid_overlay.jpg,PASS_AUTO,Global square grid fitted successfully. Only routine spot checks are recommended.
4,Day 4,Tray 2,2,DJI_20260622122329_0002,Day 4\Tray 2\DJI_20260622122329_0002_D.JPG,automatic_global_square_grid,70,160,70,0,,307.857,0.0251,0.1897,No,Day 4\Tray 2\DJI_20260622122329_0002_70_square_grid_overlay.jpg,PASS_AUTO,Global square grid fitted successfully. Only routine spot checks are recommended.
4,Day 4,Tray 3,3,DJI_20260622122437_0003,Day 4\Tray 3\DJI_20260622122437_0003_D.JPG,automatic_global_square_grid,70,160,70,0,,304.81,0.0192,0.181,No,Day 4\Tray 3\DJI_20260622122437_0003_70_square_grid_overlay.jpg,PASS_AUTO,Global square grid fitted successfully. Only routine spot checks are recommended.
4,Day 4,Tray 4,4,DJI_20260622122526_0004,Day 4\Tray 4\DJI_20260622122526_0004_D.JPG,automatic_global_square_grid,70,160,69,1,37,305.56,0.019,0.2417,No,Day 4\Tray 4\DJI_20260622122526_0004_70_square_grid_overlay.jpg,PASS_AUTO,Global square grid fitted successfully. Only routine spot checks are recommended.
4,Day 4,Tray 5,5,DJI_20260622122624_0005,Day 4\Tray 5\DJI_20260622122624_0005_D.JPG,automatic_global_square_grid,70,160,69,1,25,307.006,0.0295,0.2582,No,Day 4\Tray 5\DJI_20260622122624_0005_70_square_grid_overlay.jpg,PASS_AUTO,Global square grid fitted successfully. Only routine spot checks are recommended.
4,Day 4,Tray 6,6,DJI_20260622122657_0006,Day 4\Tray 6\DJI_20260622122657_0006_D.JPG,automatic_global_square_grid,70,160,70,0,,305.349,0.0182,0.1599,No,Day 4\Tray 6\DJI_20260622122657_0006_70_square_grid_overlay.jpg,PASS_AUTO,Global square grid fitted successfully. Only routine spot checks are recommended.
4,Day 4,Tray 7,7,DJI_20260622122752_0007,Day 4\Tray 7\DJI_20260622122752_0007_D.JPG,automatic_global_square_grid,70,160,70,0,,304.812,0.0211,0.168,No,Day 4\Tray 7\DJI_20260622122752_0007_70_square_grid_overlay.jpg,PASS_AUTO,Global square grid fitted successfully. Only routine spot checks are recommended.
4,Day 4,Tray 8,8,DJI_20260622122838_0008,Day 4\Tray 8\DJI_20260622122838_0008_D.JPG,automatic_global_square_grid,70,160,70,0,,305.774,0.0182,0.2088,No,Day 4\Tray 8\DJI_20260622122838_0008_70_square_grid_overlay.jpg,PASS_AUTO,Global square grid fitted successfully. Only routine spot checks are recommended.
5,Day 5,Tray 1,1,DJI_20260623123614_0001,Day 5\Tray 1\DJI_20260623123614_0001_D.JPG,automatic_global_square_grid,70,160,70,0,,247.37,0.019,0.0876,No,Day 5\Tray 1\DJI_20260623123614_0001_70_square_grid_overlay.jpg,PASS_AUTO,Global square grid fitted successfully. Only routine spot checks are recommended.
5,Day 5,Tray 2,2,DJI_20260623123731_0002,Day 5\Tray 2\DJI_20260623123731_0002_D.JPG,automatic_global_square_grid,70,160,70,0,,248.23,0.0241,0.1766,No,Day 5\Tray 2\DJI_20260623123731_0002_70_square_grid_overlay.jpg,PASS_AUTO,Global square grid fitted successfully. Only routine spot checks are recommended.
5,Day 5,Tray 3,3,DJI_20260623123926_0003,Day 5\Tray 3\DJI_20260623123926_0003_D.JPG,automatic_global_square_grid,70,160,70,0,,248.253,0.0194,0.1507,No,Day 5\Tray 3\DJI_20260623123926_0003_70_square_grid_overlay.jpg,PASS_AUTO,Global square grid fitted successfully. Only routine spot checks are recommended.
5,Day 5,Tray 4,4,DJI_20260623123956_0004,Day 5\Tray 4\DJI_20260623123956_0004_D.JPG,automatic_global_square_grid,70,160,70,0,,247.763,0.0231,0.1247,No,Day 5\Tray 4\DJI_20260623123956_0004_70_square_grid_overlay.jpg,PASS_AUTO,Global square grid fitted successfully. Only routine spot checks are recommended.
5,Day 5,Tray 5,5,DJI_20260623124057_0005,Day 5\Tray 5\DJI_20260623124057_0005_D.JPG,automatic_global_square_grid,70,160,70,0,,250.784,0.0257,0.2015,No,Day 5\Tray 5\DJI_20260623124057_0005_70_square_grid_overlay.jpg,PASS_AUTO,Global square grid fitted successfully. Only routine spot checks are recommended.
5,Day 5,Tray 6,6,DJI_20260623124159_0006,Day 5\Tray 6\DJI_20260623124159_0006_D.JPG,automatic_global_square_grid,70,160,70,0,,250.829,0.0243,0.1994,No,Day 5\Tray 6\DJI_20260623124159_0006_70_square_grid_overlay.jpg,PASS_AUTO,Global square grid fitted successfully. Only routine spot checks are recommended.
5,Day 5,Tray 7,7,DJI_20260623124307_0007,Day 5\Tray 7\DJI_20260623124307_0007_D.JPG,automatic_global_square_grid,70,160,70,0,,246.774,0.0263,0.1417,No,Day 5\Tray 7\DJI_20260623124307_0007_70_square_grid_overlay.jpg,PASS_AUTO,Global square grid fitted successfully. Only routine spot checks are recommended.
5,Day 5,Tray 8,8,DJI_20260623124403_0008,Day 5\Tray 8\DJI_20260623124403_0008_D.JPG,automatic_global_square_grid,70,160,68,2,"38, 39",248.445,0.0243,0.2465,No,Day 5\Tray 8\DJI_20260623124403_0008_70_square_grid_overlay.jpg,PASS_AUTO,Global square grid fitted successfully. Only routine spot checks are recommended.
9,Day 9,Tray 1,1,DJI_20260627101229_0001,Day 9\Tray 1\DJI_20260627101229_0001_D.JPG,automatic_global_square_grid,70,160,70,0,,311.844,0.0194,0.1263,No,Day 9\Tray 1\DJI_20260627101229_0001_70_square_grid_overlay.jpg,PASS_AUTO,Global square grid fitted successfully. Only routine spot checks are recommended.
9,Day 9,Tray 2,2,DJI_20260627101425_0002,Day 9\Tray 2\DJI_20260627101425_0002_D.JPG,automatic_global_square_grid,70,160,70,0,,309.416,0.0228,0.1221,No,Day 9\Tray 2\DJI_20260627101425_0002_70_square_grid_overlay.jpg,PASS_AUTO,Global square grid fitted successfully. Only routine spot checks are recommended.
9,Day 9,Tray 3,3,DJI_20260627101610_0003,Day 9\Tray 3\DJI_20260627101610_0003_D.JPG,automatic_global_square_grid,70,160,70,0,,311.449,0.0162,0.181,No,Day 9\Tray 3\DJI_20260627101610_0003_70_square_grid_overlay.jpg,PASS_AUTO,Global square grid fitted successfully. Only routine spot checks are recommended.
9,Day 9,Tray 4,4,DJI_20260627101707_0004,Day 9\Tray 4\DJI_20260627101707_0004_D.JPG,automatic_global_square_grid,70,160,70,0,,313.062,0.0205,0.1651,No,Day 9\Tray 4\DJI_20260627101707_0004_70_square_grid_overlay.jpg,PASS_AUTO,Global square grid fitted successfully. Only routine spot checks are recommended.
9,Day 9,Tray 5,5,DJI_20260627101808_0005,Day 9\Tray 5\DJI_20260627101808_0005_D.JPG,automatic_global_square_grid,70,160,70,0,,311.474,0.0205,0.1758,No,Day 9\Tray 5\DJI_20260627101808_0005_70_square_grid_overlay.jpg,PASS_AUTO,Global square grid fitted successfully. Only routine spot checks are recommended.
9,Day 9,Tray 6,6,DJI_20260627101858_0006,Day 9\Tray 6\DJI_20260627101858_0006_D.JPG,automatic_global_square_grid,70,160,70,0,,305.606,0.0378,0.1192,No,Day 9\Tray 6\DJI_20260627101858_0006_70_square_grid_overlay.jpg,PASS_AUTO,Global square grid fitted successfully. Only routine spot checks are recommended.
9,Day 9,Tray 7,7,DJI_20260627101933_0007,Day 9\Tray 7\DJI_20260627101933_0007_D.JPG,automatic_global_square_grid,70,160,70,0,,307.559,0.0267,0.1082,No,Day 9\Tray 7\DJI_20260627101933_0007_70_square_grid_overlay.jpg,PASS_AUTO,Global square grid fitted successfully. Only routine spot checks are recommended.
9,Day 9,Tray 8,8,DJI_20260627102037_0008,Day 9\Tray 8\DJI_20260627102037_0008_D.JPG,automatic_global_square_grid,70,160,70,0,,311.998,0.0194,0.2372,No,Day 9\Tray 8\DJI_20260627102037_0008_70_square_grid_overlay.jpg,PASS_AUTO,Global square grid fitted successfully. Only routine spot checks are recommended.
