day_order,day,tray,tray_no,capture_id,grid_status,cells_processed,cells_with_valid_ndvi,cells_with_valid_ndre,mean_cell_ndvi,median_cell_ndvi,mean_cell_ndre,median_cell_ndre,npz_path,ndvi_preview_path,ndre_preview_path,ndvi_overlay_path,ndre_overlay_path,status,notes
1,Day 1,Tray 1,1,DJI_20260618124632_0008,PASS_AUTO,70,70,70,0.2921030004109655,0.3119705021381378,-0.06396250424108335,-0.09057966619729996,Day 1\Tray 1\DJI_20260618124632_0008_relative_indices.npz,Day 1\Tray 1\DJI_20260618124632_0008_ndvi_preview.png,Day 1\Tray 1\DJI_20260618124632_0008_ndre_preview.png,Day 1\Tray 1\DJI_20260618124632_0008_ndvi_square_overlay.png,Day 1\Tray 1\DJI_20260618124632_0008_ndre_square_overlay.png,PASS,Relative NDVI and NDRE calculated from aligned MS bands inside Script 06 square zones.
1,Day 1,Tray 2,2,DJI_20260618124541_0007,PASS_AUTO,70,70,70,0.301305408350059,0.311139315366745,-0.06897361446171998,-0.10359486192464828,Day 1\Tray 2\DJI_20260618124541_0007_relative_indices.npz,Day 1\Tray 2\DJI_20260618124541_0007_ndvi_preview.png,Day 1\Tray 2\DJI_20260618124541_0007_ndre_preview.png,Day 1\Tray 2\DJI_20260618124541_0007_ndvi_square_overlay.png,Day 1\Tray 2\DJI_20260618124541_0007_ndre_square_overlay.png,PASS,Relative NDVI and NDRE calculated from aligned MS bands inside Script 06 square zones.
1,Day 1,Tray 3,3,DJI_20260618124235_0004,PASS_AUTO,70,70,70,0.3057868208203997,0.3330364525318146,-0.06984582463545459,-0.0787258893251419,Day 1\Tray 3\DJI_20260618124235_0004_relative_indices.npz,Day 1\Tray 3\DJI_20260618124235_0004_ndvi_preview.png,Day 1\Tray 3\DJI_20260618124235_0004_ndre_preview.png,Day 1\Tray 3\DJI_20260618124235_0004_ndvi_square_overlay.png,Day 1\Tray 3\DJI_20260618124235_0004_ndre_square_overlay.png,PASS,Relative NDVI and NDRE calculated from aligned MS bands inside Script 06 square zones.
1,Day 1,Tray 4,4,DJI_20260618124331_0005,PASS_AUTO,70,70,70,0.292439632330622,0.3453495651483536,-0.07214388235339096,-0.06365010887384415,Day 1\Tray 4\DJI_20260618124331_0005_relative_indices.npz,Day 1\Tray 4\DJI_20260618124331_0005_ndvi_preview.png,Day 1\Tray 4\DJI_20260618124331_0005_ndre_preview.png,Day 1\Tray 4\DJI_20260618124331_0005_ndvi_square_overlay.png,Day 1\Tray 4\DJI_20260618124331_0005_ndre_square_overlay.png,PASS,Relative NDVI and NDRE calculated from aligned MS bands inside Script 06 square zones.
1,Day 1,Tray 5,5,DJI_20260618124449_0006,PASS_AUTO,70,70,70,0.3004497753722327,0.29064515233039856,-0.057833429399345604,-0.11050001159310341,Day 1\Tray 5\DJI_20260618124449_0006_relative_indices.npz,Day 1\Tray 5\DJI_20260618124449_0006_ndvi_preview.png,Day 1\Tray 5\DJI_20260618124449_0006_ndre_preview.png,Day 1\Tray 5\DJI_20260618124449_0006_ndvi_square_overlay.png,Day 1\Tray 5\DJI_20260618124449_0006_ndre_square_overlay.png,PASS,Relative NDVI and NDRE calculated from aligned MS bands inside Script 06 square zones.
1,Day 1,Tray 6,6,DJI_20260618123542_0001,PASS_AUTO,70,70,70,0.2948484016316278,0.3614085912704468,-0.06895292443888527,-0.04859769716858864,Day 1\Tray 6\DJI_20260618123542_0001_relative_indices.npz,Day 1\Tray 6\DJI_20260618123542_0001_ndvi_preview.png,Day 1\Tray 6\DJI_20260618123542_0001_ndre_preview.png,Day 1\Tray 6\DJI_20260618123542_0001_ndvi_square_overlay.png,Day 1\Tray 6\DJI_20260618123542_0001_ndre_square_overlay.png,PASS,Relative NDVI and NDRE calculated from aligned MS bands inside Script 06 square zones.
1,Day 1,Tray 7,7,DJI_20260618123812_0002,PASS_AUTO,70,70,70,0.3049603432416916,0.3815537691116333,-0.058768357868705476,-0.0224485220387578,Day 1\Tray 7\DJI_20260618123812_0002_relative_indices.npz,Day 1\Tray 7\DJI_20260618123812_0002_ndvi_preview.png,Day 1\Tray 7\DJI_20260618123812_0002_ndre_preview.png,Day 1\Tray 7\DJI_20260618123812_0002_ndvi_square_overlay.png,Day 1\Tray 7\DJI_20260618123812_0002_ndre_square_overlay.png,PASS,Relative NDVI and NDRE calculated from aligned MS bands inside Script 06 square zones.
1,Day 1,Tray 8,8,DJI_20260618124121_0003,PASS_AUTO,70,70,70,0.3037639630692346,0.34902797639369965,-0.05066684161179832,-0.05311544984579086,Day 1\Tray 8\DJI_20260618124121_0003_relative_indices.npz,Day 1\Tray 8\DJI_20260618124121_0003_ndvi_preview.png,Day 1\Tray 8\DJI_20260618124121_0003_ndre_preview.png,Day 1\Tray 8\DJI_20260618124121_0003_ndvi_square_overlay.png,Day 1\Tray 8\DJI_20260618124121_0003_ndre_square_overlay.png,PASS,Relative NDVI and NDRE calculated from aligned MS bands inside Script 06 square zones.
2,Day 2,Tray 1,1,DJI_20260620131000_0001,PASS_AUTO,70,70,70,0.3093469457966941,0.3223546892404556,-0.05740840674511024,-0.07379883900284767,Day 2\Tray 1\DJI_20260620131000_0001_relative_indices.npz,Day 2\Tray 1\DJI_20260620131000_0001_ndvi_preview.png,Day 2\Tray 1\DJI_20260620131000_0001_ndre_preview.png,Day 2\Tray 1\DJI_20260620131000_0001_ndvi_square_overlay.png,Day 2\Tray 1\DJI_20260620131000_0001_ndre_square_overlay.png,PASS,Relative NDVI and NDRE calculated from aligned MS bands inside Script 06 square zones.
2,Day 2,Tray 2,2,DJI_20260620131052_0002,PASS_AUTO,70,70,70,0.31756889245339803,0.3355342447757721,-0.0505060212819704,-0.07462538033723831,Day 2\Tray 2\DJI_20260620131052_0002_relative_indices.npz,Day 2\Tray 2\DJI_20260620131052_0002_ndvi_preview.png,Day 2\Tray 2\DJI_20260620131052_0002_ndre_preview.png,Day 2\Tray 2\DJI_20260620131052_0002_ndvi_square_overlay.png,Day 2\Tray 2\DJI_20260620131052_0002_ndre_square_overlay.png,PASS,Relative NDVI and NDRE calculated from aligned MS bands inside Script 06 square zones.
2,Day 2,Tray 3,3,DJI_20260620131152_0003,PASS_AUTO,70,70,70,0.31690377593040464,0.34656232595443726,-0.05532250892637031,-0.07015275210142136,Day 2\Tray 3\DJI_20260620131152_0003_relative_indices.npz,Day 2\Tray 3\DJI_20260620131152_0003_ndvi_preview.png,Day 2\Tray 3\DJI_20260620131152_0003_ndre_preview.png,Day 2\Tray 3\DJI_20260620131152_0003_ndvi_square_overlay.png,Day 2\Tray 3\DJI_20260620131152_0003_ndre_square_overlay.png,PASS,Relative NDVI and NDRE calculated from aligned MS bands inside Script 06 square zones.
2,Day 2,Tray 4,4,DJI_20260620131233_0004,PASS_AUTO,70,70,70,0.3041418216058186,0.3495296239852905,-0.07316147940499441,-0.08037823438644409,Day 2\Tray 4\DJI_20260620131233_0004_relative_indices.npz,Day 2\Tray 4\DJI_20260620131233_0004_ndvi_preview.png,Day 2\Tray 4\DJI_20260620131233_0004_ndre_preview.png,Day 2\Tray 4\DJI_20260620131233_0004_ndvi_square_overlay.png,Day 2\Tray 4\DJI_20260620131233_0004_ndre_square_overlay.png,PASS,Relative NDVI and NDRE calculated from aligned MS bands inside Script 06 square zones.
2,Day 2,Tray 5,5,DJI_20260620131340_0005,PASS_AUTO,70,70,70,0.3046019119875772,0.30696961283683777,-0.057779036781617575,-0.08815530687570572,Day 2\Tray 5\DJI_20260620131340_0005_relative_indices.npz,Day 2\Tray 5\DJI_20260620131340_0005_ndvi_preview.png,Day 2\Tray 5\DJI_20260620131340_0005_ndre_preview.png,Day 2\Tray 5\DJI_20260620131340_0005_ndvi_square_overlay.png,Day 2\Tray 5\DJI_20260620131340_0005_ndre_square_overlay.png,PASS,Relative NDVI and NDRE calculated from aligned MS bands inside Script 06 square zones.
2,Day 2,Tray 6,6,DJI_20260620131437_0006,PASS_AUTO,70,70,70,0.3046032977955682,0.34946779906749725,-0.06766189927501338,-0.07123645767569542,Day 2\Tray 6\DJI_20260620131437_0006_relative_indices.npz,Day 2\Tray 6\DJI_20260620131437_0006_ndvi_preview.png,Day 2\Tray 6\DJI_20260620131437_0006_ndre_preview.png,Day 2\Tray 6\DJI_20260620131437_0006_ndvi_square_overlay.png,Day 2\Tray 6\DJI_20260620131437_0006_ndre_square_overlay.png,PASS,Relative NDVI and NDRE calculated from aligned MS bands inside Script 06 square zones.
2,Day 2,Tray 7,7,DJI_20260620131539_0007,PASS_AUTO,70,70,70,0.30394152253866197,0.35986000299453735,-0.07104809566267899,-0.08140180632472038,Day 2\Tray 7\DJI_20260620131539_0007_relative_indices.npz,Day 2\Tray 7\DJI_20260620131539_0007_ndvi_preview.png,Day 2\Tray 7\DJI_20260620131539_0007_ndre_preview.png,Day 2\Tray 7\DJI_20260620131539_0007_ndvi_square_overlay.png,Day 2\Tray 7\DJI_20260620131539_0007_ndre_square_overlay.png,PASS,Relative NDVI and NDRE calculated from aligned MS bands inside Script 06 square zones.
2,Day 2,Tray 8,8,DJI_20260620131623_0008,PASS_AUTO,70,70,70,0.31039314972502846,0.34988532960414886,-0.051177409144916704,-0.06837927550077438,Day 2\Tray 8\DJI_20260620131623_0008_relative_indices.npz,Day 2\Tray 8\DJI_20260620131623_0008_ndvi_preview.png,Day 2\Tray 8\DJI_20260620131623_0008_ndre_preview.png,Day 2\Tray 8\DJI_20260620131623_0008_ndvi_square_overlay.png,Day 2\Tray 8\DJI_20260620131623_0008_ndre_square_overlay.png,PASS,Relative NDVI and NDRE calculated from aligned MS bands inside Script 06 square zones.
3,Day 3,Tray 1,1,DJI_20260621125425_0001,PASS_AUTO,70,70,70,0.30491973289421626,0.31717096269130707,-0.052285072420324596,-0.07822049781680107,Day 3\Tray 1\DJI_20260621125425_0001_relative_indices.npz,Day 3\Tray 1\DJI_20260621125425_0001_ndvi_preview.png,Day 3\Tray 1\DJI_20260621125425_0001_ndre_preview.png,Day 3\Tray 1\DJI_20260621125425_0001_ndvi_square_overlay.png,Day 3\Tray 1\DJI_20260621125425_0001_ndre_square_overlay.png,PASS,Relative NDVI and NDRE calculated from aligned MS bands inside Script 06 square zones.
3,Day 3,Tray 3,3,DJI_20260621125701_0003,PASS_AUTO,70,70,70,0.3037981595311846,0.31815654039382935,-0.06027276050299406,-0.07561120763421059,Day 3\Tray 3\DJI_20260621125701_0003_relative_indices.npz,Day 3\Tray 3\DJI_20260621125701_0003_ndvi_preview.png,Day 3\Tray 3\DJI_20260621125701_0003_ndre_preview.png,Day 3\Tray 3\DJI_20260621125701_0003_ndvi_square_overlay.png,Day 3\Tray 3\DJI_20260621125701_0003_ndre_square_overlay.png,PASS,Relative NDVI and NDRE calculated from aligned MS bands inside Script 06 square zones.
3,Day 3,Tray 4,4,DJI_20260621125808_0004,PASS_AUTO,70,70,70,0.30128541652645385,0.3266487270593643,-0.07203008665570192,-0.08574318513274193,Day 3\Tray 4\DJI_20260621125808_0004_relative_indices.npz,Day 3\Tray 4\DJI_20260621125808_0004_ndvi_preview.png,Day 3\Tray 4\DJI_20260621125808_0004_ndre_preview.png,Day 3\Tray 4\DJI_20260621125808_0004_ndvi_square_overlay.png,Day 3\Tray 4\DJI_20260621125808_0004_ndre_square_overlay.png,PASS,Relative NDVI and NDRE calculated from aligned MS bands inside Script 06 square zones.
3,Day 3,Tray 5,5,DJI_20260621125931_0005,PASS_AUTO,70,70,70,0.298373404783862,0.2845550775527954,-0.0657250558026135,-0.09341003745794296,Day 3\Tray 5\DJI_20260621125931_0005_relative_indices.npz,Day 3\Tray 5\DJI_20260621125931_0005_ndvi_preview.png,Day 3\Tray 5\DJI_20260621125931_0005_ndre_preview.png,Day 3\Tray 5\DJI_20260621125931_0005_ndvi_square_overlay.png,Day 3\Tray 5\DJI_20260621125931_0005_ndre_square_overlay.png,PASS,Relative NDVI and NDRE calculated from aligned MS bands inside Script 06 square zones.
3,Day 3,Tray 6,6,DJI_20260621125958_0006,PASS_AUTO,70,70,70,0.30736848371369496,0.3437298834323883,-0.06893494491066252,-0.08148374408483505,Day 3\Tray 6\DJI_20260621125958_0006_relative_indices.npz,Day 3\Tray 6\DJI_20260621125958_0006_ndvi_preview.png,Day 3\Tray 6\DJI_20260621125958_0006_ndre_preview.png,Day 3\Tray 6\DJI_20260621125958_0006_ndvi_square_overlay.png,Day 3\Tray 6\DJI_20260621125958_0006_ndre_square_overlay.png,PASS,Relative NDVI and NDRE calculated from aligned MS bands inside Script 06 square zones.
3,Day 3,Tray 7,7,DJI_20260621130023_0008,PASS_AUTO,70,70,70,0.3040436804294586,0.3552449494600296,-0.06346497195107596,-0.07999269664287567,Day 3\Tray 7\DJI_20260621130023_0008_relative_indices.npz,Day 3\Tray 7\DJI_20260621130023_0008_ndvi_preview.png,Day 3\Tray 7\DJI_20260621130023_0008_ndre_preview.png,Day 3\Tray 7\DJI_20260621130023_0008_ndvi_square_overlay.png,Day 3\Tray 7\DJI_20260621130023_0008_ndre_square_overlay.png,PASS,Relative NDVI and NDRE calculated from aligned MS bands inside Script 06 square zones.
3,Day 3,Tray 8,8,DJI_20260621130058_0009,PASS_AUTO,70,70,70,0.3088940032890865,0.3532019704580307,-0.05700980742861118,-0.08858978748321533,Day 3\Tray 8\DJI_20260621130058_0009_relative_indices.npz,Day 3\Tray 8\DJI_20260621130058_0009_ndvi_preview.png,Day 3\Tray 8\DJI_20260621130058_0009_ndre_preview.png,Day 3\Tray 8\DJI_20260621130058_0009_ndvi_square_overlay.png,Day 3\Tray 8\DJI_20260621130058_0009_ndre_square_overlay.png,PASS,Relative NDVI and NDRE calculated from aligned MS bands inside Script 06 square zones.
4,Day 4,Tray 1,1,DJI_20260622122222_0001,PASS_AUTO,70,70,70,0.3010348875607763,0.30924804508686066,-0.05460828609232392,-0.10050466656684875,Day 4\Tray 1\DJI_20260622122222_0001_relative_indices.npz,Day 4\Tray 1\DJI_20260622122222_0001_ndvi_preview.png,Day 4\Tray 1\DJI_20260622122222_0001_ndre_preview.png,Day 4\Tray 1\DJI_20260622122222_0001_ndvi_square_overlay.png,Day 4\Tray 1\DJI_20260622122222_0001_ndre_square_overlay.png,PASS,Relative NDVI and NDRE calculated from aligned MS bands inside Script 06 square zones.
4,Day 4,Tray 2,2,DJI_20260622122329_0002,PASS_AUTO,70,70,70,0.3041626038295882,0.2957330346107483,-0.05832004090771079,-0.10707396641373634,Day 4\Tray 2\DJI_20260622122329_0002_relative_indices.npz,Day 4\Tray 2\DJI_20260622122329_0002_ndvi_preview.png,Day 4\Tray 2\DJI_20260622122329_0002_ndre_preview.png,Day 4\Tray 2\DJI_20260622122329_0002_ndvi_square_overlay.png,Day 4\Tray 2\DJI_20260622122329_0002_ndre_square_overlay.png,PASS,Relative NDVI and NDRE calculated from aligned MS bands inside Script 06 square zones.
4,Day 4,Tray 3,3,DJI_20260622122437_0003,PASS_AUTO,70,70,70,0.29077482798269816,0.30474232137203217,-0.06995841940598828,-0.09861128404736519,Day 4\Tray 3\DJI_20260622122437_0003_relative_indices.npz,Day 4\Tray 3\DJI_20260622122437_0003_ndvi_preview.png,Day 4\Tray 3\DJI_20260622122437_0003_ndre_preview.png,Day 4\Tray 3\DJI_20260622122437_0003_ndvi_square_overlay.png,Day 4\Tray 3\DJI_20260622122437_0003_ndre_square_overlay.png,PASS,Relative NDVI and NDRE calculated from aligned MS bands inside Script 06 square zones.
4,Day 4,Tray 4,4,DJI_20260622122526_0004,PASS_AUTO,70,70,70,0.30107560881546563,0.3359178751707077,-0.06941048721117633,-0.09177207574248314,Day 4\Tray 4\DJI_20260622122526_0004_relative_indices.npz,Day 4\Tray 4\DJI_20260622122526_0004_ndvi_preview.png,Day 4\Tray 4\DJI_20260622122526_0004_ndre_preview.png,Day 4\Tray 4\DJI_20260622122526_0004_ndvi_square_overlay.png,Day 4\Tray 4\DJI_20260622122526_0004_ndre_square_overlay.png,PASS,Relative NDVI and NDRE calculated from aligned MS bands inside Script 06 square zones.
4,Day 4,Tray 5,5,DJI_20260622122624_0005,PASS_AUTO,70,70,70,0.300008180311748,0.30057480931282043,-0.05884132834949664,-0.10499286279082298,Day 4\Tray 5\DJI_20260622122624_0005_relative_indices.npz,Day 4\Tray 5\DJI_20260622122624_0005_ndvi_preview.png,Day 4\Tray 5\DJI_20260622122624_0005_ndre_preview.png,Day 4\Tray 5\DJI_20260622122624_0005_ndvi_square_overlay.png,Day 4\Tray 5\DJI_20260622122624_0005_ndre_square_overlay.png,PASS,Relative NDVI and NDRE calculated from aligned MS bands inside Script 06 square zones.
4,Day 4,Tray 6,6,DJI_20260622122657_0006,PASS_AUTO,70,70,70,0.29774168133735657,0.32607997953891754,-0.07205880720700536,-0.09022204577922821,Day 4\Tray 6\DJI_20260622122657_0006_relative_indices.npz,Day 4\Tray 6\DJI_20260622122657_0006_ndvi_preview.png,Day 4\Tray 6\DJI_20260622122657_0006_ndre_preview.png,Day 4\Tray 6\DJI_20260622122657_0006_ndvi_square_overlay.png,Day 4\Tray 6\DJI_20260622122657_0006_ndre_square_overlay.png,PASS,Relative NDVI and NDRE calculated from aligned MS bands inside Script 06 square zones.
4,Day 4,Tray 7,7,DJI_20260622122752_0007,PASS_AUTO,70,70,70,0.2940101023231234,0.33640651404857635,-0.06976169086992741,-0.08411382138729095,Day 4\Tray 7\DJI_20260622122752_0007_relative_indices.npz,Day 4\Tray 7\DJI_20260622122752_0007_ndvi_preview.png,Day 4\Tray 7\DJI_20260622122752_0007_ndre_preview.png,Day 4\Tray 7\DJI_20260622122752_0007_ndvi_square_overlay.png,Day 4\Tray 7\DJI_20260622122752_0007_ndre_square_overlay.png,PASS,Relative NDVI and NDRE calculated from aligned MS bands inside Script 06 square zones.
4,Day 4,Tray 8,8,DJI_20260622122838_0008,PASS_AUTO,70,70,70,0.29988921348537717,0.33067142963409424,-0.05655815907354866,-0.08946862816810608,Day 4\Tray 8\DJI_20260622122838_0008_relative_indices.npz,Day 4\Tray 8\DJI_20260622122838_0008_ndvi_preview.png,Day 4\Tray 8\DJI_20260622122838_0008_ndre_preview.png,Day 4\Tray 8\DJI_20260622122838_0008_ndvi_square_overlay.png,Day 4\Tray 8\DJI_20260622122838_0008_ndre_square_overlay.png,PASS,Relative NDVI and NDRE calculated from aligned MS bands inside Script 06 square zones.
5,Day 5,Tray 1,1,DJI_20260623123614_0001,PASS_AUTO,70,70,70,0.29366963782480787,0.28667256236076355,-0.06888520270586014,-0.09669248759746552,Day 5\Tray 1\DJI_20260623123614_0001_relative_indices.npz,Day 5\Tray 1\DJI_20260623123614_0001_ndvi_preview.png,Day 5\Tray 1\DJI_20260623123614_0001_ndre_preview.png,Day 5\Tray 1\DJI_20260623123614_0001_ndvi_square_overlay.png,Day 5\Tray 1\DJI_20260623123614_0001_ndre_square_overlay.png,PASS,Relative NDVI and NDRE calculated from aligned MS bands inside Script 06 square zones.
5,Day 5,Tray 2,2,DJI_20260623123731_0002,PASS_AUTO,70,70,70,0.29831171376364574,0.2919921576976776,-0.05994825924613646,-0.09455408155918121,Day 5\Tray 2\DJI_20260623123731_0002_relative_indices.npz,Day 5\Tray 2\DJI_20260623123731_0002_ndvi_preview.png,Day 5\Tray 2\DJI_20260623123731_0002_ndre_preview.png,Day 5\Tray 2\DJI_20260623123731_0002_ndvi_square_overlay.png,Day 5\Tray 2\DJI_20260623123731_0002_ndre_square_overlay.png,PASS,Relative NDVI and NDRE calculated from aligned MS bands inside Script 06 square zones.
5,Day 5,Tray 3,3,DJI_20260623123926_0003,PASS_AUTO,70,70,70,0.3050131010157721,0.3312070816755295,-0.06938374385769878,-0.09230918064713478,Day 5\Tray 3\DJI_20260623123926_0003_relative_indices.npz,Day 5\Tray 3\DJI_20260623123926_0003_ndvi_preview.png,Day 5\Tray 3\DJI_20260623123926_0003_ndre_preview.png,Day 5\Tray 3\DJI_20260623123926_0003_ndvi_square_overlay.png,Day 5\Tray 3\DJI_20260623123926_0003_ndre_square_overlay.png,PASS,Relative NDVI and NDRE calculated from aligned MS bands inside Script 06 square zones.
5,Day 5,Tray 4,4,DJI_20260623123956_0004,PASS_AUTO,70,70,70,0.29370128022772923,0.3124147355556488,-0.07750972269901207,-0.10058456286787987,Day 5\Tray 4\DJI_20260623123956_0004_relative_indices.npz,Day 5\Tray 4\DJI_20260623123956_0004_ndvi_preview.png,Day 5\Tray 4\DJI_20260623123956_0004_ndre_preview.png,Day 5\Tray 4\DJI_20260623123956_0004_ndvi_square_overlay.png,Day 5\Tray 4\DJI_20260623123956_0004_ndre_square_overlay.png,PASS,Relative NDVI and NDRE calculated from aligned MS bands inside Script 06 square zones.
5,Day 5,Tray 5,5,DJI_20260623124057_0005,PASS_AUTO,70,70,70,0.296943359715598,0.28875871002674103,-0.06561029870063066,-0.09061859548091888,Day 5\Tray 5\DJI_20260623124057_0005_relative_indices.npz,Day 5\Tray 5\DJI_20260623124057_0005_ndvi_preview.png,Day 5\Tray 5\DJI_20260623124057_0005_ndre_preview.png,Day 5\Tray 5\DJI_20260623124057_0005_ndvi_square_overlay.png,Day 5\Tray 5\DJI_20260623124057_0005_ndre_square_overlay.png,PASS,Relative NDVI and NDRE calculated from aligned MS bands inside Script 06 square zones.
5,Day 5,Tray 6,6,DJI_20260623124159_0006,PASS_AUTO,70,70,70,0.2949225263936179,0.32262061536312103,-0.06672075454677855,-0.058276332914829254,Day 5\Tray 6\DJI_20260623124159_0006_relative_indices.npz,Day 5\Tray 6\DJI_20260623124159_0006_ndvi_preview.png,Day 5\Tray 6\DJI_20260623124159_0006_ndre_preview.png,Day 5\Tray 6\DJI_20260623124159_0006_ndvi_square_overlay.png,Day 5\Tray 6\DJI_20260623124159_0006_ndre_square_overlay.png,PASS,Relative NDVI and NDRE calculated from aligned MS bands inside Script 06 square zones.
5,Day 5,Tray 7,7,DJI_20260623124307_0007,PASS_AUTO,70,70,70,0.2653583769287382,0.29627519845962524,-0.07383373448891299,-0.10377984866499901,Day 5\Tray 7\DJI_20260623124307_0007_relative_indices.npz,Day 5\Tray 7\DJI_20260623124307_0007_ndvi_preview.png,Day 5\Tray 7\DJI_20260623124307_0007_ndre_preview.png,Day 5\Tray 7\DJI_20260623124307_0007_ndvi_square_overlay.png,Day 5\Tray 7\DJI_20260623124307_0007_ndre_square_overlay.png,PASS,Relative NDVI and NDRE calculated from aligned MS bands inside Script 06 square zones.
5,Day 5,Tray 8,8,DJI_20260623124403_0008,PASS_AUTO,70,70,70,0.30254720577171873,0.3189322203397751,-0.04883008584646242,-0.06947306171059608,Day 5\Tray 8\DJI_20260623124403_0008_relative_indices.npz,Day 5\Tray 8\DJI_20260623124403_0008_ndvi_preview.png,Day 5\Tray 8\DJI_20260623124403_0008_ndre_preview.png,Day 5\Tray 8\DJI_20260623124403_0008_ndvi_square_overlay.png,Day 5\Tray 8\DJI_20260623124403_0008_ndre_square_overlay.png,PASS,Relative NDVI and NDRE calculated from aligned MS bands inside Script 06 square zones.
9,Day 9,Tray 1,1,DJI_20260627101229_0001,PASS_AUTO,70,70,70,0.3006910115480423,0.2998502403497696,-0.07368644486580576,-0.10668210685253143,Day 9\Tray 1\DJI_20260627101229_0001_relative_indices.npz,Day 9\Tray 1\DJI_20260627101229_0001_ndvi_preview.png,Day 9\Tray 1\DJI_20260627101229_0001_ndre_preview.png,Day 9\Tray 1\DJI_20260627101229_0001_ndvi_square_overlay.png,Day 9\Tray 1\DJI_20260627101229_0001_ndre_square_overlay.png,PASS,Relative NDVI and NDRE calculated from aligned MS bands inside Script 06 square zones.
9,Day 9,Tray 2,2,DJI_20260627101425_0002,PASS_AUTO,70,70,70,0.2972454356295722,0.2845454514026642,-0.07823926024138927,-0.11631596833467484,Day 9\Tray 2\DJI_20260627101425_0002_relative_indices.npz,Day 9\Tray 2\DJI_20260627101425_0002_ndvi_preview.png,Day 9\Tray 2\DJI_20260627101425_0002_ndre_preview.png,Day 9\Tray 2\DJI_20260627101425_0002_ndvi_square_overlay.png,Day 9\Tray 2\DJI_20260627101425_0002_ndre_square_overlay.png,PASS,Relative NDVI and NDRE calculated from aligned MS bands inside Script 06 square zones.
9,Day 9,Tray 3,3,DJI_20260627101610_0003,PASS_AUTO,70,70,70,0.2954093128442764,0.30975158512592316,-0.09040992387703486,-0.12281903997063637,Day 9\Tray 3\DJI_20260627101610_0003_relative_indices.npz,Day 9\Tray 3\DJI_20260627101610_0003_ndvi_preview.png,Day 9\Tray 3\DJI_20260627101610_0003_ndre_preview.png,Day 9\Tray 3\DJI_20260627101610_0003_ndvi_square_overlay.png,Day 9\Tray 3\DJI_20260627101610_0003_ndre_square_overlay.png,PASS,Relative NDVI and NDRE calculated from aligned MS bands inside Script 06 square zones.
9,Day 9,Tray 4,4,DJI_20260627101707_0004,PASS_AUTO,70,70,70,0.3074565448931285,0.32421931624412537,-0.09181092865765095,-0.12267693132162094,Day 9\Tray 4\DJI_20260627101707_0004_relative_indices.npz,Day 9\Tray 4\DJI_20260627101707_0004_ndvi_preview.png,Day 9\Tray 4\DJI_20260627101707_0004_ndre_preview.png,Day 9\Tray 4\DJI_20260627101707_0004_ndvi_square_overlay.png,Day 9\Tray 4\DJI_20260627101707_0004_ndre_square_overlay.png,PASS,Relative NDVI and NDRE calculated from aligned MS bands inside Script 06 square zones.
9,Day 9,Tray 5,5,DJI_20260627101808_0005,PASS_AUTO,70,70,70,0.2970888729606356,0.290419265627861,-0.0848321291485003,-0.1299007534980774,Day 9\Tray 5\DJI_20260627101808_0005_relative_indices.npz,Day 9\Tray 5\DJI_20260627101808_0005_ndvi_preview.png,Day 9\Tray 5\DJI_20260627101808_0005_ndre_preview.png,Day 9\Tray 5\DJI_20260627101808_0005_ndvi_square_overlay.png,Day 9\Tray 5\DJI_20260627101808_0005_ndre_square_overlay.png,PASS,Relative NDVI and NDRE calculated from aligned MS bands inside Script 06 square zones.
9,Day 9,Tray 6,6,DJI_20260627101858_0006,PASS_AUTO,70,70,70,0.307199724657195,0.33038994669914246,-0.07521379286689418,-0.10575205832719803,Day 9\Tray 6\DJI_20260627101858_0006_relative_indices.npz,Day 9\Tray 6\DJI_20260627101858_0006_ndvi_preview.png,Day 9\Tray 6\DJI_20260627101858_0006_ndre_preview.png,Day 9\Tray 6\DJI_20260627101858_0006_ndvi_square_overlay.png,Day 9\Tray 6\DJI_20260627101858_0006_ndre_square_overlay.png,PASS,Relative NDVI and NDRE calculated from aligned MS bands inside Script 06 square zones.
9,Day 9,Tray 7,7,DJI_20260627101933_0007,PASS_AUTO,70,70,70,0.3089948671204703,0.3392619490623474,-0.08198687891874995,-0.11588394269347191,Day 9\Tray 7\DJI_20260627101933_0007_relative_indices.npz,Day 9\Tray 7\DJI_20260627101933_0007_ndvi_preview.png,Day 9\Tray 7\DJI_20260627101933_0007_ndre_preview.png,Day 9\Tray 7\DJI_20260627101933_0007_ndvi_square_overlay.png,Day 9\Tray 7\DJI_20260627101933_0007_ndre_square_overlay.png,PASS,Relative NDVI and NDRE calculated from aligned MS bands inside Script 06 square zones.
9,Day 9,Tray 8,8,DJI_20260627102037_0008,PASS_AUTO,70,70,70,0.30003495067358016,0.31691548228263855,-0.0874217753963811,-0.1326102539896965,Day 9\Tray 8\DJI_20260627102037_0008_relative_indices.npz,Day 9\Tray 8\DJI_20260627102037_0008_ndvi_preview.png,Day 9\Tray 8\DJI_20260627102037_0008_ndre_preview.png,Day 9\Tray 8\DJI_20260627102037_0008_ndvi_square_overlay.png,Day 9\Tray 8\DJI_20260627102037_0008_ndre_square_overlay.png,PASS,Relative NDVI and NDRE calculated from aligned MS bands inside Script 06 square zones.
