day,tray,tray_no,treatment,environment,capture_id,total_pixels,valid_pixels,valid_percent,ndvi_mean,ndre_mean,ndvi_path,ndre_path,preview_path,status,notes
Fifth Day,Tray 1,1,No Microbes,Inside,DJI_20260623123614_0001,1201375,1201375,100.0,0.26775598526000977,-0.07254736125469208,Analysis\Fifth Day\Tray 1\DJI_20260623123614_0001_NDVI.tif,Analysis\Fifth Day\Tray 1\DJI_20260623123614_0001_NDRE.tif,Analysis\Fifth Day\Tray 1\DJI_20260623123614_0001_index_preview.png,PASS,Unmasked relative index maps created. Use vegetation masking next for plant-only metrics.
Fifth Day,Tray 2,2,No Microbes,Inside,DJI_20260623123731_0002,1188351,1188351,100.0,0.2737952172756195,-0.061735279858112335,Analysis\Fifth Day\Tray 2\DJI_20260623123731_0002_NDVI.tif,Analysis\Fifth Day\Tray 2\DJI_20260623123731_0002_NDRE.tif,Analysis\Fifth Day\Tray 2\DJI_20260623123731_0002_index_preview.png,PASS,Unmasked relative index maps created. Use vegetation masking next for plant-only metrics.
Fifth Day,Tray 3,3,No Microbes,Outside,DJI_20260623123926_0003,1187790,1187790,100.0,0.271293580532074,-0.07722993195056915,Analysis\Fifth Day\Tray 3\DJI_20260623123926_0003_NDVI.tif,Analysis\Fifth Day\Tray 3\DJI_20260623123926_0003_NDRE.tif,Analysis\Fifth Day\Tray 3\DJI_20260623123926_0003_index_preview.png,PASS,Unmasked relative index maps created. Use vegetation masking next for plant-only metrics.
Fifth Day,Tray 4,4,No Microbes,Outside,DJI_20260623123956_0004,1203867,1203867,100.0,0.26840364933013916,-0.07132287323474884,Analysis\Fifth Day\Tray 4\DJI_20260623123956_0004_NDVI.tif,Analysis\Fifth Day\Tray 4\DJI_20260623123956_0004_NDRE.tif,Analysis\Fifth Day\Tray 4\DJI_20260623123956_0004_index_preview.png,PASS,Unmasked relative index maps created. Use vegetation masking next for plant-only metrics.
Fifth Day,Tray 5,5,Microbes,Inside,DJI_20260623124057_0005,1193500,1193500,100.0,0.2731311023235321,-0.06080221012234688,Analysis\Fifth Day\Tray 5\DJI_20260623124057_0005_NDVI.tif,Analysis\Fifth Day\Tray 5\DJI_20260623124057_0005_NDRE.tif,Analysis\Fifth Day\Tray 5\DJI_20260623124057_0005_index_preview.png,PASS,Unmasked relative index maps created. Use vegetation masking next for plant-only metrics.
Fifth Day,Tray 6,6,Microbes,Outside,DJI_20260623124159_0006,1183526,1183526,100.0,0.26950976252555847,-0.0503985732793808,Analysis\Fifth Day\Tray 6\DJI_20260623124159_0006_NDVI.tif,Analysis\Fifth Day\Tray 6\DJI_20260623124159_0006_NDRE.tif,Analysis\Fifth Day\Tray 6\DJI_20260623124159_0006_index_preview.png,PASS,Unmasked relative index maps created. Use vegetation masking next for plant-only metrics.
Fifth Day,Tray 7,7,Microbes,Outside,DJI_20260623124307_0007,1213520,1213520,100.0,0.23737922310829163,-0.07480126619338989,Analysis\Fifth Day\Tray 7\DJI_20260623124307_0007_NDVI.tif,Analysis\Fifth Day\Tray 7\DJI_20260623124307_0007_NDRE.tif,Analysis\Fifth Day\Tray 7\DJI_20260623124307_0007_index_preview.png,PASS,Unmasked relative index maps created. Use vegetation masking next for plant-only metrics.
Fifth Day,Tray 8,8,Microbes,Inside,DJI_20260623124403_0008,1171821,1171821,100.0,0.27163565158843994,-0.051614079624414444,Analysis\Fifth Day\Tray 8\DJI_20260623124403_0008_NDVI.tif,Analysis\Fifth Day\Tray 8\DJI_20260623124403_0008_NDRE.tif,Analysis\Fifth Day\Tray 8\DJI_20260623124403_0008_index_preview.png,PASS,Unmasked relative index maps created. Use vegetation masking next for plant-only metrics.
First Day,Tray 1,1,No Microbes,Inside,DJI_20260618124632_0008,1185431,1185431,100.0,0.2529030740261078,-0.08597660064697266,Analysis\First Day\Tray 1\DJI_20260618124632_0008_NDVI.tif,Analysis\First Day\Tray 1\DJI_20260618124632_0008_NDRE.tif,Analysis\First Day\Tray 1\DJI_20260618124632_0008_index_preview.png,PASS,Unmasked relative index maps created. Use vegetation masking next for plant-only metrics.
First Day,Tray 2,2,No Microbes,Inside,DJI_20260618124541_0007,1184388,1184388,100.0,0.26722851395606995,-0.08049522340297699,Analysis\First Day\Tray 2\DJI_20260618124541_0007_NDVI.tif,Analysis\First Day\Tray 2\DJI_20260618124541_0007_NDRE.tif,Analysis\First Day\Tray 2\DJI_20260618124541_0007_index_preview.png,PASS,Unmasked relative index maps created. Use vegetation masking next for plant-only metrics.
First Day,Tray 3,3,No Microbes,Outside,DJI_20260618124235_0004,1180358,1180358,100.0,0.26544398069381714,-0.09020394086837769,Analysis\First Day\Tray 3\DJI_20260618124235_0004_NDVI.tif,Analysis\First Day\Tray 3\DJI_20260618124235_0004_NDRE.tif,Analysis\First Day\Tray 3\DJI_20260618124235_0004_index_preview.png,PASS,Unmasked relative index maps created. Use vegetation masking next for plant-only metrics.
First Day,Tray 4,4,No Microbes,Outside,DJI_20260618124331_0005,1204998,1204998,100.0,0.2575303018093109,-0.08161095529794693,Analysis\First Day\Tray 4\DJI_20260618124331_0005_NDVI.tif,Analysis\First Day\Tray 4\DJI_20260618124331_0005_NDRE.tif,Analysis\First Day\Tray 4\DJI_20260618124331_0005_index_preview.png,PASS,Unmasked relative index maps created. Use vegetation masking next for plant-only metrics.
First Day,Tray 5,5,Microbes,Inside,DJI_20260618124449_0006,1193270,1193270,100.0,0.2685244083404541,-0.07590644806623459,Analysis\First Day\Tray 5\DJI_20260618124449_0006_NDVI.tif,Analysis\First Day\Tray 5\DJI_20260618124449_0006_NDRE.tif,Analysis\First Day\Tray 5\DJI_20260618124449_0006_index_preview.png,PASS,Unmasked relative index maps created. Use vegetation masking next for plant-only metrics.
First Day,Tray 6,6,Microbes,Outside,DJI_20260618123542_0001,1187054,1187054,100.0,0.2542756497859955,-0.08578500896692276,Analysis\First Day\Tray 6\DJI_20260618123542_0001_NDVI.tif,Analysis\First Day\Tray 6\DJI_20260618123542_0001_NDRE.tif,Analysis\First Day\Tray 6\DJI_20260618123542_0001_index_preview.png,PASS,Unmasked relative index maps created. Use vegetation masking next for plant-only metrics.
First Day,Tray 7,7,Microbes,Outside,DJI_20260618123812_0002,1204740,1204740,100.0,0.26380521059036255,-0.07113020867109299,Analysis\First Day\Tray 7\DJI_20260618123812_0002_NDVI.tif,Analysis\First Day\Tray 7\DJI_20260618123812_0002_NDRE.tif,Analysis\First Day\Tray 7\DJI_20260618123812_0002_index_preview.png,PASS,Unmasked relative index maps created. Use vegetation masking next for plant-only metrics.
First Day,Tray 8,8,Microbes,Inside,DJI_20260618124121_0003,1213625,1213625,100.0,0.26684001088142395,-0.06442476063966751,Analysis\First Day\Tray 8\DJI_20260618124121_0003_NDVI.tif,Analysis\First Day\Tray 8\DJI_20260618124121_0003_NDRE.tif,Analysis\First Day\Tray 8\DJI_20260618124121_0003_index_preview.png,PASS,Unmasked relative index maps created. Use vegetation masking next for plant-only metrics.
Fourth Day,Tray 1,1,No Microbes,Inside,DJI_20260622122222_0001,1192518,1192518,100.0,0.2685778737068176,-0.07191039621829987,Analysis\Fourth Day\Tray 1\DJI_20260622122222_0001_NDVI.tif,Analysis\Fourth Day\Tray 1\DJI_20260622122222_0001_NDRE.tif,Analysis\Fourth Day\Tray 1\DJI_20260622122222_0001_index_preview.png,PASS,Unmasked relative index maps created. Use vegetation masking next for plant-only metrics.
Fourth Day,Tray 2,2,No Microbes,Inside,DJI_20260622122329_0002,1191616,1191616,100.0,0.2720203995704651,-0.07095997035503387,Analysis\Fourth Day\Tray 2\DJI_20260622122329_0002_NDVI.tif,Analysis\Fourth Day\Tray 2\DJI_20260622122329_0002_NDRE.tif,Analysis\Fourth Day\Tray 2\DJI_20260622122329_0002_index_preview.png,PASS,Unmasked relative index maps created. Use vegetation masking next for plant-only metrics.
Fourth Day,Tray 3,3,No Microbes,Outside,DJI_20260622122437_0003,1208506,1208506,100.0,0.2558426558971405,-0.08457254618406296,Analysis\Fourth Day\Tray 3\DJI_20260622122437_0003_NDVI.tif,Analysis\Fourth Day\Tray 3\DJI_20260622122437_0003_NDRE.tif,Analysis\Fourth Day\Tray 3\DJI_20260622122437_0003_index_preview.png,PASS,Unmasked relative index maps created. Use vegetation masking next for plant-only metrics.
Fourth Day,Tray 4,4,No Microbes,Outside,DJI_20260622122526_0004,1207500,1207500,100.0,0.2740819752216339,-0.06897145509719849,Analysis\Fourth Day\Tray 4\DJI_20260622122526_0004_NDVI.tif,Analysis\Fourth Day\Tray 4\DJI_20260622122526_0004_NDRE.tif,Analysis\Fourth Day\Tray 4\DJI_20260622122526_0004_index_preview.png,PASS,Unmasked relative index maps created. Use vegetation masking next for plant-only metrics.
Fourth Day,Tray 5,5,Microbes,Inside,DJI_20260622122624_0005,1175550,1175550,100.0,0.2706308960914612,-0.07188218086957932,Analysis\Fourth Day\Tray 5\DJI_20260622122624_0005_NDVI.tif,Analysis\Fourth Day\Tray 5\DJI_20260622122624_0005_NDRE.tif,Analysis\Fourth Day\Tray 5\DJI_20260622122624_0005_index_preview.png,PASS,Unmasked relative index maps created. Use vegetation masking next for plant-only metrics.
Fourth Day,Tray 6,6,Microbes,Outside,DJI_20260622122657_0006,1177666,1177666,100.0,0.2660015821456909,-0.07654176652431488,Analysis\Fourth Day\Tray 6\DJI_20260622122657_0006_NDVI.tif,Analysis\Fourth Day\Tray 6\DJI_20260622122657_0006_NDRE.tif,Analysis\Fourth Day\Tray 6\DJI_20260622122657_0006_index_preview.png,PASS,Unmasked relative index maps created. Use vegetation masking next for plant-only metrics.
Fourth Day,Tray 7,7,Microbes,Outside,DJI_20260622122752_0007,1220931,1220931,100.0,0.2596442997455597,-0.07643460482358932,Analysis\Fourth Day\Tray 7\DJI_20260622122752_0007_NDVI.tif,Analysis\Fourth Day\Tray 7\DJI_20260622122752_0007_NDRE.tif,Analysis\Fourth Day\Tray 7\DJI_20260622122752_0007_index_preview.png,PASS,Unmasked relative index maps created. Use vegetation masking next for plant-only metrics.
Fourth Day,Tray 8,8,Microbes,Inside,DJI_20260622122838_0008,1205613,1205613,100.0,0.26417553424835205,-0.06732611358165741,Analysis\Fourth Day\Tray 8\DJI_20260622122838_0008_NDVI.tif,Analysis\Fourth Day\Tray 8\DJI_20260622122838_0008_NDRE.tif,Analysis\Fourth Day\Tray 8\DJI_20260622122838_0008_index_preview.png,PASS,Unmasked relative index maps created. Use vegetation masking next for plant-only metrics.
Second Day,Tray 1,1,No Microbes,Inside,DJI_20260620131000_0001,1187836,1187836,100.0,0.278594970703125,-0.057378608733415604,Analysis\Second Day\Tray 1\DJI_20260620131000_0001_NDVI.tif,Analysis\Second Day\Tray 1\DJI_20260620131000_0001_NDRE.tif,Analysis\Second Day\Tray 1\DJI_20260620131000_0001_index_preview.png,PASS,Unmasked relative index maps created. Use vegetation masking next for plant-only metrics.
Second Day,Tray 2,2,No Microbes,Inside,DJI_20260620131052_0002,1194726,1194726,100.0,0.28413891792297363,-0.05207366496324539,Analysis\Second Day\Tray 2\DJI_20260620131052_0002_NDVI.tif,Analysis\Second Day\Tray 2\DJI_20260620131052_0002_NDRE.tif,Analysis\Second Day\Tray 2\DJI_20260620131052_0002_index_preview.png,PASS,Unmasked relative index maps created. Use vegetation masking next for plant-only metrics.
Second Day,Tray 3,3,No Microbes,Outside,DJI_20260620131152_0003,1219173,1219173,100.0,0.280896931886673,-0.05651324614882469,Analysis\Second Day\Tray 3\DJI_20260620131152_0003_NDVI.tif,Analysis\Second Day\Tray 3\DJI_20260620131152_0003_NDRE.tif,Analysis\Second Day\Tray 3\DJI_20260620131152_0003_index_preview.png,PASS,Unmasked relative index maps created. Use vegetation masking next for plant-only metrics.
Second Day,Tray 4,4,No Microbes,Outside,DJI_20260620131233_0004,1197678,1197678,100.0,0.2690071761608124,-0.07084153592586517,Analysis\Second Day\Tray 4\DJI_20260620131233_0004_NDVI.tif,Analysis\Second Day\Tray 4\DJI_20260620131233_0004_NDRE.tif,Analysis\Second Day\Tray 4\DJI_20260620131233_0004_index_preview.png,PASS,Unmasked relative index maps created. Use vegetation masking next for plant-only metrics.
Second Day,Tray 5,5,Microbes,Inside,DJI_20260620131340_0005,1211875,1211875,100.0,0.2744269073009491,-0.0602269321680069,Analysis\Second Day\Tray 5\DJI_20260620131340_0005_NDVI.tif,Analysis\Second Day\Tray 5\DJI_20260620131340_0005_NDRE.tif,Analysis\Second Day\Tray 5\DJI_20260620131340_0005_index_preview.png,PASS,Unmasked relative index maps created. Use vegetation masking next for plant-only metrics.
Second Day,Tray 6,6,Microbes,Outside,DJI_20260620131437_0006,1187660,1187660,100.0,0.26890212297439575,-0.06821897625923157,Analysis\Second Day\Tray 6\DJI_20260620131437_0006_NDVI.tif,Analysis\Second Day\Tray 6\DJI_20260620131437_0006_NDRE.tif,Analysis\Second Day\Tray 6\DJI_20260620131437_0006_index_preview.png,PASS,Unmasked relative index maps created. Use vegetation masking next for plant-only metrics.
Second Day,Tray 7,7,Microbes,Outside,DJI_20260620131539_0007,1216661,1216661,100.0,0.26705804467201233,-0.06853944063186646,Analysis\Second Day\Tray 7\DJI_20260620131539_0007_NDVI.tif,Analysis\Second Day\Tray 7\DJI_20260620131539_0007_NDRE.tif,Analysis\Second Day\Tray 7\DJI_20260620131539_0007_index_preview.png,PASS,Unmasked relative index maps created. Use vegetation masking next for plant-only metrics.
Second Day,Tray 8,8,Microbes,Inside,DJI_20260620131623_0008,1197756,1197756,100.0,0.27497008442878723,-0.05027562007308006,Analysis\Second Day\Tray 8\DJI_20260620131623_0008_NDVI.tif,Analysis\Second Day\Tray 8\DJI_20260620131623_0008_NDRE.tif,Analysis\Second Day\Tray 8\DJI_20260620131623_0008_index_preview.png,PASS,Unmasked relative index maps created. Use vegetation masking next for plant-only metrics.
Third Day,Tray 1,1,No Microbes,Inside,DJI_20260621125425_0001,1194264,1194264,100.0,0.2744643986225128,-0.058747317641973495,Analysis\Third Day\Tray 1\DJI_20260621125425_0001_NDVI.tif,Analysis\Third Day\Tray 1\DJI_20260621125425_0001_NDRE.tif,Analysis\Third Day\Tray 1\DJI_20260621125425_0001_index_preview.png,PASS,Unmasked relative index maps created. Use vegetation masking next for plant-only metrics.
Third Day,Tray 2,2,No Microbes,Inside,DJI_20260621125542_0002,1216764,1216764,100.0,0.2598378658294678,-0.05484730005264282,Analysis\Third Day\Tray 2\DJI_20260621125542_0002_NDVI.tif,Analysis\Third Day\Tray 2\DJI_20260621125542_0002_NDRE.tif,Analysis\Third Day\Tray 2\DJI_20260621125542_0002_index_preview.png,PASS,Unmasked relative index maps created. Use vegetation masking next for plant-only metrics.
Third Day,Tray 3,3,No Microbes,Outside,DJI_20260621125701_0003,1176828,1176828,100.0,0.26199042797088623,-0.06549323350191116,Analysis\Third Day\Tray 3\DJI_20260621125701_0003_NDVI.tif,Analysis\Third Day\Tray 3\DJI_20260621125701_0003_NDRE.tif,Analysis\Third Day\Tray 3\DJI_20260621125701_0003_index_preview.png,PASS,Unmasked relative index maps created. Use vegetation masking next for plant-only metrics.
Third Day,Tray 4,4,No Microbes,Outside,DJI_20260621125808_0004,1219328,1219328,100.0,0.2682129740715027,-0.06526380777359009,Analysis\Third Day\Tray 4\DJI_20260621125808_0004_NDVI.tif,Analysis\Third Day\Tray 4\DJI_20260621125808_0004_NDRE.tif,Analysis\Third Day\Tray 4\DJI_20260621125808_0004_index_preview.png,PASS,Unmasked relative index maps created. Use vegetation masking next for plant-only metrics.
Third Day,Tray 5,5,Microbes,Inside,DJI_20260621125931_0005,1204950,1204950,100.0,0.2746187746524811,-0.05576763302087784,Analysis\Third Day\Tray 5\DJI_20260621125931_0005_NDVI.tif,Analysis\Third Day\Tray 5\DJI_20260621125931_0005_NDRE.tif,Analysis\Third Day\Tray 5\DJI_20260621125931_0005_index_preview.png,PASS,Unmasked relative index maps created. Use vegetation masking next for plant-only metrics.
Third Day,Tray 6,6,Microbes,Outside,DJI_20260621125958_0006,1201980,1201980,100.0,0.2684709131717682,-0.07358679920434952,Analysis\Third Day\Tray 6\DJI_20260621125958_0006_NDVI.tif,Analysis\Third Day\Tray 6\DJI_20260621125958_0006_NDRE.tif,Analysis\Third Day\Tray 6\DJI_20260621125958_0006_index_preview.png,PASS,Unmasked relative index maps created. Use vegetation masking next for plant-only metrics.
Third Day,Tray 7,7,Microbes,Outside,DJI_20260621130023_0008,1208592,1208592,100.0,0.26901233196258545,-0.0637563169002533,Analysis\Third Day\Tray 7\DJI_20260621130023_0008_NDVI.tif,Analysis\Third Day\Tray 7\DJI_20260621130023_0008_NDRE.tif,Analysis\Third Day\Tray 7\DJI_20260621130023_0008_index_preview.png,PASS,Unmasked relative index maps created. Use vegetation masking next for plant-only metrics.
Third Day,Tray 8,8,Microbes,Inside,DJI_20260621130058_0009,1216030,1216030,100.0,0.2735900580883026,-0.061110712587833405,Analysis\Third Day\Tray 8\DJI_20260621130058_0009_NDVI.tif,Analysis\Third Day\Tray 8\DJI_20260621130058_0009_NDRE.tif,Analysis\Third Day\Tray 8\DJI_20260621130058_0009_index_preview.png,PASS,Unmasked relative index maps created. Use vegetation masking next for plant-only metrics.
