day,tray,tray_no,treatment,environment,capture_id,D,MS_G,MS_R,MS_RE,MS_NIR,missing_bands,duplicate_bands,ms_dimensions,preview_path,status,notes
Fifth Day,Tray 1,1,No Microbes,Inside,DJI_20260623123614_0001,Fifth Day\Tray 1\DJI_20260623123614_0001_D.JPG,Fifth Day\Tray 1\DJI_20260623123614_0001_MS_G.TIF,Fifth Day\Tray 1\DJI_20260623123614_0001_MS_R.TIF,Fifth Day\Tray 1\DJI_20260623123614_0001_MS_RE.TIF,Fifth Day\Tray 1\DJI_20260623123614_0001_MS_NIR.TIF,,,"[(1373, 875)]",QA\previews\Fifth Day\Tray 1\DJI_20260623123614_0001_preview.png,PASS,All checks passed.
Fifth Day,Tray 2,2,No Microbes,Inside,DJI_20260623123731_0002,Fifth Day\Tray 2\DJI_20260623123731_0002_D.JPG,Fifth Day\Tray 2\DJI_20260623123731_0002_MS_G.TIF,Fifth Day\Tray 2\DJI_20260623123731_0002_MS_R.TIF,Fifth Day\Tray 2\DJI_20260623123731_0002_MS_RE.TIF,Fifth Day\Tray 2\DJI_20260623123731_0002_MS_NIR.TIF,,,"[(1377, 863)]",QA\previews\Fifth Day\Tray 2\DJI_20260623123731_0002_preview.png,PASS,All checks passed.
Fifth Day,Tray 3,3,No Microbes,Outside,DJI_20260623123926_0003,Fifth Day\Tray 3\DJI_20260623123926_0003_D.JPG,Fifth Day\Tray 3\DJI_20260623123926_0003_MS_G.TIF,Fifth Day\Tray 3\DJI_20260623123926_0003_MS_R.TIF,Fifth Day\Tray 3\DJI_20260623123926_0003_MS_RE.TIF,Fifth Day\Tray 3\DJI_20260623123926_0003_MS_NIR.TIF,,,"[(1370, 867)]",QA\previews\Fifth Day\Tray 3\DJI_20260623123926_0003_preview.png,PASS,All checks passed.
Fifth Day,Tray 4,4,No Microbes,Outside,DJI_20260623123956_0004,Fifth Day\Tray 4\DJI_20260623123956_0004_D.JPG,Fifth Day\Tray 4\DJI_20260623123956_0004_MS_G.TIF,Fifth Day\Tray 4\DJI_20260623123956_0004_MS_R.TIF,Fifth Day\Tray 4\DJI_20260623123956_0004_MS_RE.TIF,Fifth Day\Tray 4\DJI_20260623123956_0004_MS_NIR.TIF,,,"[(1379, 873)]",QA\previews\Fifth Day\Tray 4\DJI_20260623123956_0004_preview.png,PASS,All checks passed.
Fifth Day,Tray 5,5,Microbes,Inside,DJI_20260623124057_0005,Fifth Day\Tray 5\DJI_20260623124057_0005_D.JPG,Fifth Day\Tray 5\DJI_20260623124057_0005_MS_G.TIF,Fifth Day\Tray 5\DJI_20260623124057_0005_MS_R.TIF,Fifth Day\Tray 5\DJI_20260623124057_0005_MS_RE.TIF,Fifth Day\Tray 5\DJI_20260623124057_0005_MS_NIR.TIF,,,"[(1364, 875)]",QA\previews\Fifth Day\Tray 5\DJI_20260623124057_0005_preview.png,PASS,All checks passed.
Fifth Day,Tray 6,6,Microbes,Outside,DJI_20260623124159_0006,Fifth Day\Tray 6\DJI_20260623124159_0006_D.JPG,Fifth Day\Tray 6\DJI_20260623124159_0006_MS_G.TIF,Fifth Day\Tray 6\DJI_20260623124159_0006_MS_R.TIF,Fifth Day\Tray 6\DJI_20260623124159_0006_MS_RE.TIF,Fifth Day\Tray 6\DJI_20260623124159_0006_MS_NIR.TIF,,,"[(1373, 862)]",QA\previews\Fifth Day\Tray 6\DJI_20260623124159_0006_preview.png,PASS,All checks passed.
Fifth Day,Tray 7,7,Microbes,Outside,DJI_20260623124307_0007,Fifth Day\Tray 7\DJI_20260623124307_0007_D.JPG,Fifth Day\Tray 7\DJI_20260623124307_0007_MS_G.TIF,Fifth Day\Tray 7\DJI_20260623124307_0007_MS_R.TIF,Fifth Day\Tray 7\DJI_20260623124307_0007_MS_RE.TIF,Fifth Day\Tray 7\DJI_20260623124307_0007_MS_NIR.TIF,,,"[(1379, 880)]",QA\previews\Fifth Day\Tray 7\DJI_20260623124307_0007_preview.png,PASS,All checks passed.
Fifth Day,Tray 8,8,Microbes,Inside,DJI_20260623124403_0008,Fifth Day\Tray 8\DJI_20260623124403_0008_D.JPG,Fifth Day\Tray 8\DJI_20260623124403_0008_MS_G.TIF,Fifth Day\Tray 8\DJI_20260623124403_0008_MS_R.TIF,Fifth Day\Tray 8\DJI_20260623124403_0008_MS_RE.TIF,Fifth Day\Tray 8\DJI_20260623124403_0008_MS_NIR.TIF,,,"[(1361, 861)]",QA\previews\Fifth Day\Tray 8\DJI_20260623124403_0008_preview.png,PASS,All checks passed.
First Day,Tray 1,1,No Microbes,Inside,DJI_20260618124632_0008,First Day\Tray 1\DJI_20260618124632_0008_D.JPG,First Day\Tray 1\DJI_20260618124632_0008_MS_G.TIF,First Day\Tray 1\DJI_20260618124632_0008_MS_R.TIF,First Day\Tray 1\DJI_20260618124632_0008_MS_RE.TIF,First Day\Tray 1\DJI_20260618124632_0008_MS_NIR.TIF,,,"[(1361, 871)]",QA\previews\First Day\Tray 1\DJI_20260618124632_0008_preview.png,PASS,All checks passed.
First Day,Tray 2,2,No Microbes,Inside,DJI_20260618124541_0007,First Day\Tray 2\DJI_20260618124541_0007_D.JPG,First Day\Tray 2\DJI_20260618124541_0007_MS_G.TIF,First Day\Tray 2\DJI_20260618124541_0007_MS_R.TIF,First Day\Tray 2\DJI_20260618124541_0007_MS_RE.TIF,First Day\Tray 2\DJI_20260618124541_0007_MS_NIR.TIF,,,"[(1374, 862)]",QA\previews\First Day\Tray 2\DJI_20260618124541_0007_preview.png,PASS,All checks passed.
First Day,Tray 3,3,No Microbes,Outside,DJI_20260618124235_0004,First Day\Tray 3\DJI_20260618124235_0004_D.JPG,First Day\Tray 3\DJI_20260618124235_0004_MS_G.TIF,First Day\Tray 3\DJI_20260618124235_0004_MS_R.TIF,First Day\Tray 3\DJI_20260618124235_0004_MS_RE.TIF,First Day\Tray 3\DJI_20260618124235_0004_MS_NIR.TIF,,,"[(1363, 866)]",QA\previews\First Day\Tray 3\DJI_20260618124235_0004_preview.png,PASS,All checks passed.
First Day,Tray 4,4,No Microbes,Outside,DJI_20260618124331_0005,First Day\Tray 4\DJI_20260618124331_0005_D.JPG,First Day\Tray 4\DJI_20260618124331_0005_MS_G.TIF,First Day\Tray 4\DJI_20260618124331_0005_MS_R.TIF,First Day\Tray 4\DJI_20260618124331_0005_MS_RE.TIF,First Day\Tray 4\DJI_20260618124331_0005_MS_NIR.TIF,,,"[(1374, 877)]",QA\previews\First Day\Tray 4\DJI_20260618124331_0005_preview.png,PASS,All checks passed.
First Day,Tray 5,5,Microbes,Inside,DJI_20260618124449_0006,First Day\Tray 5\DJI_20260618124449_0006_D.JPG,First Day\Tray 5\DJI_20260618124449_0006_MS_G.TIF,First Day\Tray 5\DJI_20260618124449_0006_MS_R.TIF,First Day\Tray 5\DJI_20260618124449_0006_MS_RE.TIF,First Day\Tray 5\DJI_20260618124449_0006_MS_NIR.TIF,,,"[(1370, 871)]",QA\previews\First Day\Tray 5\DJI_20260618124449_0006_preview.png,PASS,All checks passed.
First Day,Tray 6,6,Microbes,Outside,DJI_20260618123542_0001,First Day\Tray 6\DJI_20260618123542_0001_D.JPG,First Day\Tray 6\DJI_20260618123542_0001_MS_G.TIF,First Day\Tray 6\DJI_20260618123542_0001_MS_R.TIF,First Day\Tray 6\DJI_20260618123542_0001_MS_RE.TIF,First Day\Tray 6\DJI_20260618123542_0001_MS_NIR.TIF,,,"[(1366, 869)]",QA\previews\First Day\Tray 6\DJI_20260618123542_0001_preview.png,PASS,All checks passed.
First Day,Tray 7,7,Microbes,Outside,DJI_20260618123812_0002,First Day\Tray 7\DJI_20260618123812_0002_D.JPG,First Day\Tray 7\DJI_20260618123812_0002_MS_G.TIF,First Day\Tray 7\DJI_20260618123812_0002_MS_R.TIF,First Day\Tray 7\DJI_20260618123812_0002_MS_RE.TIF,First Day\Tray 7\DJI_20260618123812_0002_MS_NIR.TIF,,,"[(1380, 873)]",QA\previews\First Day\Tray 7\DJI_20260618123812_0002_preview.png,PASS,All checks passed.
First Day,Tray 8,8,Microbes,Inside,DJI_20260618124121_0003,First Day\Tray 8\DJI_20260618124121_0003_D.JPG,First Day\Tray 8\DJI_20260618124121_0003_MS_G.TIF,First Day\Tray 8\DJI_20260618124121_0003_MS_R.TIF,First Day\Tray 8\DJI_20260618124121_0003_MS_RE.TIF,First Day\Tray 8\DJI_20260618124121_0003_MS_NIR.TIF,,,"[(1387, 875)]",QA\previews\First Day\Tray 8\DJI_20260618124121_0003_preview.png,PASS,All checks passed.
Fourth Day,Tray 1,1,No Microbes,Inside,DJI_20260622122222_0001,Fourth Day\Tray 1\DJI_20260622122222_0001_D.JPG,Fourth Day\Tray 1\DJI_20260622122222_0001_MS_G.TIF,Fourth Day\Tray 1\DJI_20260622122222_0001_MS_R.TIF,Fourth Day\Tray 1\DJI_20260622122222_0001_MS_RE.TIF,Fourth Day\Tray 1\DJI_20260622122222_0001_MS_NIR.TIF,,,"[(1366, 873)]",QA\previews\Fourth Day\Tray 1\DJI_20260622122222_0001_preview.png,PASS,All checks passed.
Fourth Day,Tray 2,2,No Microbes,Inside,DJI_20260622122329_0002,Fourth Day\Tray 2\DJI_20260622122329_0002_D.JPG,Fourth Day\Tray 2\DJI_20260622122329_0002_MS_G.TIF,Fourth Day\Tray 2\DJI_20260622122329_0002_MS_R.TIF,Fourth Day\Tray 2\DJI_20260622122329_0002_MS_RE.TIF,Fourth Day\Tray 2\DJI_20260622122329_0002_MS_NIR.TIF,,,"[(1376, 866)]",QA\previews\Fourth Day\Tray 2\DJI_20260622122329_0002_preview.png,PASS,All checks passed.
Fourth Day,Tray 3,3,No Microbes,Outside,DJI_20260622122437_0003,Fourth Day\Tray 3\DJI_20260622122437_0003_D.JPG,Fourth Day\Tray 3\DJI_20260622122437_0003_MS_G.TIF,Fourth Day\Tray 3\DJI_20260622122437_0003_MS_R.TIF,Fourth Day\Tray 3\DJI_20260622122437_0003_MS_RE.TIF,Fourth Day\Tray 3\DJI_20260622122437_0003_MS_NIR.TIF,,,"[(1378, 877)]",QA\previews\Fourth Day\Tray 3\DJI_20260622122437_0003_preview.png,PASS,All checks passed.
Fourth Day,Tray 4,4,No Microbes,Outside,DJI_20260622122526_0004,Fourth Day\Tray 4\DJI_20260622122526_0004_D.JPG,Fourth Day\Tray 4\DJI_20260622122526_0004_MS_G.TIF,Fourth Day\Tray 4\DJI_20260622122526_0004_MS_R.TIF,Fourth Day\Tray 4\DJI_20260622122526_0004_MS_RE.TIF,Fourth Day\Tray 4\DJI_20260622122526_0004_MS_NIR.TIF,,,"[(1380, 875)]",QA\previews\Fourth Day\Tray 4\DJI_20260622122526_0004_preview.png,PASS,All checks passed.
Fourth Day,Tray 5,5,Microbes,Inside,DJI_20260622122624_0005,Fourth Day\Tray 5\DJI_20260622122624_0005_D.JPG,Fourth Day\Tray 5\DJI_20260622122624_0005_MS_G.TIF,Fourth Day\Tray 5\DJI_20260622122624_0005_MS_R.TIF,Fourth Day\Tray 5\DJI_20260622122624_0005_MS_RE.TIF,Fourth Day\Tray 5\DJI_20260622122624_0005_MS_NIR.TIF,,,"[(1383, 850)]",QA\previews\Fourth Day\Tray 5\DJI_20260622122624_0005_preview.png,PASS,All checks passed.
Fourth Day,Tray 6,6,Microbes,Outside,DJI_20260622122657_0006,Fourth Day\Tray 6\DJI_20260622122657_0006_D.JPG,Fourth Day\Tray 6\DJI_20260622122657_0006_MS_G.TIF,Fourth Day\Tray 6\DJI_20260622122657_0006_MS_R.TIF,Fourth Day\Tray 6\DJI_20260622122657_0006_MS_RE.TIF,Fourth Day\Tray 6\DJI_20260622122657_0006_MS_NIR.TIF,,,"[(1379, 854)]",QA\previews\Fourth Day\Tray 6\DJI_20260622122657_0006_preview.png,PASS,All checks passed.
Fourth Day,Tray 7,7,Microbes,Outside,DJI_20260622122752_0007,Fourth Day\Tray 7\DJI_20260622122752_0007_D.JPG,Fourth Day\Tray 7\DJI_20260622122752_0007_MS_G.TIF,Fourth Day\Tray 7\DJI_20260622122752_0007_MS_R.TIF,Fourth Day\Tray 7\DJI_20260622122752_0007_MS_RE.TIF,Fourth Day\Tray 7\DJI_20260622122752_0007_MS_NIR.TIF,,,"[(1389, 879)]",QA\previews\Fourth Day\Tray 7\DJI_20260622122752_0007_preview.png,PASS,All checks passed.
Fourth Day,Tray 8,8,Microbes,Inside,DJI_20260622122838_0008,Fourth Day\Tray 8\DJI_20260622122838_0008_D.JPG,Fourth Day\Tray 8\DJI_20260622122838_0008_MS_G.TIF,Fourth Day\Tray 8\DJI_20260622122838_0008_MS_R.TIF,Fourth Day\Tray 8\DJI_20260622122838_0008_MS_RE.TIF,Fourth Day\Tray 8\DJI_20260622122838_0008_MS_NIR.TIF,,,"[(1381, 873)]",QA\previews\Fourth Day\Tray 8\DJI_20260622122838_0008_preview.png,PASS,All checks passed.
Second Day,Tray 1,1,No Microbes,Inside,DJI_20260620131000_0001,Second Day\Tray 1\DJI_20260620131000_0001_D.JPG,Second Day\Tray 1\DJI_20260620131000_0001_MS_G.TIF,Second Day\Tray 1\DJI_20260620131000_0001_MS_R.TIF,Second Day\Tray 1\DJI_20260620131000_0001_MS_RE.TIF,Second Day\Tray 1\DJI_20260620131000_0001_MS_NIR.TIF,,,"[(1378, 862)]",QA\previews\Second Day\Tray 1\DJI_20260620131000_0001_preview.png,PASS,All checks passed.
Second Day,Tray 2,2,No Microbes,Inside,DJI_20260620131052_0002,Second Day\Tray 2\DJI_20260620131052_0002_D.JPG,Second Day\Tray 2\DJI_20260620131052_0002_MS_G.TIF,Second Day\Tray 2\DJI_20260620131052_0002_MS_R.TIF,Second Day\Tray 2\DJI_20260620131052_0002_MS_RE.TIF,Second Day\Tray 2\DJI_20260620131052_0002_MS_NIR.TIF,,,"[(1378, 867)]",QA\previews\Second Day\Tray 2\DJI_20260620131052_0002_preview.png,PASS,All checks passed.
Second Day,Tray 3,3,No Microbes,Outside,DJI_20260620131152_0003,Second Day\Tray 3\DJI_20260620131152_0003_D.JPG,Second Day\Tray 3\DJI_20260620131152_0003_MS_G.TIF,Second Day\Tray 3\DJI_20260620131152_0003_MS_R.TIF,Second Day\Tray 3\DJI_20260620131152_0003_MS_RE.TIF,Second Day\Tray 3\DJI_20260620131152_0003_MS_NIR.TIF,,,"[(1387, 879)]",QA\previews\Second Day\Tray 3\DJI_20260620131152_0003_preview.png,PASS,All checks passed.
Second Day,Tray 4,4,No Microbes,Outside,DJI_20260620131233_0004,Second Day\Tray 4\DJI_20260620131233_0004_D.JPG,Second Day\Tray 4\DJI_20260620131233_0004_MS_G.TIF,Second Day\Tray 4\DJI_20260620131233_0004_MS_R.TIF,Second Day\Tray 4\DJI_20260620131233_0004_MS_RE.TIF,Second Day\Tray 4\DJI_20260620131233_0004_MS_NIR.TIF,,,"[(1383, 866)]",QA\previews\Second Day\Tray 4\DJI_20260620131233_0004_preview.png,PASS,All checks passed.
Second Day,Tray 5,5,Microbes,Inside,DJI_20260620131340_0005,Second Day\Tray 5\DJI_20260620131340_0005_D.JPG,Second Day\Tray 5\DJI_20260620131340_0005_MS_G.TIF,Second Day\Tray 5\DJI_20260620131340_0005_MS_R.TIF,Second Day\Tray 5\DJI_20260620131340_0005_MS_RE.TIF,Second Day\Tray 5\DJI_20260620131340_0005_MS_NIR.TIF,,,"[(1385, 875)]",QA\previews\Second Day\Tray 5\DJI_20260620131340_0005_preview.png,PASS,All checks passed.
Second Day,Tray 6,6,Microbes,Outside,DJI_20260620131437_0006,Second Day\Tray 6\DJI_20260620131437_0006_D.JPG,Second Day\Tray 6\DJI_20260620131437_0006_MS_G.TIF,Second Day\Tray 6\DJI_20260620131437_0006_MS_R.TIF,Second Day\Tray 6\DJI_20260620131437_0006_MS_RE.TIF,Second Day\Tray 6\DJI_20260620131437_0006_MS_NIR.TIF,,,"[(1381, 860)]",QA\previews\Second Day\Tray 6\DJI_20260620131437_0006_preview.png,PASS,All checks passed.
Second Day,Tray 7,7,Microbes,Outside,DJI_20260620131539_0007,Second Day\Tray 7\DJI_20260620131539_0007_D.JPG,Second Day\Tray 7\DJI_20260620131539_0007_MS_G.TIF,Second Day\Tray 7\DJI_20260620131539_0007_MS_R.TIF,Second Day\Tray 7\DJI_20260620131539_0007_MS_RE.TIF,Second Day\Tray 7\DJI_20260620131539_0007_MS_NIR.TIF,,,"[(1381, 881)]",QA\previews\Second Day\Tray 7\DJI_20260620131539_0007_preview.png,PASS,All checks passed.
Second Day,Tray 8,8,Microbes,Inside,DJI_20260620131623_0008,Second Day\Tray 8\DJI_20260620131623_0008_D.JPG,Second Day\Tray 8\DJI_20260620131623_0008_MS_G.TIF,Second Day\Tray 8\DJI_20260620131623_0008_MS_R.TIF,Second Day\Tray 8\DJI_20260620131623_0008_MS_RE.TIF,Second Day\Tray 8\DJI_20260620131623_0008_MS_NIR.TIF,,,"[(1372, 873)]",QA\previews\Second Day\Tray 8\DJI_20260620131623_0008_preview.png,PASS,All checks passed.
Third Day,Tray 1,1,No Microbes,Inside,DJI_20260621125425_0001,Third Day\Tray 1\DJI_20260621125425_0001_D.JPG,Third Day\Tray 1\DJI_20260621125425_0001_MS_G.TIF,Third Day\Tray 1\DJI_20260621125425_0001_MS_R.TIF,Third Day\Tray 1\DJI_20260621125425_0001_MS_RE.TIF,Third Day\Tray 1\DJI_20260621125425_0001_MS_NIR.TIF,,,"[(1368, 873)]",QA\previews\Third Day\Tray 1\DJI_20260621125425_0001_preview.png,PASS,All checks passed.
Third Day,Tray 2,2,No Microbes,Inside,DJI_20260621125542_0002,Third Day\Tray 2\DJI_20260621125542_0002_D.JPG,Third Day\Tray 2\DJI_20260621125542_0002_MS_G.TIF,Third Day\Tray 2\DJI_20260621125542_0002_MS_R.TIF,Third Day\Tray 2\DJI_20260621125542_0002_MS_RE.TIF,Third Day\Tray 2\DJI_20260621125542_0002_MS_NIR.TIF,,,"[(1389, 876)]",QA\previews\Third Day\Tray 2\DJI_20260621125542_0002_preview.png,PASS,All checks passed.
Third Day,Tray 3,3,No Microbes,Outside,DJI_20260621125701_0003,Third Day\Tray 3\DJI_20260621125701_0003_D.JPG,Third Day\Tray 3\DJI_20260621125701_0003_MS_G.TIF,Third Day\Tray 3\DJI_20260621125701_0003_MS_R.TIF,Third Day\Tray 3\DJI_20260621125701_0003_MS_RE.TIF,Third Day\Tray 3\DJI_20260621125701_0003_MS_NIR.TIF,,,"[(1396, 843)]",QA\previews\Third Day\Tray 3\DJI_20260621125701_0003_preview.png,PASS,All checks passed.
Third Day,Tray 4,4,No Microbes,Outside,DJI_20260621125808_0004,Third Day\Tray 4\DJI_20260621125808_0004_D.JPG,Third Day\Tray 4\DJI_20260621125808_0004_MS_G.TIF,Third Day\Tray 4\DJI_20260621125808_0004_MS_R.TIF,Third Day\Tray 4\DJI_20260621125808_0004_MS_RE.TIF,Third Day\Tray 4\DJI_20260621125808_0004_MS_NIR.TIF,,,"[(1408, 866)]",QA\previews\Third Day\Tray 4\DJI_20260621125808_0004_preview.png,PASS,All checks passed.
Third Day,Tray 5,5,Microbes,Inside,DJI_20260621125931_0005,Third Day\Tray 5\DJI_20260621125931_0005_D.JPG,Third Day\Tray 5\DJI_20260621125931_0005_MS_G.TIF,Third Day\Tray 5\DJI_20260621125931_0005_MS_R.TIF,Third Day\Tray 5\DJI_20260621125931_0005_MS_RE.TIF,Third Day\Tray 5\DJI_20260621125931_0005_MS_NIR.TIF,,,"[(1385, 870)]",QA\previews\Third Day\Tray 5\DJI_20260621125931_0005_preview.png,PASS,All checks passed.
Third Day,Tray 6,6,Microbes,Outside,DJI_20260621125958_0006,Third Day\Tray 6\DJI_20260621125958_0006_D.JPG,Third Day\Tray 6\DJI_20260621125958_0006_MS_G.TIF,Third Day\Tray 6\DJI_20260621125958_0006_MS_R.TIF,Third Day\Tray 6\DJI_20260621125958_0006_MS_RE.TIF,Third Day\Tray 6\DJI_20260621125958_0006_MS_NIR.TIF,,,"[(1380, 871)]",QA\previews\Third Day\Tray 6\DJI_20260621125958_0006_preview.png,PASS,All checks passed.
Third Day,Tray 7,7,Microbes,Outside,DJI_20260621130023_0008,Third Day\Tray 7\DJI_20260621130023_0008_D.JPG,Third Day\Tray 7\DJI_20260621130023_0008_MS_G.TIF,Third Day\Tray 7\DJI_20260621130023_0008_MS_R.TIF,Third Day\Tray 7\DJI_20260621130023_0008_MS_RE.TIF,Third Day\Tray 7\DJI_20260621130023_0008_MS_NIR.TIF,,,"[(1386, 872)]",QA\previews\Third Day\Tray 7\DJI_20260621130023_0008_preview.png,PASS,All checks passed.
Third Day,Tray 8,8,Microbes,Inside,DJI_20260621130058_0009,Third Day\Tray 8\DJI_20260621130058_0009_D.JPG,Third Day\Tray 8\DJI_20260621130058_0009_MS_G.TIF,Third Day\Tray 8\DJI_20260621130058_0009_MS_R.TIF,Third Day\Tray 8\DJI_20260621130058_0009_MS_RE.TIF,Third Day\Tray 8\DJI_20260621130058_0009_MS_NIR.TIF,,,"[(1385, 878)]",QA\previews\Third Day\Tray 8\DJI_20260621130058_0009_preview.png,PASS,All checks passed.
