day_order,day,tray,tray_no,logical_key,capture_id,capture_ids_seen,layout_source,status,process_bands,source_d,source_ms_g,source_ms_r,source_ms_re,source_ms_nir,output_d,output_ms_g,output_ms_r,output_ms_re,output_ms_nir,d_crop_width,d_crop_height,ms_crop_width,ms_crop_height,notes
1,Day 1,Tray 1,1,1,DJI_20260629153749_0001,DJI_20260629153749_0001; DJI_20260629153750_0001,tray_folder_mapping,SKIPPED_EXISTS,ALL,Day 1\Tray 1\DJI_20260629153749_0001_D.JPG,Day 1\Tray 1\DJI_20260629153750_0001_MS_G.TIF,Day 1\Tray 1\DJI_20260629153750_0001_MS_R.TIF,Day 1\Tray 1\DJI_20260629153750_0001_MS_RE.TIF,Day 1\Tray 1\DJI_20260629153750_0001_MS_NIR.TIF,Day 1\Tray 1\DJI_20260629153749_0001_D.JPG,Day 1\Tray 1\DJI_20260629153749_0001_MS_G.TIF,Day 1\Tray 1\DJI_20260629153749_0001_MS_R.TIF,Day 1\Tray 1\DJI_20260629153749_0001_MS_RE.TIF,Day 1\Tray 1\DJI_20260629153749_0001_MS_NIR.TIF,,,,,Expected outputs already exist. Use --redo to overwrite.
1,Day 1,Tray 2,2,3,DJI_20260629153956_0003,DJI_20260629153956_0003,tray_folder_mapping,SKIPPED_EXISTS,ALL,Day 1\Tray 2\DJI_20260629153956_0003_D.JPG,Day 1\Tray 2\DJI_20260629153956_0003_MS_G.TIF,Day 1\Tray 2\DJI_20260629153956_0003_MS_R.TIF,Day 1\Tray 2\DJI_20260629153956_0003_MS_RE.TIF,Day 1\Tray 2\DJI_20260629153956_0003_MS_NIR.TIF,Day 1\Tray 2\DJI_20260629153956_0003_D.JPG,Day 1\Tray 2\DJI_20260629153956_0003_MS_G.TIF,Day 1\Tray 2\DJI_20260629153956_0003_MS_R.TIF,Day 1\Tray 2\DJI_20260629153956_0003_MS_RE.TIF,Day 1\Tray 2\DJI_20260629153956_0003_MS_NIR.TIF,,,,,Expected outputs already exist. Use --redo to overwrite.
1,Day 1,Tray 3,3,4,DJI_20260629154053_0004,DJI_20260629154053_0004,tray_folder_mapping,SKIPPED_EXISTS,ALL,Day 1\Tray 3\DJI_20260629154053_0004_D.JPG,Day 1\Tray 3\DJI_20260629154053_0004_MS_G.TIF,Day 1\Tray 3\DJI_20260629154053_0004_MS_R.TIF,Day 1\Tray 3\DJI_20260629154053_0004_MS_RE.TIF,Day 1\Tray 3\DJI_20260629154053_0004_MS_NIR.TIF,Day 1\Tray 3\DJI_20260629154053_0004_D.JPG,Day 1\Tray 3\DJI_20260629154053_0004_MS_G.TIF,Day 1\Tray 3\DJI_20260629154053_0004_MS_R.TIF,Day 1\Tray 3\DJI_20260629154053_0004_MS_RE.TIF,Day 1\Tray 3\DJI_20260629154053_0004_MS_NIR.TIF,,,,,Expected outputs already exist. Use --redo to overwrite.
1,Day 1,Tray 4,4,5,DJI_20260629154141_0005,DJI_20260629154141_0005,tray_folder_mapping,SKIPPED_EXISTS,ALL,Day 1\Tray 4\DJI_20260629154141_0005_D.JPG,Day 1\Tray 4\DJI_20260629154141_0005_MS_G.TIF,Day 1\Tray 4\DJI_20260629154141_0005_MS_R.TIF,Day 1\Tray 4\DJI_20260629154141_0005_MS_RE.TIF,Day 1\Tray 4\DJI_20260629154141_0005_MS_NIR.TIF,Day 1\Tray 4\DJI_20260629154141_0005_D.JPG,Day 1\Tray 4\DJI_20260629154141_0005_MS_G.TIF,Day 1\Tray 4\DJI_20260629154141_0005_MS_R.TIF,Day 1\Tray 4\DJI_20260629154141_0005_MS_RE.TIF,Day 1\Tray 4\DJI_20260629154141_0005_MS_NIR.TIF,,,,,Expected outputs already exist. Use --redo to overwrite.
1,Day 1,Tray 5,5,6,DJI_20260629154235_0006,DJI_20260629154235_0006,tray_folder_mapping,SKIPPED_EXISTS,ALL,Day 1\Tray 5\DJI_20260629154235_0006_D.JPG,Day 1\Tray 5\DJI_20260629154235_0006_MS_G.TIF,Day 1\Tray 5\DJI_20260629154235_0006_MS_R.TIF,Day 1\Tray 5\DJI_20260629154235_0006_MS_RE.TIF,Day 1\Tray 5\DJI_20260629154235_0006_MS_NIR.TIF,Day 1\Tray 5\DJI_20260629154235_0006_D.JPG,Day 1\Tray 5\DJI_20260629154235_0006_MS_G.TIF,Day 1\Tray 5\DJI_20260629154235_0006_MS_R.TIF,Day 1\Tray 5\DJI_20260629154235_0006_MS_RE.TIF,Day 1\Tray 5\DJI_20260629154235_0006_MS_NIR.TIF,,,,,Expected outputs already exist. Use --redo to overwrite.
1,Day 1,Tray 6,6,7,DJI_20260629154321_0007,DJI_20260629154321_0007,tray_folder_mapping,SKIPPED_EXISTS,ALL,Day 1\Tray 6\DJI_20260629154321_0007_D.JPG,Day 1\Tray 6\DJI_20260629154321_0007_MS_G.TIF,Day 1\Tray 6\DJI_20260629154321_0007_MS_R.TIF,Day 1\Tray 6\DJI_20260629154321_0007_MS_RE.TIF,Day 1\Tray 6\DJI_20260629154321_0007_MS_NIR.TIF,Day 1\Tray 6\DJI_20260629154321_0007_D.JPG,Day 1\Tray 6\DJI_20260629154321_0007_MS_G.TIF,Day 1\Tray 6\DJI_20260629154321_0007_MS_R.TIF,Day 1\Tray 6\DJI_20260629154321_0007_MS_RE.TIF,Day 1\Tray 6\DJI_20260629154321_0007_MS_NIR.TIF,,,,,Expected outputs already exist. Use --redo to overwrite.
1,Day 1,Tray 7,7,8,DJI_20260629154404_0008,DJI_20260629154404_0008,tray_folder_mapping,SKIPPED_EXISTS,ALL,Day 1\Tray 7\DJI_20260629154404_0008_D.JPG,Day 1\Tray 7\DJI_20260629154404_0008_MS_G.TIF,Day 1\Tray 7\DJI_20260629154404_0008_MS_R.TIF,Day 1\Tray 7\DJI_20260629154404_0008_MS_RE.TIF,Day 1\Tray 7\DJI_20260629154404_0008_MS_NIR.TIF,Day 1\Tray 7\DJI_20260629154404_0008_D.JPG,Day 1\Tray 7\DJI_20260629154404_0008_MS_G.TIF,Day 1\Tray 7\DJI_20260629154404_0008_MS_R.TIF,Day 1\Tray 7\DJI_20260629154404_0008_MS_RE.TIF,Day 1\Tray 7\DJI_20260629154404_0008_MS_NIR.TIF,,,,,Expected outputs already exist. Use --redo to overwrite.
1,Day 1,Tray 8,8,9,DJI_20260629154446_0009,DJI_20260629154446_0009,tray_folder_mapping,SKIPPED_EXISTS,ALL,Day 1\Tray 8\DJI_20260629154446_0009_D.JPG,Day 1\Tray 8\DJI_20260629154446_0009_MS_G.TIF,Day 1\Tray 8\DJI_20260629154446_0009_MS_R.TIF,Day 1\Tray 8\DJI_20260629154446_0009_MS_RE.TIF,Day 1\Tray 8\DJI_20260629154446_0009_MS_NIR.TIF,Day 1\Tray 8\DJI_20260629154446_0009_D.JPG,Day 1\Tray 8\DJI_20260629154446_0009_MS_G.TIF,Day 1\Tray 8\DJI_20260629154446_0009_MS_R.TIF,Day 1\Tray 8\DJI_20260629154446_0009_MS_RE.TIF,Day 1\Tray 8\DJI_20260629154446_0009_MS_NIR.TIF,,,,,Expected outputs already exist. Use --redo to overwrite.
1,Day 1,Tray 9,9,10,DJI_20260629154539_0010,DJI_20260629154539_0010,tray_folder_mapping,SKIPPED_EXISTS,ALL,Day 1\Tray 9\DJI_20260629154539_0010_D.JPG,Day 1\Tray 9\DJI_20260629154539_0010_MS_G.TIF,Day 1\Tray 9\DJI_20260629154539_0010_MS_R.TIF,Day 1\Tray 9\DJI_20260629154539_0010_MS_RE.TIF,Day 1\Tray 9\DJI_20260629154539_0010_MS_NIR.TIF,Day 1\Tray 9\DJI_20260629154539_0010_D.JPG,Day 1\Tray 9\DJI_20260629154539_0010_MS_G.TIF,Day 1\Tray 9\DJI_20260629154539_0010_MS_R.TIF,Day 1\Tray 9\DJI_20260629154539_0010_MS_RE.TIF,Day 1\Tray 9\DJI_20260629154539_0010_MS_NIR.TIF,,,,,Expected outputs already exist. Use --redo to overwrite.
1,Day 1,Tray 10,10,11,DJI_20260629154609_0011,DJI_20260629154609_0011,tray_folder_mapping,SKIPPED_EXISTS,ALL,Day 1\Tray 10\DJI_20260629154609_0011_D.JPG,Day 1\Tray 10\DJI_20260629154609_0011_MS_G.TIF,Day 1\Tray 10\DJI_20260629154609_0011_MS_R.TIF,Day 1\Tray 10\DJI_20260629154609_0011_MS_RE.TIF,Day 1\Tray 10\DJI_20260629154609_0011_MS_NIR.TIF,Day 1\Tray 10\DJI_20260629154609_0011_D.JPG,Day 1\Tray 10\DJI_20260629154609_0011_MS_G.TIF,Day 1\Tray 10\DJI_20260629154609_0011_MS_R.TIF,Day 1\Tray 10\DJI_20260629154609_0011_MS_RE.TIF,Day 1\Tray 10\DJI_20260629154609_0011_MS_NIR.TIF,,,,,Expected outputs already exist. Use --redo to overwrite.
1,Day 1,Tray 11,11,12,DJI_20260629154652_0012,DJI_20260629154652_0012,tray_folder_mapping,SKIPPED_EXISTS,ALL,Day 1\Tray 11\DJI_20260629154652_0012_D.JPG,Day 1\Tray 11\DJI_20260629154652_0012_MS_G.TIF,Day 1\Tray 11\DJI_20260629154652_0012_MS_R.TIF,Day 1\Tray 11\DJI_20260629154652_0012_MS_RE.TIF,Day 1\Tray 11\DJI_20260629154652_0012_MS_NIR.TIF,Day 1\Tray 11\DJI_20260629154652_0012_D.JPG,Day 1\Tray 11\DJI_20260629154652_0012_MS_G.TIF,Day 1\Tray 11\DJI_20260629154652_0012_MS_R.TIF,Day 1\Tray 11\DJI_20260629154652_0012_MS_RE.TIF,Day 1\Tray 11\DJI_20260629154652_0012_MS_NIR.TIF,,,,,Expected outputs already exist. Use --redo to overwrite.
1,Day 1,Tray 12,12,13,DJI_20260629154739_0013,DJI_20260629154739_0013,tray_folder_mapping,SKIPPED_EXISTS,ALL,Day 1\Tray 12\DJI_20260629154739_0013_D.JPG,Day 1\Tray 12\DJI_20260629154739_0013_MS_G.TIF,Day 1\Tray 12\DJI_20260629154739_0013_MS_R.TIF,Day 1\Tray 12\DJI_20260629154739_0013_MS_RE.TIF,Day 1\Tray 12\DJI_20260629154739_0013_MS_NIR.TIF,Day 1\Tray 12\DJI_20260629154739_0013_D.JPG,Day 1\Tray 12\DJI_20260629154739_0013_MS_G.TIF,Day 1\Tray 12\DJI_20260629154739_0013_MS_R.TIF,Day 1\Tray 12\DJI_20260629154739_0013_MS_RE.TIF,Day 1\Tray 12\DJI_20260629154739_0013_MS_NIR.TIF,,,,,Expected outputs already exist. Use --redo to overwrite.
2,Day 2,Tray 1,1,1,DJI_20260630132402_0001,DJI_20260630132402_0001,tray_folder_mapping,SKIPPED_EXISTS,ALL,Day 2\Tray 1\DJI_20260630132402_0001_D.JPG,Day 2\Tray 1\DJI_20260630132402_0001_MS_G.TIF,Day 2\Tray 1\DJI_20260630132402_0001_MS_R.TIF,Day 2\Tray 1\DJI_20260630132402_0001_MS_RE.TIF,Day 2\Tray 1\DJI_20260630132402_0001_MS_NIR.TIF,Day 2\Tray 1\DJI_20260630132402_0001_D.JPG,Day 2\Tray 1\DJI_20260630132402_0001_MS_G.TIF,Day 2\Tray 1\DJI_20260630132402_0001_MS_R.TIF,Day 2\Tray 1\DJI_20260630132402_0001_MS_RE.TIF,Day 2\Tray 1\DJI_20260630132402_0001_MS_NIR.TIF,,,,,Expected outputs already exist. Use --redo to overwrite.
2,Day 2,Tray 2,2,2,DJI_20260630132440_0002,DJI_20260630132440_0002,tray_folder_mapping,SKIPPED_EXISTS,ALL,Day 2\Tray 2\DJI_20260630132440_0002_D.JPG,Day 2\Tray 2\DJI_20260630132440_0002_MS_G.TIF,Day 2\Tray 2\DJI_20260630132440_0002_MS_R.TIF,Day 2\Tray 2\DJI_20260630132440_0002_MS_RE.TIF,Day 2\Tray 2\DJI_20260630132440_0002_MS_NIR.TIF,Day 2\Tray 2\DJI_20260630132440_0002_D.JPG,Day 2\Tray 2\DJI_20260630132440_0002_MS_G.TIF,Day 2\Tray 2\DJI_20260630132440_0002_MS_R.TIF,Day 2\Tray 2\DJI_20260630132440_0002_MS_RE.TIF,Day 2\Tray 2\DJI_20260630132440_0002_MS_NIR.TIF,,,,,Expected outputs already exist. Use --redo to overwrite.
2,Day 2,Tray 3,3,3,DJI_20260630132506_0003,DJI_20260630132506_0003,tray_folder_mapping,SKIPPED_EXISTS,ALL,Day 2\Tray 3\DJI_20260630132506_0003_D.JPG,Day 2\Tray 3\DJI_20260630132506_0003_MS_G.TIF,Day 2\Tray 3\DJI_20260630132506_0003_MS_R.TIF,Day 2\Tray 3\DJI_20260630132506_0003_MS_RE.TIF,Day 2\Tray 3\DJI_20260630132506_0003_MS_NIR.TIF,Day 2\Tray 3\DJI_20260630132506_0003_D.JPG,Day 2\Tray 3\DJI_20260630132506_0003_MS_G.TIF,Day 2\Tray 3\DJI_20260630132506_0003_MS_R.TIF,Day 2\Tray 3\DJI_20260630132506_0003_MS_RE.TIF,Day 2\Tray 3\DJI_20260630132506_0003_MS_NIR.TIF,,,,,Expected outputs already exist. Use --redo to overwrite.
2,Day 2,Tray 4,4,4,DJI_20260630132544_0004,DJI_20260630132544_0004,tray_folder_mapping,SKIPPED_EXISTS,ALL,Day 2\Tray 4\DJI_20260630132544_0004_D.JPG,Day 2\Tray 4\DJI_20260630132544_0004_MS_G.TIF,Day 2\Tray 4\DJI_20260630132544_0004_MS_R.TIF,Day 2\Tray 4\DJI_20260630132544_0004_MS_RE.TIF,Day 2\Tray 4\DJI_20260630132544_0004_MS_NIR.TIF,Day 2\Tray 4\DJI_20260630132544_0004_D.JPG,Day 2\Tray 4\DJI_20260630132544_0004_MS_G.TIF,Day 2\Tray 4\DJI_20260630132544_0004_MS_R.TIF,Day 2\Tray 4\DJI_20260630132544_0004_MS_RE.TIF,Day 2\Tray 4\DJI_20260630132544_0004_MS_NIR.TIF,,,,,Expected outputs already exist. Use --redo to overwrite.
2,Day 2,Tray 5,5,5,DJI_20260630132609_0005,DJI_20260630132609_0005,tray_folder_mapping,SKIPPED_EXISTS,ALL,Day 2\Tray 5\DJI_20260630132609_0005_D.JPG,Day 2\Tray 5\DJI_20260630132609_0005_MS_G.TIF,Day 2\Tray 5\DJI_20260630132609_0005_MS_R.TIF,Day 2\Tray 5\DJI_20260630132609_0005_MS_RE.TIF,Day 2\Tray 5\DJI_20260630132609_0005_MS_NIR.TIF,Day 2\Tray 5\DJI_20260630132609_0005_D.JPG,Day 2\Tray 5\DJI_20260630132609_0005_MS_G.TIF,Day 2\Tray 5\DJI_20260630132609_0005_MS_R.TIF,Day 2\Tray 5\DJI_20260630132609_0005_MS_RE.TIF,Day 2\Tray 5\DJI_20260630132609_0005_MS_NIR.TIF,,,,,Expected outputs already exist. Use --redo to overwrite.
2,Day 2,Tray 6,6,6,DJI_20260630132636_0006,DJI_20260630132636_0006,tray_folder_mapping,SKIPPED_EXISTS,ALL,Day 2\Tray 6\DJI_20260630132636_0006_D.JPG,Day 2\Tray 6\DJI_20260630132636_0006_MS_G.TIF,Day 2\Tray 6\DJI_20260630132636_0006_MS_R.TIF,Day 2\Tray 6\DJI_20260630132636_0006_MS_RE.TIF,Day 2\Tray 6\DJI_20260630132636_0006_MS_NIR.TIF,Day 2\Tray 6\DJI_20260630132636_0006_D.JPG,Day 2\Tray 6\DJI_20260630132636_0006_MS_G.TIF,Day 2\Tray 6\DJI_20260630132636_0006_MS_R.TIF,Day 2\Tray 6\DJI_20260630132636_0006_MS_RE.TIF,Day 2\Tray 6\DJI_20260630132636_0006_MS_NIR.TIF,,,,,Expected outputs already exist. Use --redo to overwrite.
2,Day 2,Tray 7,7,7,DJI_20260630132722_0007,DJI_20260630132722_0007,tray_folder_mapping,SKIPPED_EXISTS,ALL,Day 2\Tray 7\DJI_20260630132722_0007_D.JPG,Day 2\Tray 7\DJI_20260630132722_0007_MS_G.TIF,Day 2\Tray 7\DJI_20260630132722_0007_MS_R.TIF,Day 2\Tray 7\DJI_20260630132722_0007_MS_RE.TIF,Day 2\Tray 7\DJI_20260630132722_0007_MS_NIR.TIF,Day 2\Tray 7\DJI_20260630132722_0007_D.JPG,Day 2\Tray 7\DJI_20260630132722_0007_MS_G.TIF,Day 2\Tray 7\DJI_20260630132722_0007_MS_R.TIF,Day 2\Tray 7\DJI_20260630132722_0007_MS_RE.TIF,Day 2\Tray 7\DJI_20260630132722_0007_MS_NIR.TIF,,,,,Expected outputs already exist. Use --redo to overwrite.
2,Day 2,Tray 8,8,8,DJI_20260630132807_0008,DJI_20260630132807_0008,tray_folder_mapping,SKIPPED_EXISTS,ALL,Day 2\Tray 8\DJI_20260630132807_0008_D.JPG,Day 2\Tray 8\DJI_20260630132807_0008_MS_G.TIF,Day 2\Tray 8\DJI_20260630132807_0008_MS_R.TIF,Day 2\Tray 8\DJI_20260630132807_0008_MS_RE.TIF,Day 2\Tray 8\DJI_20260630132807_0008_MS_NIR.TIF,Day 2\Tray 8\DJI_20260630132807_0008_D.JPG,Day 2\Tray 8\DJI_20260630132807_0008_MS_G.TIF,Day 2\Tray 8\DJI_20260630132807_0008_MS_R.TIF,Day 2\Tray 8\DJI_20260630132807_0008_MS_RE.TIF,Day 2\Tray 8\DJI_20260630132807_0008_MS_NIR.TIF,,,,,Expected outputs already exist. Use --redo to overwrite.
2,Day 2,Tray 9,9,9,DJI_20260630132830_0009,DJI_20260630132830_0009,tray_folder_mapping,SKIPPED_EXISTS,ALL,Day 2\Tray 9\DJI_20260630132830_0009_D.JPG,Day 2\Tray 9\DJI_20260630132830_0009_MS_G.TIF,Day 2\Tray 9\DJI_20260630132830_0009_MS_R.TIF,Day 2\Tray 9\DJI_20260630132830_0009_MS_RE.TIF,Day 2\Tray 9\DJI_20260630132830_0009_MS_NIR.TIF,Day 2\Tray 9\DJI_20260630132830_0009_D.JPG,Day 2\Tray 9\DJI_20260630132830_0009_MS_G.TIF,Day 2\Tray 9\DJI_20260630132830_0009_MS_R.TIF,Day 2\Tray 9\DJI_20260630132830_0009_MS_RE.TIF,Day 2\Tray 9\DJI_20260630132830_0009_MS_NIR.TIF,,,,,Expected outputs already exist. Use --redo to overwrite.
2,Day 2,Tray 10,10,10,DJI_20260630132857_0010,DJI_20260630132857_0010,tray_folder_mapping,SKIPPED_EXISTS,ALL,Day 2\Tray 10\DJI_20260630132857_0010_D.JPG,Day 2\Tray 10\DJI_20260630132857_0010_MS_G.TIF,Day 2\Tray 10\DJI_20260630132857_0010_MS_R.TIF,Day 2\Tray 10\DJI_20260630132857_0010_MS_RE.TIF,Day 2\Tray 10\DJI_20260630132857_0010_MS_NIR.TIF,Day 2\Tray 10\DJI_20260630132857_0010_D.JPG,Day 2\Tray 10\DJI_20260630132857_0010_MS_G.TIF,Day 2\Tray 10\DJI_20260630132857_0010_MS_R.TIF,Day 2\Tray 10\DJI_20260630132857_0010_MS_RE.TIF,Day 2\Tray 10\DJI_20260630132857_0010_MS_NIR.TIF,,,,,Expected outputs already exist. Use --redo to overwrite.
2,Day 2,Tray 11,11,11,DJI_20260630132921_0011,DJI_20260630132921_0011,tray_folder_mapping,SKIPPED_EXISTS,ALL,Day 2\Tray 11\DJI_20260630132921_0011_D.JPG,Day 2\Tray 11\DJI_20260630132921_0011_MS_G.TIF,Day 2\Tray 11\DJI_20260630132921_0011_MS_R.TIF,Day 2\Tray 11\DJI_20260630132921_0011_MS_RE.TIF,Day 2\Tray 11\DJI_20260630132921_0011_MS_NIR.TIF,Day 2\Tray 11\DJI_20260630132921_0011_D.JPG,Day 2\Tray 11\DJI_20260630132921_0011_MS_G.TIF,Day 2\Tray 11\DJI_20260630132921_0011_MS_R.TIF,Day 2\Tray 11\DJI_20260630132921_0011_MS_RE.TIF,Day 2\Tray 11\DJI_20260630132921_0011_MS_NIR.TIF,,,,,Expected outputs already exist. Use --redo to overwrite.
2,Day 2,Tray 12,12,12,DJI_20260630133116_0012,DJI_20260630133116_0012,tray_folder_mapping,SKIPPED_EXISTS,ALL,Day 2\Tray 12\DJI_20260630133116_0012_D.JPG,Day 2\Tray 12\DJI_20260630133116_0012_MS_G.TIF,Day 2\Tray 12\DJI_20260630133116_0012_MS_R.TIF,Day 2\Tray 12\DJI_20260630133116_0012_MS_RE.TIF,Day 2\Tray 12\DJI_20260630133116_0012_MS_NIR.TIF,Day 2\Tray 12\DJI_20260630133116_0012_D.JPG,Day 2\Tray 12\DJI_20260630133116_0012_MS_G.TIF,Day 2\Tray 12\DJI_20260630133116_0012_MS_R.TIF,Day 2\Tray 12\DJI_20260630133116_0012_MS_RE.TIF,Day 2\Tray 12\DJI_20260630133116_0012_MS_NIR.TIF,,,,,Expected outputs already exist. Use --redo to overwrite.
3,Day 3,Tray 1,1,1,DJI_20260701112247_0001,DJI_20260701112247_0001,tray_folder_mapping,SKIPPED_EXISTS,ALL,Day 3\Tray 1\DJI_20260701112247_0001_D.JPG,Day 3\Tray 1\DJI_20260701112247_0001_MS_G.TIF,Day 3\Tray 1\DJI_20260701112247_0001_MS_R.TIF,Day 3\Tray 1\DJI_20260701112247_0001_MS_RE.TIF,Day 3\Tray 1\DJI_20260701112247_0001_MS_NIR.TIF,Day 3\Tray 1\DJI_20260701112247_0001_D.JPG,Day 3\Tray 1\DJI_20260701112247_0001_MS_G.TIF,Day 3\Tray 1\DJI_20260701112247_0001_MS_R.TIF,Day 3\Tray 1\DJI_20260701112247_0001_MS_RE.TIF,Day 3\Tray 1\DJI_20260701112247_0001_MS_NIR.TIF,,,,,Expected outputs already exist. Use --redo to overwrite.
3,Day 3,Tray 2,2,2,DJI_20260701112419_0002,DJI_20260701112419_0002,tray_folder_mapping,SKIPPED_EXISTS,ALL,Day 3\Tray 2\DJI_20260701112419_0002_D.JPG,Day 3\Tray 2\DJI_20260701112419_0002_MS_G.TIF,Day 3\Tray 2\DJI_20260701112419_0002_MS_R.TIF,Day 3\Tray 2\DJI_20260701112419_0002_MS_RE.TIF,Day 3\Tray 2\DJI_20260701112419_0002_MS_NIR.TIF,Day 3\Tray 2\DJI_20260701112419_0002_D.JPG,Day 3\Tray 2\DJI_20260701112419_0002_MS_G.TIF,Day 3\Tray 2\DJI_20260701112419_0002_MS_R.TIF,Day 3\Tray 2\DJI_20260701112419_0002_MS_RE.TIF,Day 3\Tray 2\DJI_20260701112419_0002_MS_NIR.TIF,,,,,Expected outputs already exist. Use --redo to overwrite.
3,Day 3,Tray 3,3,3,DJI_20260701112502_0003,DJI_20260701112502_0003,tray_folder_mapping,SKIPPED_EXISTS,ALL,Day 3\Tray 3\DJI_20260701112502_0003_D.JPG,Day 3\Tray 3\DJI_20260701112502_0003_MS_G.TIF,Day 3\Tray 3\DJI_20260701112502_0003_MS_R.TIF,Day 3\Tray 3\DJI_20260701112502_0003_MS_RE.TIF,Day 3\Tray 3\DJI_20260701112502_0003_MS_NIR.TIF,Day 3\Tray 3\DJI_20260701112502_0003_D.JPG,Day 3\Tray 3\DJI_20260701112502_0003_MS_G.TIF,Day 3\Tray 3\DJI_20260701112502_0003_MS_R.TIF,Day 3\Tray 3\DJI_20260701112502_0003_MS_RE.TIF,Day 3\Tray 3\DJI_20260701112502_0003_MS_NIR.TIF,,,,,Expected outputs already exist. Use --redo to overwrite.
3,Day 3,Tray 4,4,4,DJI_20260701112636_0004,DJI_20260701112636_0004; DJI_20260701112637_0004,tray_folder_mapping,SKIPPED_EXISTS,ALL,Day 3\Tray 4\DJI_20260701112636_0004_D.JPG,Day 3\Tray 4\DJI_20260701112637_0004_MS_G.TIF,Day 3\Tray 4\DJI_20260701112637_0004_MS_R.TIF,Day 3\Tray 4\DJI_20260701112637_0004_MS_RE.TIF,Day 3\Tray 4\DJI_20260701112637_0004_MS_NIR.TIF,Day 3\Tray 4\DJI_20260701112636_0004_D.JPG,Day 3\Tray 4\DJI_20260701112636_0004_MS_G.TIF,Day 3\Tray 4\DJI_20260701112636_0004_MS_R.TIF,Day 3\Tray 4\DJI_20260701112636_0004_MS_RE.TIF,Day 3\Tray 4\DJI_20260701112636_0004_MS_NIR.TIF,,,,,Expected outputs already exist. Use --redo to overwrite.
3,Day 3,Tray 5,5,5,DJI_20260701112716_0005,DJI_20260701112716_0005,tray_folder_mapping,SKIPPED_EXISTS,ALL,Day 3\Tray 5\DJI_20260701112716_0005_D.JPG,Day 3\Tray 5\DJI_20260701112716_0005_MS_G.TIF,Day 3\Tray 5\DJI_20260701112716_0005_MS_R.TIF,Day 3\Tray 5\DJI_20260701112716_0005_MS_RE.TIF,Day 3\Tray 5\DJI_20260701112716_0005_MS_NIR.TIF,Day 3\Tray 5\DJI_20260701112716_0005_D.JPG,Day 3\Tray 5\DJI_20260701112716_0005_MS_G.TIF,Day 3\Tray 5\DJI_20260701112716_0005_MS_R.TIF,Day 3\Tray 5\DJI_20260701112716_0005_MS_RE.TIF,Day 3\Tray 5\DJI_20260701112716_0005_MS_NIR.TIF,,,,,Expected outputs already exist. Use --redo to overwrite.
3,Day 3,Tray 6,6,6,DJI_20260701112808_0006,DJI_20260701112808_0006,tray_folder_mapping,SKIPPED_EXISTS,ALL,Day 3\Tray 6\DJI_20260701112808_0006_D.JPG,Day 3\Tray 6\DJI_20260701112808_0006_MS_G.TIF,Day 3\Tray 6\DJI_20260701112808_0006_MS_R.TIF,Day 3\Tray 6\DJI_20260701112808_0006_MS_RE.TIF,Day 3\Tray 6\DJI_20260701112808_0006_MS_NIR.TIF,Day 3\Tray 6\DJI_20260701112808_0006_D.JPG,Day 3\Tray 6\DJI_20260701112808_0006_MS_G.TIF,Day 3\Tray 6\DJI_20260701112808_0006_MS_R.TIF,Day 3\Tray 6\DJI_20260701112808_0006_MS_RE.TIF,Day 3\Tray 6\DJI_20260701112808_0006_MS_NIR.TIF,,,,,Expected outputs already exist. Use --redo to overwrite.
3,Day 3,Tray 7,7,7,DJI_20260701112855_0007,DJI_20260701112855_0007,tray_folder_mapping,SKIPPED_EXISTS,ALL,Day 3\Tray 7\DJI_20260701112855_0007_D.JPG,Day 3\Tray 7\DJI_20260701112855_0007_MS_G.TIF,Day 3\Tray 7\DJI_20260701112855_0007_MS_R.TIF,Day 3\Tray 7\DJI_20260701112855_0007_MS_RE.TIF,Day 3\Tray 7\DJI_20260701112855_0007_MS_NIR.TIF,Day 3\Tray 7\DJI_20260701112855_0007_D.JPG,Day 3\Tray 7\DJI_20260701112855_0007_MS_G.TIF,Day 3\Tray 7\DJI_20260701112855_0007_MS_R.TIF,Day 3\Tray 7\DJI_20260701112855_0007_MS_RE.TIF,Day 3\Tray 7\DJI_20260701112855_0007_MS_NIR.TIF,,,,,Expected outputs already exist. Use --redo to overwrite.
3,Day 3,Tray 8,8,8,DJI_20260701112943_0008,DJI_20260701112943_0008,tray_folder_mapping,SKIPPED_EXISTS,ALL,Day 3\Tray 8\DJI_20260701112943_0008_D.JPG,Day 3\Tray 8\DJI_20260701112943_0008_MS_G.TIF,Day 3\Tray 8\DJI_20260701112943_0008_MS_R.TIF,Day 3\Tray 8\DJI_20260701112943_0008_MS_RE.TIF,Day 3\Tray 8\DJI_20260701112943_0008_MS_NIR.TIF,Day 3\Tray 8\DJI_20260701112943_0008_D.JPG,Day 3\Tray 8\DJI_20260701112943_0008_MS_G.TIF,Day 3\Tray 8\DJI_20260701112943_0008_MS_R.TIF,Day 3\Tray 8\DJI_20260701112943_0008_MS_RE.TIF,Day 3\Tray 8\DJI_20260701112943_0008_MS_NIR.TIF,,,,,Expected outputs already exist. Use --redo to overwrite.
3,Day 3,Tray 9,9,9,DJI_20260701113026_0009,DJI_20260701113026_0009,tray_folder_mapping,SKIPPED_EXISTS,ALL,Day 3\Tray 9\DJI_20260701113026_0009_D.JPG,Day 3\Tray 9\DJI_20260701113026_0009_MS_G.TIF,Day 3\Tray 9\DJI_20260701113026_0009_MS_R.TIF,Day 3\Tray 9\DJI_20260701113026_0009_MS_RE.TIF,Day 3\Tray 9\DJI_20260701113026_0009_MS_NIR.TIF,Day 3\Tray 9\DJI_20260701113026_0009_D.JPG,Day 3\Tray 9\DJI_20260701113026_0009_MS_G.TIF,Day 3\Tray 9\DJI_20260701113026_0009_MS_R.TIF,Day 3\Tray 9\DJI_20260701113026_0009_MS_RE.TIF,Day 3\Tray 9\DJI_20260701113026_0009_MS_NIR.TIF,,,,,Expected outputs already exist. Use --redo to overwrite.
3,Day 3,Tray 10,10,10,DJI_20260701113054_0010,DJI_20260701113054_0010,tray_folder_mapping,SKIPPED_EXISTS,ALL,Day 3\Tray 10\DJI_20260701113054_0010_D.JPG,Day 3\Tray 10\DJI_20260701113054_0010_MS_G.TIF,Day 3\Tray 10\DJI_20260701113054_0010_MS_R.TIF,Day 3\Tray 10\DJI_20260701113054_0010_MS_RE.TIF,Day 3\Tray 10\DJI_20260701113054_0010_MS_NIR.TIF,Day 3\Tray 10\DJI_20260701113054_0010_D.JPG,Day 3\Tray 10\DJI_20260701113054_0010_MS_G.TIF,Day 3\Tray 10\DJI_20260701113054_0010_MS_R.TIF,Day 3\Tray 10\DJI_20260701113054_0010_MS_RE.TIF,Day 3\Tray 10\DJI_20260701113054_0010_MS_NIR.TIF,,,,,Expected outputs already exist. Use --redo to overwrite.
3,Day 3,Tray 11,11,11,DJI_20260701113143_0011,DJI_20260701113143_0011,tray_folder_mapping,SKIPPED_EXISTS,ALL,Day 3\Tray 11\DJI_20260701113143_0011_D.JPG,Day 3\Tray 11\DJI_20260701113143_0011_MS_G.TIF,Day 3\Tray 11\DJI_20260701113143_0011_MS_R.TIF,Day 3\Tray 11\DJI_20260701113143_0011_MS_RE.TIF,Day 3\Tray 11\DJI_20260701113143_0011_MS_NIR.TIF,Day 3\Tray 11\DJI_20260701113143_0011_D.JPG,Day 3\Tray 11\DJI_20260701113143_0011_MS_G.TIF,Day 3\Tray 11\DJI_20260701113143_0011_MS_R.TIF,Day 3\Tray 11\DJI_20260701113143_0011_MS_RE.TIF,Day 3\Tray 11\DJI_20260701113143_0011_MS_NIR.TIF,,,,,Expected outputs already exist. Use --redo to overwrite.
3,Day 3,Tray 12,12,12,DJI_20260701113255_0012,DJI_20260701113255_0012; DJI_20260701113256_0012,tray_folder_mapping,SKIPPED_EXISTS,ALL,Day 3\Tray 12\DJI_20260701113255_0012_D.JPG,Day 3\Tray 12\DJI_20260701113256_0012_MS_G.TIF,Day 3\Tray 12\DJI_20260701113256_0012_MS_R.TIF,Day 3\Tray 12\DJI_20260701113256_0012_MS_RE.TIF,Day 3\Tray 12\DJI_20260701113256_0012_MS_NIR.TIF,Day 3\Tray 12\DJI_20260701113255_0012_D.JPG,Day 3\Tray 12\DJI_20260701113255_0012_MS_G.TIF,Day 3\Tray 12\DJI_20260701113255_0012_MS_R.TIF,Day 3\Tray 12\DJI_20260701113255_0012_MS_RE.TIF,Day 3\Tray 12\DJI_20260701113255_0012_MS_NIR.TIF,,,,,Expected outputs already exist. Use --redo to overwrite.
4,Day 4,Tray 1,1,1,DJI_20260702125244_0001,DJI_20260702125244_0001,day_folder_sequence_mapping,SKIPPED_EXISTS,ALL,Day 4\DJI_20260702125244_0001_D.JPG,Day 4\DJI_20260702125244_0001_MS_G.TIF,Day 4\DJI_20260702125244_0001_MS_R.TIF,Day 4\DJI_20260702125244_0001_MS_RE.TIF,Day 4\DJI_20260702125244_0001_MS_NIR.TIF,Day 4\Tray 1\DJI_20260702125244_0001_D.JPG,Day 4\Tray 1\DJI_20260702125244_0001_MS_G.TIF,Day 4\Tray 1\DJI_20260702125244_0001_MS_R.TIF,Day 4\Tray 1\DJI_20260702125244_0001_MS_RE.TIF,Day 4\Tray 1\DJI_20260702125244_0001_MS_NIR.TIF,,,,,Expected outputs already exist. Use --redo to overwrite.
4,Day 4,Tray 2,2,2,DJI_20260702125421_0002,DJI_20260702125421_0002,day_folder_sequence_mapping,SKIPPED_EXISTS,ALL,Day 4\DJI_20260702125421_0002_D.JPG,Day 4\DJI_20260702125421_0002_MS_G.TIF,Day 4\DJI_20260702125421_0002_MS_R.TIF,Day 4\DJI_20260702125421_0002_MS_RE.TIF,Day 4\DJI_20260702125421_0002_MS_NIR.TIF,Day 4\Tray 2\DJI_20260702125421_0002_D.JPG,Day 4\Tray 2\DJI_20260702125421_0002_MS_G.TIF,Day 4\Tray 2\DJI_20260702125421_0002_MS_R.TIF,Day 4\Tray 2\DJI_20260702125421_0002_MS_RE.TIF,Day 4\Tray 2\DJI_20260702125421_0002_MS_NIR.TIF,,,,,Expected outputs already exist. Use --redo to overwrite.
4,Day 4,Tray 3,3,3,DJI_20260702125513_0003,DJI_20260702125513_0003,day_folder_sequence_mapping,SKIPPED_EXISTS,ALL,Day 4\DJI_20260702125513_0003_D.JPG,Day 4\DJI_20260702125513_0003_MS_G.TIF,Day 4\DJI_20260702125513_0003_MS_R.TIF,Day 4\DJI_20260702125513_0003_MS_RE.TIF,Day 4\DJI_20260702125513_0003_MS_NIR.TIF,Day 4\Tray 3\DJI_20260702125513_0003_D.JPG,Day 4\Tray 3\DJI_20260702125513_0003_MS_G.TIF,Day 4\Tray 3\DJI_20260702125513_0003_MS_R.TIF,Day 4\Tray 3\DJI_20260702125513_0003_MS_RE.TIF,Day 4\Tray 3\DJI_20260702125513_0003_MS_NIR.TIF,,,,,Expected outputs already exist. Use --redo to overwrite.
4,Day 4,Tray 4,4,4,DJI_20260702125620_0004,DJI_20260702125620_0004,day_folder_sequence_mapping,SKIPPED_EXISTS,ALL,Day 4\DJI_20260702125620_0004_D.JPG,Day 4\DJI_20260702125620_0004_MS_G.TIF,Day 4\DJI_20260702125620_0004_MS_R.TIF,Day 4\DJI_20260702125620_0004_MS_RE.TIF,Day 4\DJI_20260702125620_0004_MS_NIR.TIF,Day 4\Tray 4\DJI_20260702125620_0004_D.JPG,Day 4\Tray 4\DJI_20260702125620_0004_MS_G.TIF,Day 4\Tray 4\DJI_20260702125620_0004_MS_R.TIF,Day 4\Tray 4\DJI_20260702125620_0004_MS_RE.TIF,Day 4\Tray 4\DJI_20260702125620_0004_MS_NIR.TIF,,,,,Expected outputs already exist. Use --redo to overwrite.
4,Day 4,Tray 5,5,5,DJI_20260702125757_0005,DJI_20260702125757_0005,day_folder_sequence_mapping,SKIPPED_EXISTS,ALL,Day 4\DJI_20260702125757_0005_D.JPG,Day 4\DJI_20260702125757_0005_MS_G.TIF,Day 4\DJI_20260702125757_0005_MS_R.TIF,Day 4\DJI_20260702125757_0005_MS_RE.TIF,Day 4\DJI_20260702125757_0005_MS_NIR.TIF,Day 4\Tray 5\DJI_20260702125757_0005_D.JPG,Day 4\Tray 5\DJI_20260702125757_0005_MS_G.TIF,Day 4\Tray 5\DJI_20260702125757_0005_MS_R.TIF,Day 4\Tray 5\DJI_20260702125757_0005_MS_RE.TIF,Day 4\Tray 5\DJI_20260702125757_0005_MS_NIR.TIF,,,,,Expected outputs already exist. Use --redo to overwrite.
4,Day 4,Tray 6,6,6,DJI_20260702125916_0006,DJI_20260702125916_0006,day_folder_sequence_mapping,SKIPPED_EXISTS,ALL,Day 4\DJI_20260702125916_0006_D.JPG,Day 4\DJI_20260702125916_0006_MS_G.TIF,Day 4\DJI_20260702125916_0006_MS_R.TIF,Day 4\DJI_20260702125916_0006_MS_RE.TIF,Day 4\DJI_20260702125916_0006_MS_NIR.TIF,Day 4\Tray 6\DJI_20260702125916_0006_D.JPG,Day 4\Tray 6\DJI_20260702125916_0006_MS_G.TIF,Day 4\Tray 6\DJI_20260702125916_0006_MS_R.TIF,Day 4\Tray 6\DJI_20260702125916_0006_MS_RE.TIF,Day 4\Tray 6\DJI_20260702125916_0006_MS_NIR.TIF,,,,,Expected outputs already exist. Use --redo to overwrite.
4,Day 4,Tray 7,7,7,DJI_20260702125959_0007,DJI_20260702125959_0007,day_folder_sequence_mapping,SKIPPED_EXISTS,ALL,Day 4\DJI_20260702125959_0007_D.JPG,Day 4\DJI_20260702125959_0007_MS_G.TIF,Day 4\DJI_20260702125959_0007_MS_R.TIF,Day 4\DJI_20260702125959_0007_MS_RE.TIF,Day 4\DJI_20260702125959_0007_MS_NIR.TIF,Day 4\Tray 7\DJI_20260702125959_0007_D.JPG,Day 4\Tray 7\DJI_20260702125959_0007_MS_G.TIF,Day 4\Tray 7\DJI_20260702125959_0007_MS_R.TIF,Day 4\Tray 7\DJI_20260702125959_0007_MS_RE.TIF,Day 4\Tray 7\DJI_20260702125959_0007_MS_NIR.TIF,,,,,Expected outputs already exist. Use --redo to overwrite.
4,Day 4,Tray 8,8,8,DJI_20260702130043_0008,DJI_20260702130043_0008,day_folder_sequence_mapping,SKIPPED_EXISTS,ALL,Day 4\DJI_20260702130043_0008_D.JPG,Day 4\DJI_20260702130043_0008_MS_G.TIF,Day 4\DJI_20260702130043_0008_MS_R.TIF,Day 4\DJI_20260702130043_0008_MS_RE.TIF,Day 4\DJI_20260702130043_0008_MS_NIR.TIF,Day 4\Tray 8\DJI_20260702130043_0008_D.JPG,Day 4\Tray 8\DJI_20260702130043_0008_MS_G.TIF,Day 4\Tray 8\DJI_20260702130043_0008_MS_R.TIF,Day 4\Tray 8\DJI_20260702130043_0008_MS_RE.TIF,Day 4\Tray 8\DJI_20260702130043_0008_MS_NIR.TIF,,,,,Expected outputs already exist. Use --redo to overwrite.
4,Day 4,Tray 9,9,9,DJI_20260702130152_0009,DJI_20260702130152_0009,day_folder_sequence_mapping,SKIPPED_EXISTS,ALL,Day 4\DJI_20260702130152_0009_D.JPG,Day 4\DJI_20260702130152_0009_MS_G.TIF,Day 4\DJI_20260702130152_0009_MS_R.TIF,Day 4\DJI_20260702130152_0009_MS_RE.TIF,Day 4\DJI_20260702130152_0009_MS_NIR.TIF,Day 4\Tray 9\DJI_20260702130152_0009_D.JPG,Day 4\Tray 9\DJI_20260702130152_0009_MS_G.TIF,Day 4\Tray 9\DJI_20260702130152_0009_MS_R.TIF,Day 4\Tray 9\DJI_20260702130152_0009_MS_RE.TIF,Day 4\Tray 9\DJI_20260702130152_0009_MS_NIR.TIF,,,,,Expected outputs already exist. Use --redo to overwrite.
4,Day 4,Tray 10,10,10,DJI_20260702130251_0010,DJI_20260702130251_0010,day_folder_sequence_mapping,SKIPPED_EXISTS,ALL,Day 4\DJI_20260702130251_0010_D.JPG,Day 4\DJI_20260702130251_0010_MS_G.TIF,Day 4\DJI_20260702130251_0010_MS_R.TIF,Day 4\DJI_20260702130251_0010_MS_RE.TIF,Day 4\DJI_20260702130251_0010_MS_NIR.TIF,Day 4\Tray 10\DJI_20260702130251_0010_D.JPG,Day 4\Tray 10\DJI_20260702130251_0010_MS_G.TIF,Day 4\Tray 10\DJI_20260702130251_0010_MS_R.TIF,Day 4\Tray 10\DJI_20260702130251_0010_MS_RE.TIF,Day 4\Tray 10\DJI_20260702130251_0010_MS_NIR.TIF,,,,,Expected outputs already exist. Use --redo to overwrite.
4,Day 4,Tray 11,11,11,DJI_20260702130331_0011,DJI_20260702130331_0011,day_folder_sequence_mapping,SKIPPED_EXISTS,ALL,Day 4\DJI_20260702130331_0011_D.JPG,Day 4\DJI_20260702130331_0011_MS_G.TIF,Day 4\DJI_20260702130331_0011_MS_R.TIF,Day 4\DJI_20260702130331_0011_MS_RE.TIF,Day 4\DJI_20260702130331_0011_MS_NIR.TIF,Day 4\Tray 11\DJI_20260702130331_0011_D.JPG,Day 4\Tray 11\DJI_20260702130331_0011_MS_G.TIF,Day 4\Tray 11\DJI_20260702130331_0011_MS_R.TIF,Day 4\Tray 11\DJI_20260702130331_0011_MS_RE.TIF,Day 4\Tray 11\DJI_20260702130331_0011_MS_NIR.TIF,,,,,Expected outputs already exist. Use --redo to overwrite.
4,Day 4,Tray 12,12,12,DJI_20260702130419_0012,DJI_20260702130419_0012,day_folder_sequence_mapping,SKIPPED_EXISTS,ALL,Day 4\DJI_20260702130419_0012_D.JPG,Day 4\DJI_20260702130419_0012_MS_G.TIF,Day 4\DJI_20260702130419_0012_MS_R.TIF,Day 4\DJI_20260702130419_0012_MS_RE.TIF,Day 4\DJI_20260702130419_0012_MS_NIR.TIF,Day 4\Tray 12\DJI_20260702130419_0012_D.JPG,Day 4\Tray 12\DJI_20260702130419_0012_MS_G.TIF,Day 4\Tray 12\DJI_20260702130419_0012_MS_R.TIF,Day 4\Tray 12\DJI_20260702130419_0012_MS_RE.TIF,Day 4\Tray 12\DJI_20260702130419_0012_MS_NIR.TIF,,,,,Expected outputs already exist. Use --redo to overwrite.
5,Day 5,Tray 1,1,1,DJI_20260703124705_0001,DJI_20260703124705_0001,tray_folder_mapping,SKIPPED_EXISTS,ALL,Day 5\Tray 1\DJI_20260703124705_0001_D.JPG,Day 5\Tray 1\DJI_20260703124705_0001_MS_G.TIF,Day 5\Tray 1\DJI_20260703124705_0001_MS_R.TIF,Day 5\Tray 1\DJI_20260703124705_0001_MS_RE.TIF,Day 5\Tray 1\DJI_20260703124705_0001_MS_NIR.TIF,Day 5\Tray 1\DJI_20260703124705_0001_D.JPG,Day 5\Tray 1\DJI_20260703124705_0001_MS_G.TIF,Day 5\Tray 1\DJI_20260703124705_0001_MS_R.TIF,Day 5\Tray 1\DJI_20260703124705_0001_MS_RE.TIF,Day 5\Tray 1\DJI_20260703124705_0001_MS_NIR.TIF,,,,,Expected outputs already exist. Use --redo to overwrite.
5,Day 5,Tray 2,2,2,DJI_20260703124740_0002,DJI_20260703124740_0002,tray_folder_mapping,SKIPPED_EXISTS,ALL,Day 5\Tray 2\DJI_20260703124740_0002_D.JPG,Day 5\Tray 2\DJI_20260703124740_0002_MS_G.TIF,Day 5\Tray 2\DJI_20260703124740_0002_MS_R.TIF,Day 5\Tray 2\DJI_20260703124740_0002_MS_RE.TIF,Day 5\Tray 2\DJI_20260703124740_0002_MS_NIR.TIF,Day 5\Tray 2\DJI_20260703124740_0002_D.JPG,Day 5\Tray 2\DJI_20260703124740_0002_MS_G.TIF,Day 5\Tray 2\DJI_20260703124740_0002_MS_R.TIF,Day 5\Tray 2\DJI_20260703124740_0002_MS_RE.TIF,Day 5\Tray 2\DJI_20260703124740_0002_MS_NIR.TIF,,,,,Expected outputs already exist. Use --redo to overwrite.
5,Day 5,Tray 3,3,3,DJI_20260703125319_0003,DJI_20260703125319_0003,tray_folder_mapping,SKIPPED_EXISTS,ALL,Day 5\Tray 3\DJI_20260703125319_0003_D.JPG,Day 5\Tray 3\DJI_20260703125319_0003_MS_G.TIF,Day 5\Tray 3\DJI_20260703125319_0003_MS_R.TIF,Day 5\Tray 3\DJI_20260703125319_0003_MS_RE.TIF,Day 5\Tray 3\DJI_20260703125319_0003_MS_NIR.TIF,Day 5\Tray 3\DJI_20260703125319_0003_D.JPG,Day 5\Tray 3\DJI_20260703125319_0003_MS_G.TIF,Day 5\Tray 3\DJI_20260703125319_0003_MS_R.TIF,Day 5\Tray 3\DJI_20260703125319_0003_MS_RE.TIF,Day 5\Tray 3\DJI_20260703125319_0003_MS_NIR.TIF,,,,,Expected outputs already exist. Use --redo to overwrite.
5,Day 5,Tray 4,4,4,DJI_20260703125401_0004,DJI_20260703125401_0004,tray_folder_mapping,SKIPPED_EXISTS,ALL,Day 5\Tray 4\DJI_20260703125401_0004_D.JPG,Day 5\Tray 4\DJI_20260703125401_0004_MS_G.TIF,Day 5\Tray 4\DJI_20260703125401_0004_MS_R.TIF,Day 5\Tray 4\DJI_20260703125401_0004_MS_RE.TIF,Day 5\Tray 4\DJI_20260703125401_0004_MS_NIR.TIF,Day 5\Tray 4\DJI_20260703125401_0004_D.JPG,Day 5\Tray 4\DJI_20260703125401_0004_MS_G.TIF,Day 5\Tray 4\DJI_20260703125401_0004_MS_R.TIF,Day 5\Tray 4\DJI_20260703125401_0004_MS_RE.TIF,Day 5\Tray 4\DJI_20260703125401_0004_MS_NIR.TIF,,,,,Expected outputs already exist. Use --redo to overwrite.
5,Day 5,Tray 5,5,5,DJI_20260703125433_0005,DJI_20260703125433_0005,tray_folder_mapping,SKIPPED_EXISTS,ALL,Day 5\Tray 5\DJI_20260703125433_0005_D.JPG,Day 5\Tray 5\DJI_20260703125433_0005_MS_G.TIF,Day 5\Tray 5\DJI_20260703125433_0005_MS_R.TIF,Day 5\Tray 5\DJI_20260703125433_0005_MS_RE.TIF,Day 5\Tray 5\DJI_20260703125433_0005_MS_NIR.TIF,Day 5\Tray 5\DJI_20260703125433_0005_D.JPG,Day 5\Tray 5\DJI_20260703125433_0005_MS_G.TIF,Day 5\Tray 5\DJI_20260703125433_0005_MS_R.TIF,Day 5\Tray 5\DJI_20260703125433_0005_MS_RE.TIF,Day 5\Tray 5\DJI_20260703125433_0005_MS_NIR.TIF,,,,,Expected outputs already exist. Use --redo to overwrite.
5,Day 5,Tray 6,6,6,DJI_20260703125521_0006,DJI_20260703125521_0006,tray_folder_mapping,SKIPPED_EXISTS,ALL,Day 5\Tray 6\DJI_20260703125521_0006_D.JPG,Day 5\Tray 6\DJI_20260703125521_0006_MS_G.TIF,Day 5\Tray 6\DJI_20260703125521_0006_MS_R.TIF,Day 5\Tray 6\DJI_20260703125521_0006_MS_RE.TIF,Day 5\Tray 6\DJI_20260703125521_0006_MS_NIR.TIF,Day 5\Tray 6\DJI_20260703125521_0006_D.JPG,Day 5\Tray 6\DJI_20260703125521_0006_MS_G.TIF,Day 5\Tray 6\DJI_20260703125521_0006_MS_R.TIF,Day 5\Tray 6\DJI_20260703125521_0006_MS_RE.TIF,Day 5\Tray 6\DJI_20260703125521_0006_MS_NIR.TIF,,,,,Expected outputs already exist. Use --redo to overwrite.
5,Day 5,Tray 7,7,7,DJI_20260703125555_0007,DJI_20260703125555_0007,tray_folder_mapping,SKIPPED_EXISTS,ALL,Day 5\Tray 7\DJI_20260703125555_0007_D.JPG,Day 5\Tray 7\DJI_20260703125555_0007_MS_G.TIF,Day 5\Tray 7\DJI_20260703125555_0007_MS_R.TIF,Day 5\Tray 7\DJI_20260703125555_0007_MS_RE.TIF,Day 5\Tray 7\DJI_20260703125555_0007_MS_NIR.TIF,Day 5\Tray 7\DJI_20260703125555_0007_D.JPG,Day 5\Tray 7\DJI_20260703125555_0007_MS_G.TIF,Day 5\Tray 7\DJI_20260703125555_0007_MS_R.TIF,Day 5\Tray 7\DJI_20260703125555_0007_MS_RE.TIF,Day 5\Tray 7\DJI_20260703125555_0007_MS_NIR.TIF,,,,,Expected outputs already exist. Use --redo to overwrite.
5,Day 5,Tray 8,8,8,DJI_20260703125615_0008,DJI_20260703125615_0008,tray_folder_mapping,SKIPPED_EXISTS,ALL,Day 5\Tray 8\DJI_20260703125615_0008_D.JPG,Day 5\Tray 8\DJI_20260703125615_0008_MS_G.TIF,Day 5\Tray 8\DJI_20260703125615_0008_MS_R.TIF,Day 5\Tray 8\DJI_20260703125615_0008_MS_RE.TIF,Day 5\Tray 8\DJI_20260703125615_0008_MS_NIR.TIF,Day 5\Tray 8\DJI_20260703125615_0008_D.JPG,Day 5\Tray 8\DJI_20260703125615_0008_MS_G.TIF,Day 5\Tray 8\DJI_20260703125615_0008_MS_R.TIF,Day 5\Tray 8\DJI_20260703125615_0008_MS_RE.TIF,Day 5\Tray 8\DJI_20260703125615_0008_MS_NIR.TIF,,,,,Expected outputs already exist. Use --redo to overwrite.
5,Day 5,Tray 9,9,9,DJI_20260703125656_0009,DJI_20260703125656_0009,tray_folder_mapping,SKIPPED_EXISTS,ALL,Day 5\Tray 9\DJI_20260703125656_0009_D.JPG,Day 5\Tray 9\DJI_20260703125656_0009_MS_G.TIF,Day 5\Tray 9\DJI_20260703125656_0009_MS_R.TIF,Day 5\Tray 9\DJI_20260703125656_0009_MS_RE.TIF,Day 5\Tray 9\DJI_20260703125656_0009_MS_NIR.TIF,Day 5\Tray 9\DJI_20260703125656_0009_D.JPG,Day 5\Tray 9\DJI_20260703125656_0009_MS_G.TIF,Day 5\Tray 9\DJI_20260703125656_0009_MS_R.TIF,Day 5\Tray 9\DJI_20260703125656_0009_MS_RE.TIF,Day 5\Tray 9\DJI_20260703125656_0009_MS_NIR.TIF,,,,,Expected outputs already exist. Use --redo to overwrite.
5,Day 5,Tray 10,10,10,DJI_20260703125724_0010,DJI_20260703125724_0010,tray_folder_mapping,SKIPPED_EXISTS,ALL,Day 5\Tray 10\DJI_20260703125724_0010_D.JPG,Day 5\Tray 10\DJI_20260703125724_0010_MS_G.TIF,Day 5\Tray 10\DJI_20260703125724_0010_MS_R.TIF,Day 5\Tray 10\DJI_20260703125724_0010_MS_RE.TIF,Day 5\Tray 10\DJI_20260703125724_0010_MS_NIR.TIF,Day 5\Tray 10\DJI_20260703125724_0010_D.JPG,Day 5\Tray 10\DJI_20260703125724_0010_MS_G.TIF,Day 5\Tray 10\DJI_20260703125724_0010_MS_R.TIF,Day 5\Tray 10\DJI_20260703125724_0010_MS_RE.TIF,Day 5\Tray 10\DJI_20260703125724_0010_MS_NIR.TIF,,,,,Expected outputs already exist. Use --redo to overwrite.
5,Day 5,Tray 11,11,11,DJI_20260703125745_0011,DJI_20260703125745_0011,tray_folder_mapping,SKIPPED_EXISTS,ALL,Day 5\Tray 11\DJI_20260703125745_0011_D.JPG,Day 5\Tray 11\DJI_20260703125745_0011_MS_G.TIF,Day 5\Tray 11\DJI_20260703125745_0011_MS_R.TIF,Day 5\Tray 11\DJI_20260703125745_0011_MS_RE.TIF,Day 5\Tray 11\DJI_20260703125745_0011_MS_NIR.TIF,Day 5\Tray 11\DJI_20260703125745_0011_D.JPG,Day 5\Tray 11\DJI_20260703125745_0011_MS_G.TIF,Day 5\Tray 11\DJI_20260703125745_0011_MS_R.TIF,Day 5\Tray 11\DJI_20260703125745_0011_MS_RE.TIF,Day 5\Tray 11\DJI_20260703125745_0011_MS_NIR.TIF,,,,,Expected outputs already exist. Use --redo to overwrite.
5,Day 5,Tray 12,12,12,DJI_20260703125807_0012,DJI_20260703125807_0012,tray_folder_mapping,SKIPPED_EXISTS,ALL,Day 5\Tray 12\DJI_20260703125807_0012_D.JPG,Day 5\Tray 12\DJI_20260703125807_0012_MS_G.TIF,Day 5\Tray 12\DJI_20260703125807_0012_MS_R.TIF,Day 5\Tray 12\DJI_20260703125807_0012_MS_RE.TIF,Day 5\Tray 12\DJI_20260703125807_0012_MS_NIR.TIF,Day 5\Tray 12\DJI_20260703125807_0012_D.JPG,Day 5\Tray 12\DJI_20260703125807_0012_MS_G.TIF,Day 5\Tray 12\DJI_20260703125807_0012_MS_R.TIF,Day 5\Tray 12\DJI_20260703125807_0012_MS_RE.TIF,Day 5\Tray 12\DJI_20260703125807_0012_MS_NIR.TIF,,,,,Expected outputs already exist. Use --redo to overwrite.
6,Day 6,Tray 1,1,1,DJI_20260704134522_0001,DJI_20260704134522_0001,tray_folder_mapping,SKIPPED_EXISTS,ALL,Day 6\Tray 1\DJI_20260704134522_0001_D.JPG,Day 6\Tray 1\DJI_20260704134522_0001_MS_G.TIF,Day 6\Tray 1\DJI_20260704134522_0001_MS_R.TIF,Day 6\Tray 1\DJI_20260704134522_0001_MS_RE.TIF,Day 6\Tray 1\DJI_20260704134522_0001_MS_NIR.TIF,Day 6\Tray 1\DJI_20260704134522_0001_D.JPG,Day 6\Tray 1\DJI_20260704134522_0001_MS_G.TIF,Day 6\Tray 1\DJI_20260704134522_0001_MS_R.TIF,Day 6\Tray 1\DJI_20260704134522_0001_MS_RE.TIF,Day 6\Tray 1\DJI_20260704134522_0001_MS_NIR.TIF,,,,,Expected outputs already exist. Use --redo to overwrite.
6,Day 6,Tray 2,2,2,DJI_20260704134551_0002,DJI_20260704134551_0002,tray_folder_mapping,SKIPPED_EXISTS,ALL,Day 6\Tray 2\DJI_20260704134551_0002_D.JPG,Day 6\Tray 2\DJI_20260704134551_0002_MS_G.TIF,Day 6\Tray 2\DJI_20260704134551_0002_MS_R.TIF,Day 6\Tray 2\DJI_20260704134551_0002_MS_RE.TIF,Day 6\Tray 2\DJI_20260704134551_0002_MS_NIR.TIF,Day 6\Tray 2\DJI_20260704134551_0002_D.JPG,Day 6\Tray 2\DJI_20260704134551_0002_MS_G.TIF,Day 6\Tray 2\DJI_20260704134551_0002_MS_R.TIF,Day 6\Tray 2\DJI_20260704134551_0002_MS_RE.TIF,Day 6\Tray 2\DJI_20260704134551_0002_MS_NIR.TIF,,,,,Expected outputs already exist. Use --redo to overwrite.
6,Day 6,Tray 3,3,3,DJI_20260704134620_0003,DJI_20260704134620_0003,tray_folder_mapping,SKIPPED_EXISTS,ALL,Day 6\Tray 3\DJI_20260704134620_0003_D.JPG,Day 6\Tray 3\DJI_20260704134620_0003_MS_G.TIF,Day 6\Tray 3\DJI_20260704134620_0003_MS_R.TIF,Day 6\Tray 3\DJI_20260704134620_0003_MS_RE.TIF,Day 6\Tray 3\DJI_20260704134620_0003_MS_NIR.TIF,Day 6\Tray 3\DJI_20260704134620_0003_D.JPG,Day 6\Tray 3\DJI_20260704134620_0003_MS_G.TIF,Day 6\Tray 3\DJI_20260704134620_0003_MS_R.TIF,Day 6\Tray 3\DJI_20260704134620_0003_MS_RE.TIF,Day 6\Tray 3\DJI_20260704134620_0003_MS_NIR.TIF,,,,,Expected outputs already exist. Use --redo to overwrite.
6,Day 6,Tray 4,4,4,DJI_20260704134702_0004,DJI_20260704134702_0004,tray_folder_mapping,SKIPPED_EXISTS,ALL,Day 6\Tray 4\DJI_20260704134702_0004_D.JPG,Day 6\Tray 4\DJI_20260704134702_0004_MS_G.TIF,Day 6\Tray 4\DJI_20260704134702_0004_MS_R.TIF,Day 6\Tray 4\DJI_20260704134702_0004_MS_RE.TIF,Day 6\Tray 4\DJI_20260704134702_0004_MS_NIR.TIF,Day 6\Tray 4\DJI_20260704134702_0004_D.JPG,Day 6\Tray 4\DJI_20260704134702_0004_MS_G.TIF,Day 6\Tray 4\DJI_20260704134702_0004_MS_R.TIF,Day 6\Tray 4\DJI_20260704134702_0004_MS_RE.TIF,Day 6\Tray 4\DJI_20260704134702_0004_MS_NIR.TIF,,,,,Expected outputs already exist. Use --redo to overwrite.
6,Day 6,Tray 5,5,5,DJI_20260704134723_0005,DJI_20260704134723_0005,tray_folder_mapping,SKIPPED_EXISTS,ALL,Day 6\Tray 5\DJI_20260704134723_0005_D.JPG,Day 6\Tray 5\DJI_20260704134723_0005_MS_G.TIF,Day 6\Tray 5\DJI_20260704134723_0005_MS_R.TIF,Day 6\Tray 5\DJI_20260704134723_0005_MS_RE.TIF,Day 6\Tray 5\DJI_20260704134723_0005_MS_NIR.TIF,Day 6\Tray 5\DJI_20260704134723_0005_D.JPG,Day 6\Tray 5\DJI_20260704134723_0005_MS_G.TIF,Day 6\Tray 5\DJI_20260704134723_0005_MS_R.TIF,Day 6\Tray 5\DJI_20260704134723_0005_MS_RE.TIF,Day 6\Tray 5\DJI_20260704134723_0005_MS_NIR.TIF,,,,,Expected outputs already exist. Use --redo to overwrite.
6,Day 6,Tray 6,6,6,DJI_20260704134748_0006,DJI_20260704134748_0006,tray_folder_mapping,SKIPPED_EXISTS,ALL,Day 6\Tray 6\DJI_20260704134748_0006_D.JPG,Day 6\Tray 6\DJI_20260704134748_0006_MS_G.TIF,Day 6\Tray 6\DJI_20260704134748_0006_MS_R.TIF,Day 6\Tray 6\DJI_20260704134748_0006_MS_RE.TIF,Day 6\Tray 6\DJI_20260704134748_0006_MS_NIR.TIF,Day 6\Tray 6\DJI_20260704134748_0006_D.JPG,Day 6\Tray 6\DJI_20260704134748_0006_MS_G.TIF,Day 6\Tray 6\DJI_20260704134748_0006_MS_R.TIF,Day 6\Tray 6\DJI_20260704134748_0006_MS_RE.TIF,Day 6\Tray 6\DJI_20260704134748_0006_MS_NIR.TIF,,,,,Expected outputs already exist. Use --redo to overwrite.
6,Day 6,Tray 7,7,7,DJI_20260704134820_0007,DJI_20260704134820_0007,tray_folder_mapping,SKIPPED_EXISTS,ALL,Day 6\Tray 7\DJI_20260704134820_0007_D.JPG,Day 6\Tray 7\DJI_20260704134820_0007_MS_G.TIF,Day 6\Tray 7\DJI_20260704134820_0007_MS_R.TIF,Day 6\Tray 7\DJI_20260704134820_0007_MS_RE.TIF,Day 6\Tray 7\DJI_20260704134820_0007_MS_NIR.TIF,Day 6\Tray 7\DJI_20260704134820_0007_D.JPG,Day 6\Tray 7\DJI_20260704134820_0007_MS_G.TIF,Day 6\Tray 7\DJI_20260704134820_0007_MS_R.TIF,Day 6\Tray 7\DJI_20260704134820_0007_MS_RE.TIF,Day 6\Tray 7\DJI_20260704134820_0007_MS_NIR.TIF,,,,,Expected outputs already exist. Use --redo to overwrite.
6,Day 6,Tray 8,8,8,DJI_20260704134909_0008,DJI_20260704134909_0008,tray_folder_mapping,SKIPPED_EXISTS,ALL,Day 6\Tray 8\DJI_20260704134909_0008_D.JPG,Day 6\Tray 8\DJI_20260704134909_0008_MS_G.TIF,Day 6\Tray 8\DJI_20260704134909_0008_MS_R.TIF,Day 6\Tray 8\DJI_20260704134909_0008_MS_RE.TIF,Day 6\Tray 8\DJI_20260704134909_0008_MS_NIR.TIF,Day 6\Tray 8\DJI_20260704134909_0008_D.JPG,Day 6\Tray 8\DJI_20260704134909_0008_MS_G.TIF,Day 6\Tray 8\DJI_20260704134909_0008_MS_R.TIF,Day 6\Tray 8\DJI_20260704134909_0008_MS_RE.TIF,Day 6\Tray 8\DJI_20260704134909_0008_MS_NIR.TIF,,,,,Expected outputs already exist. Use --redo to overwrite.
6,Day 6,Tray 9,9,9,DJI_20260704134957_0009,DJI_20260704134957_0009,tray_folder_mapping,SKIPPED_EXISTS,ALL,Day 6\Tray 9\DJI_20260704134957_0009_D.JPG,Day 6\Tray 9\DJI_20260704134957_0009_MS_G.TIF,Day 6\Tray 9\DJI_20260704134957_0009_MS_R.TIF,Day 6\Tray 9\DJI_20260704134957_0009_MS_RE.TIF,Day 6\Tray 9\DJI_20260704134957_0009_MS_NIR.TIF,Day 6\Tray 9\DJI_20260704134957_0009_D.JPG,Day 6\Tray 9\DJI_20260704134957_0009_MS_G.TIF,Day 6\Tray 9\DJI_20260704134957_0009_MS_R.TIF,Day 6\Tray 9\DJI_20260704134957_0009_MS_RE.TIF,Day 6\Tray 9\DJI_20260704134957_0009_MS_NIR.TIF,,,,,Expected outputs already exist. Use --redo to overwrite.
6,Day 6,Tray 10,10,10,DJI_20260704135020_0010,DJI_20260704135020_0010,tray_folder_mapping,SKIPPED_EXISTS,ALL,Day 6\Tray 10\DJI_20260704135020_0010_D.JPG,Day 6\Tray 10\DJI_20260704135020_0010_MS_G.TIF,Day 6\Tray 10\DJI_20260704135020_0010_MS_R.TIF,Day 6\Tray 10\DJI_20260704135020_0010_MS_RE.TIF,Day 6\Tray 10\DJI_20260704135020_0010_MS_NIR.TIF,Day 6\Tray 10\DJI_20260704135020_0010_D.JPG,Day 6\Tray 10\DJI_20260704135020_0010_MS_G.TIF,Day 6\Tray 10\DJI_20260704135020_0010_MS_R.TIF,Day 6\Tray 10\DJI_20260704135020_0010_MS_RE.TIF,Day 6\Tray 10\DJI_20260704135020_0010_MS_NIR.TIF,,,,,Expected outputs already exist. Use --redo to overwrite.
6,Day 6,Tray 11,11,11,DJI_20260704135050_0011,DJI_20260704135050_0011,tray_folder_mapping,SKIPPED_EXISTS,ALL,Day 6\Tray 11\DJI_20260704135050_0011_D.JPG,Day 6\Tray 11\DJI_20260704135050_0011_MS_G.TIF,Day 6\Tray 11\DJI_20260704135050_0011_MS_R.TIF,Day 6\Tray 11\DJI_20260704135050_0011_MS_RE.TIF,Day 6\Tray 11\DJI_20260704135050_0011_MS_NIR.TIF,Day 6\Tray 11\DJI_20260704135050_0011_D.JPG,Day 6\Tray 11\DJI_20260704135050_0011_MS_G.TIF,Day 6\Tray 11\DJI_20260704135050_0011_MS_R.TIF,Day 6\Tray 11\DJI_20260704135050_0011_MS_RE.TIF,Day 6\Tray 11\DJI_20260704135050_0011_MS_NIR.TIF,,,,,Expected outputs already exist. Use --redo to overwrite.
6,Day 6,Tray 12,12,12,DJI_20260704135127_0012,DJI_20260704135127_0012,tray_folder_mapping,SKIPPED_EXISTS,ALL,Day 6\Tray 12\DJI_20260704135127_0012_D.JPG,Day 6\Tray 12\DJI_20260704135127_0012_MS_G.TIF,Day 6\Tray 12\DJI_20260704135127_0012_MS_R.TIF,Day 6\Tray 12\DJI_20260704135127_0012_MS_RE.TIF,Day 6\Tray 12\DJI_20260704135127_0012_MS_NIR.TIF,Day 6\Tray 12\DJI_20260704135127_0012_D.JPG,Day 6\Tray 12\DJI_20260704135127_0012_MS_G.TIF,Day 6\Tray 12\DJI_20260704135127_0012_MS_R.TIF,Day 6\Tray 12\DJI_20260704135127_0012_MS_RE.TIF,Day 6\Tray 12\DJI_20260704135127_0012_MS_NIR.TIF,,,,,Expected outputs already exist. Use --redo to overwrite.
7,Day 7,Tray 1,1,1,DJI_20260707125025_0001,DJI_20260707125025_0001,tray_folder_mapping,SKIPPED_EXISTS,ALL,Day 7\Tray 1\DJI_20260707125025_0001_D.JPG,Day 7\Tray 1\DJI_20260707125025_0001_MS_G.TIF,Day 7\Tray 1\DJI_20260707125025_0001_MS_R.TIF,Day 7\Tray 1\DJI_20260707125025_0001_MS_RE.TIF,Day 7\Tray 1\DJI_20260707125025_0001_MS_NIR.TIF,Day 7\Tray 1\DJI_20260707125025_0001_D.JPG,Day 7\Tray 1\DJI_20260707125025_0001_MS_G.TIF,Day 7\Tray 1\DJI_20260707125025_0001_MS_R.TIF,Day 7\Tray 1\DJI_20260707125025_0001_MS_RE.TIF,Day 7\Tray 1\DJI_20260707125025_0001_MS_NIR.TIF,,,,,Expected outputs already exist. Use --redo to overwrite.
7,Day 7,Tray 2,2,2,DJI_20260707125114_0002,DJI_20260707125114_0002,tray_folder_mapping,SKIPPED_EXISTS,ALL,Day 7\Tray 2\DJI_20260707125114_0002_D.JPG,Day 7\Tray 2\DJI_20260707125114_0002_MS_G.TIF,Day 7\Tray 2\DJI_20260707125114_0002_MS_R.TIF,Day 7\Tray 2\DJI_20260707125114_0002_MS_RE.TIF,Day 7\Tray 2\DJI_20260707125114_0002_MS_NIR.TIF,Day 7\Tray 2\DJI_20260707125114_0002_D.JPG,Day 7\Tray 2\DJI_20260707125114_0002_MS_G.TIF,Day 7\Tray 2\DJI_20260707125114_0002_MS_R.TIF,Day 7\Tray 2\DJI_20260707125114_0002_MS_RE.TIF,Day 7\Tray 2\DJI_20260707125114_0002_MS_NIR.TIF,,,,,Expected outputs already exist. Use --redo to overwrite.
7,Day 7,Tray 3,3,3,DJI_20260707125152_0003,DJI_20260707125152_0003,tray_folder_mapping,SKIPPED_EXISTS,ALL,Day 7\Tray 3\DJI_20260707125152_0003_D.JPG,Day 7\Tray 3\DJI_20260707125152_0003_MS_G.TIF,Day 7\Tray 3\DJI_20260707125152_0003_MS_R.TIF,Day 7\Tray 3\DJI_20260707125152_0003_MS_RE.TIF,Day 7\Tray 3\DJI_20260707125152_0003_MS_NIR.TIF,Day 7\Tray 3\DJI_20260707125152_0003_D.JPG,Day 7\Tray 3\DJI_20260707125152_0003_MS_G.TIF,Day 7\Tray 3\DJI_20260707125152_0003_MS_R.TIF,Day 7\Tray 3\DJI_20260707125152_0003_MS_RE.TIF,Day 7\Tray 3\DJI_20260707125152_0003_MS_NIR.TIF,,,,,Expected outputs already exist. Use --redo to overwrite.
7,Day 7,Tray 4,4,4,DJI_20260707125241_0004,DJI_20260707125241_0004,tray_folder_mapping,SKIPPED_EXISTS,ALL,Day 7\Tray 4\DJI_20260707125241_0004_D.JPG,Day 7\Tray 4\DJI_20260707125241_0004_MS_G.TIF,Day 7\Tray 4\DJI_20260707125241_0004_MS_R.TIF,Day 7\Tray 4\DJI_20260707125241_0004_MS_RE.TIF,Day 7\Tray 4\DJI_20260707125241_0004_MS_NIR.TIF,Day 7\Tray 4\DJI_20260707125241_0004_D.JPG,Day 7\Tray 4\DJI_20260707125241_0004_MS_G.TIF,Day 7\Tray 4\DJI_20260707125241_0004_MS_R.TIF,Day 7\Tray 4\DJI_20260707125241_0004_MS_RE.TIF,Day 7\Tray 4\DJI_20260707125241_0004_MS_NIR.TIF,,,,,Expected outputs already exist. Use --redo to overwrite.
7,Day 7,Tray 5,5,5,DJI_20260707125327_0005,DJI_20260707125327_0005,tray_folder_mapping,SKIPPED_EXISTS,ALL,Day 7\Tray 5\DJI_20260707125327_0005_D.JPG,Day 7\Tray 5\DJI_20260707125327_0005_MS_G.TIF,Day 7\Tray 5\DJI_20260707125327_0005_MS_R.TIF,Day 7\Tray 5\DJI_20260707125327_0005_MS_RE.TIF,Day 7\Tray 5\DJI_20260707125327_0005_MS_NIR.TIF,Day 7\Tray 5\DJI_20260707125327_0005_D.JPG,Day 7\Tray 5\DJI_20260707125327_0005_MS_G.TIF,Day 7\Tray 5\DJI_20260707125327_0005_MS_R.TIF,Day 7\Tray 5\DJI_20260707125327_0005_MS_RE.TIF,Day 7\Tray 5\DJI_20260707125327_0005_MS_NIR.TIF,,,,,Expected outputs already exist. Use --redo to overwrite.
7,Day 7,Tray 6,6,6,DJI_20260707125404_0006,DJI_20260707125404_0006,tray_folder_mapping,SKIPPED_EXISTS,ALL,Day 7\Tray 6\DJI_20260707125404_0006_D.JPG,Day 7\Tray 6\DJI_20260707125404_0006_MS_G.TIF,Day 7\Tray 6\DJI_20260707125404_0006_MS_R.TIF,Day 7\Tray 6\DJI_20260707125404_0006_MS_RE.TIF,Day 7\Tray 6\DJI_20260707125404_0006_MS_NIR.TIF,Day 7\Tray 6\DJI_20260707125404_0006_D.JPG,Day 7\Tray 6\DJI_20260707125404_0006_MS_G.TIF,Day 7\Tray 6\DJI_20260707125404_0006_MS_R.TIF,Day 7\Tray 6\DJI_20260707125404_0006_MS_RE.TIF,Day 7\Tray 6\DJI_20260707125404_0006_MS_NIR.TIF,,,,,Expected outputs already exist. Use --redo to overwrite.
7,Day 7,Tray 7,7,7,DJI_20260707125452_0007,DJI_20260707125452_0007,tray_folder_mapping,SKIPPED_EXISTS,ALL,Day 7\Tray 7\DJI_20260707125452_0007_D.JPG,Day 7\Tray 7\DJI_20260707125452_0007_MS_G.TIF,Day 7\Tray 7\DJI_20260707125452_0007_MS_R.TIF,Day 7\Tray 7\DJI_20260707125452_0007_MS_RE.TIF,Day 7\Tray 7\DJI_20260707125452_0007_MS_NIR.TIF,Day 7\Tray 7\DJI_20260707125452_0007_D.JPG,Day 7\Tray 7\DJI_20260707125452_0007_MS_G.TIF,Day 7\Tray 7\DJI_20260707125452_0007_MS_R.TIF,Day 7\Tray 7\DJI_20260707125452_0007_MS_RE.TIF,Day 7\Tray 7\DJI_20260707125452_0007_MS_NIR.TIF,,,,,Expected outputs already exist. Use --redo to overwrite.
7,Day 7,Tray 8,8,8,DJI_20260707125545_0008,DJI_20260707125545_0008,tray_folder_mapping,SKIPPED_EXISTS,ALL,Day 7\Tray 8\DJI_20260707125545_0008_D.JPG,Day 7\Tray 8\DJI_20260707125545_0008_MS_G.TIF,Day 7\Tray 8\DJI_20260707125545_0008_MS_R.TIF,Day 7\Tray 8\DJI_20260707125545_0008_MS_RE.TIF,Day 7\Tray 8\DJI_20260707125545_0008_MS_NIR.TIF,Day 7\Tray 8\DJI_20260707125545_0008_D.JPG,Day 7\Tray 8\DJI_20260707125545_0008_MS_G.TIF,Day 7\Tray 8\DJI_20260707125545_0008_MS_R.TIF,Day 7\Tray 8\DJI_20260707125545_0008_MS_RE.TIF,Day 7\Tray 8\DJI_20260707125545_0008_MS_NIR.TIF,,,,,Expected outputs already exist. Use --redo to overwrite.
7,Day 7,Tray 9,9,9,DJI_20260707125629_0009,DJI_20260707125629_0009,tray_folder_mapping,SKIPPED_EXISTS,ALL,Day 7\Tray 9\DJI_20260707125629_0009_D.JPG,Day 7\Tray 9\DJI_20260707125629_0009_MS_G.TIF,Day 7\Tray 9\DJI_20260707125629_0009_MS_R.TIF,Day 7\Tray 9\DJI_20260707125629_0009_MS_RE.TIF,Day 7\Tray 9\DJI_20260707125629_0009_MS_NIR.TIF,Day 7\Tray 9\DJI_20260707125629_0009_D.JPG,Day 7\Tray 9\DJI_20260707125629_0009_MS_G.TIF,Day 7\Tray 9\DJI_20260707125629_0009_MS_R.TIF,Day 7\Tray 9\DJI_20260707125629_0009_MS_RE.TIF,Day 7\Tray 9\DJI_20260707125629_0009_MS_NIR.TIF,,,,,Expected outputs already exist. Use --redo to overwrite.
7,Day 7,Tray 10,10,10,DJI_20260707125716_0010,DJI_20260707125716_0010,tray_folder_mapping,SKIPPED_EXISTS,ALL,Day 7\Tray 10\DJI_20260707125716_0010_D.JPG,Day 7\Tray 10\DJI_20260707125716_0010_MS_G.TIF,Day 7\Tray 10\DJI_20260707125716_0010_MS_R.TIF,Day 7\Tray 10\DJI_20260707125716_0010_MS_RE.TIF,Day 7\Tray 10\DJI_20260707125716_0010_MS_NIR.TIF,Day 7\Tray 10\DJI_20260707125716_0010_D.JPG,Day 7\Tray 10\DJI_20260707125716_0010_MS_G.TIF,Day 7\Tray 10\DJI_20260707125716_0010_MS_R.TIF,Day 7\Tray 10\DJI_20260707125716_0010_MS_RE.TIF,Day 7\Tray 10\DJI_20260707125716_0010_MS_NIR.TIF,,,,,Expected outputs already exist. Use --redo to overwrite.
7,Day 7,Tray 11,11,11,DJI_20260707125749_0011,DJI_20260707125749_0011,tray_folder_mapping,SKIPPED_EXISTS,ALL,Day 7\Tray 11\DJI_20260707125749_0011_D.JPG,Day 7\Tray 11\DJI_20260707125749_0011_MS_G.TIF,Day 7\Tray 11\DJI_20260707125749_0011_MS_R.TIF,Day 7\Tray 11\DJI_20260707125749_0011_MS_RE.TIF,Day 7\Tray 11\DJI_20260707125749_0011_MS_NIR.TIF,Day 7\Tray 11\DJI_20260707125749_0011_D.JPG,Day 7\Tray 11\DJI_20260707125749_0011_MS_G.TIF,Day 7\Tray 11\DJI_20260707125749_0011_MS_R.TIF,Day 7\Tray 11\DJI_20260707125749_0011_MS_RE.TIF,Day 7\Tray 11\DJI_20260707125749_0011_MS_NIR.TIF,,,,,Expected outputs already exist. Use --redo to overwrite.
7,Day 7,Tray 12,12,12,DJI_20260707125838_0012,DJI_20260707125838_0012; DJI_20260707125839_0012,tray_folder_mapping,SKIPPED_EXISTS,ALL,Day 7\Tray 12\DJI_20260707125838_0012_D.JPG,Day 7\Tray 12\DJI_20260707125839_0012_MS_G.TIF,Day 7\Tray 12\DJI_20260707125839_0012_MS_R.TIF,Day 7\Tray 12\DJI_20260707125839_0012_MS_RE.TIF,Day 7\Tray 12\DJI_20260707125839_0012_MS_NIR.TIF,Day 7\Tray 12\DJI_20260707125838_0012_D.JPG,Day 7\Tray 12\DJI_20260707125838_0012_MS_G.TIF,Day 7\Tray 12\DJI_20260707125838_0012_MS_R.TIF,Day 7\Tray 12\DJI_20260707125838_0012_MS_RE.TIF,Day 7\Tray 12\DJI_20260707125838_0012_MS_NIR.TIF,,,,,Expected outputs already exist. Use --redo to overwrite.
