day_order,day,tray,tray_no,capture_id,capture_sequence_index,status,method,reference_band,cell_count,image_width,image_height,candidate_count,candidate_methods_evaluated,candidate_score,outer_coverage_pass,first_column_x_ratio,last_column_x_ratio,first_row_y_ratio,last_row_y_ratio,horizontal_coverage_ratio,vertical_coverage_ratio,horizontal_spacing_mean,vertical_spacing_mean,max_spacing_cv,median_fit_residual_px,median_fit_residual_ratio,maximum_fit_residual_px,maximum_fit_residual_ratio,fit_inlier_count,mean_cup_contrast,cup_contrast_p05,minimum_cup_contrast,edge_clipped_cell_count,centre_outside_count,source_point_count,source_supported_cell_count,source_mean_distance_ratio,x_profile_score,y_profile_score,overlay_path,reference_image_path,missing_bands,notes
1,Day 1,Tray 1,1,DJI_20260629153749_0001,0,PASS_AUTO,projection_regular_lattice,NIR,70,1376,869,1,projection_regular_lattice,708.4647860067696,Yes,0.06240435647148409,0.9520938162957602,0.09454046333397934,0.9038626740402569,0.889689459824276,0.8093222107062775,136.02504525020302,117.2212636875633,0.0069682494369452674,5.307687363808251,0.039527611302674216,14.059262224227929,0.10470267261614265,70,107.52972815377372,79.29118385314942,74.3865966796875,0,0,0,0,nan,1.1497214089003163,1.1792450376100825,Day 1\Tray 1\overlays\DJI_20260629153749_0001_MS_NIR_grid_overlay.jpg,C:\Users\tshib\OneDrive\Desktop\Internship\outputs\Third trial\01_Crop_Dual_Reference\Day 1\Tray 1\DJI_20260629153749_0001_MS_NIR.TIF,,
1,Day 1,Tray 2,2,DJI_20260629153956_0003,0,PASS_AUTO,projection_regular_lattice,NIR,70,1376,866,1,projection_regular_lattice,713.9367306916636,Yes,0.04747002020572126,0.943131167863453,0.08888543175252678,0.9039421306085077,0.8956611476577316,0.8150566988559809,136.9380774021804,117.64305083495078,0.008339914820798787,4.864678294931664,0.036076516195691674,12.914317908487543,0.09577274609654463,70,109.38516867501396,77.97608489990235,73.35456085205078,0,0,0,0,nan,1.1729450744797192,1.1822696152731411,Day 1\Tray 2\overlays\DJI_20260629153956_0003_MS_NIR_grid_overlay.jpg,C:\Users\tshib\OneDrive\Desktop\Internship\outputs\Third trial\01_Crop_Dual_Reference\Day 1\Tray 2\DJI_20260629153956_0003_MS_NIR.TIF,,
1,Day 1,Tray 3,3,DJI_20260629154053_0004,0,PASS_AUTO,projection_regular_lattice,NIR,70,1369,864,1,projection_regular_lattice,692.4726145327381,Yes,0.047742249255475835,0.9464549894054473,0.09547467233395246,0.9061779502760214,0.8987127401499714,0.810703277942069,136.70465172486317,116.74443364608571,0.0033142630570945283,4.406649684262249,0.03237519183333875,11.130625149215211,0.0817755324907696,70,99.83792136056083,71.95538864135742,54.57207489013672,0,0,0,0,nan,1.1799446083775529,1.1782361329552449,Day 1\Tray 3\overlays\DJI_20260629154053_0004_MS_NIR_grid_overlay.jpg,C:\Users\tshib\OneDrive\Desktop\Internship\outputs\Third trial\01_Crop_Dual_Reference\Day 1\Tray 3\DJI_20260629154053_0004_MS_NIR.TIF,,
1,Day 1,Tray 4,4,DJI_20260629154141_0005,0,PASS_AUTO,projection_regular_lattice,NIR,70,1380,871,1,projection_regular_lattice,770.0936785774185,Yes,0.052491727779258576,0.948017743907955,0.10379893089369059,0.9058775986353389,0.8955260161286964,0.8020786677416484,137.3156260357478,116.43778226487498,0.005949320574851118,4.033734664975673,0.029668032684339794,10.219046155541445,0.07516086716804636,70,124.62806254795619,102.06362533569336,93.13417053222656,0,0,0,0,nan,1.178208986928405,1.164896274717237,Day 1\Tray 4\overlays\DJI_20260629154141_0005_MS_NIR_grid_overlay.jpg,C:\Users\tshib\OneDrive\Desktop\Internship\outputs\Third trial\01_Crop_Dual_Reference\Day 1\Tray 4\DJI_20260629154141_0005_MS_NIR.TIF,,
1,Day 1,Tray 5,5,DJI_20260629154235_0006,0,PASS_AUTO,projection_regular_lattice,NIR,70,1363,871,1,projection_regular_lattice,702.1702764934427,Yes,0.05228607384228894,0.9529231236793417,0.09418812422313988,0.9016275617268288,0.9006370498370528,0.807439437503689,136.40055702005031,117.22097714045748,0.005583230321498675,5.114328132077038,0.037777516259604176,20.43598905678461,0.15095255699994348,67,105.60258952549526,83.33932647705078,56.10002899169922,4,0,0,0,nan,1.1685673761269249,1.1808428877611352,Day 1\Tray 5\overlays\DJI_20260629154235_0006_MS_NIR_grid_overlay.jpg,C:\Users\tshib\OneDrive\Desktop\Internship\outputs\Third trial\01_Crop_Dual_Reference\Day 1\Tray 5\DJI_20260629154235_0006_MS_NIR.TIF,,
1,Day 1,Tray 6,6,DJI_20260629154321_0007,0,PASS_AUTO,projection_regular_lattice,NIR,70,1378,866,1,projection_regular_lattice,677.1852249665371,Yes,0.052800686674627,0.9531340323816742,0.09443140004232622,0.9064863777243991,0.9003333457070472,0.8120549776820729,137.8513659569482,117.20886215631828,0.0026776519661340114,4.341315451397756,0.031636655148358186,12.826711258505078,0.09347264563376444,70,93.89619364057269,67.6683422088623,56.50468063354492,0,0,0,0,nan,1.1732706415444625,1.1943001249557954,Day 1\Tray 6\overlays\DJI_20260629154321_0007_MS_NIR_grid_overlay.jpg,C:\Users\tshib\OneDrive\Desktop\Internship\outputs\Third trial\01_Crop_Dual_Reference\Day 1\Tray 6\DJI_20260629154321_0007_MS_NIR.TIF,,
1,Day 1,Tray 7,7,DJI_20260629154404_0008,0,PASS_AUTO,projection_regular_lattice,NIR,70,1380,866,1,projection_regular_lattice,653.0188066734455,Yes,0.06333354662813472,0.9523317714495234,0.09550059725086406,0.904838556407755,0.8889982248213887,0.809337959156891,136.31389504578155,116.81459184753051,0.0024181206141724422,6.1135384050306385,0.044863442927250995,13.4021254910878,0.0983498347828339,70,88.10153525216239,64.88735160827636,53.01445388793945,0,0,0,0,nan,1.1233033094363427,1.1880826481705964,Day 1\Tray 7\overlays\DJI_20260629154404_0008_MS_NIR_grid_overlay.jpg,C:\Users\tshib\OneDrive\Desktop\Internship\outputs\Third trial\01_Crop_Dual_Reference\Day 1\Tray 7\DJI_20260629154404_0008_MS_NIR.TIF,,
1,Day 1,Tray 8,8,DJI_20260629154446_0009,0,PASS_AUTO,projection_regular_lattice,NIR,70,1386,879,1,projection_regular_lattice,708.4923939000363,Yes,0.06103604750101083,0.949546770567688,0.1003883166198531,0.9022054320587426,0.8885107230666771,0.8018171154388896,136.83148382299032,117.47029504990245,0.005025664594292816,5.690173107446713,0.04162232279814369,28.807401345831554,0.2107195923833515,69,104.63270372663226,85.23872756958008,54.614280700683594,0,0,0,0,nan,1.1564407912224464,1.1994315621457579,Day 1\Tray 8\overlays\DJI_20260629154446_0009_MS_NIR_grid_overlay.jpg,C:\Users\tshib\OneDrive\Desktop\Internship\outputs\Third trial\01_Crop_Dual_Reference\Day 1\Tray 8\DJI_20260629154446_0009_MS_NIR.TIF,,
1,Day 1,Tray 9,9,DJI_20260629154539_0010,0,PASS_AUTO,projection_regular_lattice,NIR,70,1365,875,1,projection_regular_lattice,663.3385919682943,Yes,0.05618033095355507,0.956166196621555,0.09558339731072481,0.9011794628507577,0.8999858656679999,0.8055960655400328,136.4993281937527,117.4959363382136,0.008938260610409154,5.494035923896904,0.04045965131068981,15.680002672348277,0.11547202265541656,70,95.48059899466378,72.80370063781739,66.30137634277344,7,0,0,0,nan,1.1549053125371518,1.2069994718760977,Day 1\Tray 9\overlays\DJI_20260629154539_0010_MS_NIR_grid_overlay.jpg,C:\Users\tshib\OneDrive\Desktop\Internship\outputs\Third trial\01_Crop_Dual_Reference\Day 1\Tray 9\DJI_20260629154539_0010_MS_NIR.TIF,,
1,Day 1,Tray 10,10,DJI_20260629154609_0011,0,PASS_AUTO,projection_regular_lattice,NIR,70,1380,885,1,projection_regular_lattice,675.2611629030646,Yes,0.0633785125804794,0.9535171753476258,0.1046090868311565,0.9040681243654021,0.8901386627671464,0.7994590375342456,136.489561567297,117.92431046291401,0.0067840423031326515,4.077630651121527,0.03025150905280839,10.333387024397885,0.07666230167971848,70,96.2344968523298,67.93512229919433,59.365909576416016,2,0,0,0,nan,1.1445094623787715,1.192196741186456,Day 1\Tray 10\overlays\DJI_20260629154609_0011_MS_NIR_grid_overlay.jpg,C:\Users\tshib\OneDrive\Desktop\Internship\outputs\Third trial\01_Crop_Dual_Reference\Day 1\Tray 10\DJI_20260629154609_0011_MS_NIR.TIF,,
1,Day 1,Tray 11,11,DJI_20260629154652_0012,0,PASS_AUTO,projection_regular_lattice,NIR,70,1367,866,1,projection_regular_lattice,736.0363549444818,Yes,0.0524627688819887,0.9496403859783558,0.09767903552187897,0.9108218154360754,0.897177617096367,0.8131427799141964,136.2714511440488,117.36806315237966,0.003275994787805625,4.356210673937467,0.03215701203472439,12.216423710121358,0.090180139041022,70,112.97497068132672,90.72175445556641,78.7996826171875,0,0,0,0,nan,1.1704978093410034,1.17988000216964,Day 1\Tray 11\overlays\DJI_20260629154652_0012_MS_NIR_grid_overlay.jpg,C:\Users\tshib\OneDrive\Desktop\Internship\outputs\Third trial\01_Crop_Dual_Reference\Day 1\Tray 11\DJI_20260629154652_0012_MS_NIR.TIF,,
1,Day 1,Tray 12,12,DJI_20260629154739_0013,0,PASS_AUTO,projection_regular_lattice,NIR,70,1374,871,1,projection_regular_lattice,755.7547748635667,Yes,0.0551107841322668,0.9469640527773293,0.1002041390044498,0.9016764513897629,0.8918532686450625,0.8014723123853131,136.15767852317143,116.34792379284082,0.005732540533178259,4.238218071741351,0.03135504232637126,10.88705707383343,0.08054425930457397,70,119.01178894042968,101.64647331237794,92.38404846191406,0,0,0,0,nan,1.1527037908500772,1.173757873452843,Day 1\Tray 12\overlays\DJI_20260629154739_0013_MS_NIR_grid_overlay.jpg,C:\Users\tshib\OneDrive\Desktop\Internship\outputs\Third trial\01_Crop_Dual_Reference\Day 1\Tray 12\DJI_20260629154739_0013_MS_NIR.TIF,,
2,Day 2,Tray 1,1,DJI_20260630132402_0001,0,PASS_AUTO,projection_regular_lattice,NIR,70,1373,856,1,projection_regular_lattice,790.7006406631143,Yes,0.053638807021760534,0.9462880915976595,0.09224245487976357,0.9106057362798754,0.892649284575899,0.8183632814001119,136.18278075380144,116.75579642064378,0.002484067066042649,3.2888375294577483,0.02422814860257014,9.986969821673497,0.07357182796706391,70,128.82284480503628,108.85945663452148,97.59471893310547,0,0,0,0,nan,1.1876969670607456,1.1847616527491747,Day 2\Tray 1\overlays\DJI_20260630132402_0001_MS_NIR_grid_overlay.jpg,C:\Users\tshib\OneDrive\Desktop\Internship\outputs\Third trial\01_Crop_Dual_Reference\Day 2\Tray 1\DJI_20260630132402_0001_MS_NIR.TIF,,
2,Day 2,Tray 2,2,DJI_20260630132440_0002,0,PASS_AUTO,projection_regular_lattice,NIR,70,1373,866,1,projection_regular_lattice,814.4553685126468,Yes,0.05640704616052111,0.9491729584815454,0.1043132379484243,0.9125746214014683,0.8927659123210243,0.808261383453044,136.19691373069583,116.65998838259156,0.0049900912121266985,3.6345336678775233,0.026845227363434674,8.404646357984433,0.062078016881080215,70,136.22615541730607,122.81325149536133,113.01051330566406,0,0,0,0,nan,1.1905054076731783,1.1608716476250447,Day 2\Tray 2\overlays\DJI_20260630132440_0002_MS_NIR_grid_overlay.jpg,C:\Users\tshib\OneDrive\Desktop\Internship\outputs\Third trial\01_Crop_Dual_Reference\Day 2\Tray 2\DJI_20260630132440_0002_MS_NIR.TIF,,
2,Day 2,Tray 3,3,DJI_20260630132506_0003,0,PASS_AUTO,projection_regular_lattice,NIR,70,1374,873,1,projection_regular_lattice,768.4295361257515,Yes,0.05052608766871171,0.9457060612450975,0.1035758058371062,0.9101714812284177,0.8951799735763859,0.8065956753913115,136.66592234045854,117.36341991326377,0.00486497787240354,3.682160422436033,0.027183874044893284,10.654107389090537,0.07865488737565599,70,123.77643857683454,98.09872207641601,88.40325927734375,0,0,0,0,nan,1.1938197677698001,1.1779739964299754,Day 2\Tray 3\overlays\DJI_20260630132506_0003_MS_NIR_grid_overlay.jpg,C:\Users\tshib\OneDrive\Desktop\Internship\outputs\Third trial\01_Crop_Dual_Reference\Day 2\Tray 3\DJI_20260630132506_0003_MS_NIR.TIF,,
2,Day 2,Tray 4,4,DJI_20260630132544_0004,0,PASS_AUTO,projection_regular_lattice,NIR,70,1365,869,1,projection_regular_lattice,822.285085856235,Yes,0.05493280091341115,0.9508755298637648,0.10216180506770471,0.906027357802842,0.8959427289503537,0.8038655527351373,135.88742915257708,116.4275270915275,0.009815326468561349,3.4988515456218003,0.02585861305206023,8.041520754184052,0.059431665168178015,70,139.8096802847726,125.40082015991212,109.72076416015625,0,0,0,0,nan,1.189277026634948,1.1595091768569399,Day 2\Tray 4\overlays\DJI_20260630132544_0004_MS_NIR_grid_overlay.jpg,C:\Users\tshib\OneDrive\Desktop\Internship\outputs\Third trial\01_Crop_Dual_Reference\Day 2\Tray 4\DJI_20260630132544_0004_MS_NIR.TIF,,
2,Day 2,Tray 5,5,DJI_20260630132609_0005,0,PASS_AUTO,projection_regular_lattice,NIR,70,1372,871,1,projection_regular_lattice,758.6661252738888,Yes,0.05959591893798869,0.9498108587255886,0.10357781676186649,0.9067150243294727,0.8902149397875998,0.8031372075676062,135.71027071833498,116.58893580896022,0.0068334092139016025,3.7529065994027455,0.0277919289552315,11.496813230550265,0.0851389737665915,70,122.03000924246652,97.09105987548828,77.87517547607422,0,0,0,0,nan,1.1583745253008753,1.1491309693137408,Day 2\Tray 5\overlays\DJI_20260630132609_0005_MS_NIR_grid_overlay.jpg,C:\Users\tshib\OneDrive\Desktop\Internship\outputs\Third trial\01_Crop_Dual_Reference\Day 2\Tray 5\DJI_20260630132609_0005_MS_NIR.TIF,,
2,Day 2,Tray 6,6,DJI_20260630132636_0006,0,PASS_AUTO,projection_regular_lattice,NIR,70,1372,867,1,projection_regular_lattice,735.7265535324386,Yes,0.0540185921629693,0.9486370363549638,0.08683939985968815,0.9007125734086167,0.8946184441919945,0.8138731735489286,136.38009578723907,117.60581366318553,0.007999018579896362,4.126413762275588,0.030370483264299496,10.898532872593726,0.08021340788423335,70,113.52061277117048,89.76596717834472,82.95257568359375,0,0,0,0,nan,1.1809960809071793,1.1829148932939977,Day 2\Tray 6\overlays\DJI_20260630132636_0006_MS_NIR_grid_overlay.jpg,C:\Users\tshib\OneDrive\Desktop\Internship\outputs\Third trial\01_Crop_Dual_Reference\Day 2\Tray 6\DJI_20260630132636_0006_MS_NIR.TIF,,
2,Day 2,Tray 7,7,DJI_20260630132722_0007,0,PASS_AUTO,projection_regular_lattice,NIR,70,1373,868,1,projection_regular_lattice,727.0570633599173,Yes,0.05498605420986665,0.947904546888739,0.09586313027107207,0.9056596491348431,0.8929184926788724,0.8097965188637709,136.22117743183057,117.15072544680575,0.007894066871835257,4.105236420723632,0.030429824955320463,12.456520602618237,0.09233323069447014,70,111.38178482055665,85.66528587341308,75.07139587402344,0,0,0,0,nan,1.1733740991739785,1.1787152795222546,Day 2\Tray 7\overlays\DJI_20260630132722_0007_MS_NIR_grid_overlay.jpg,C:\Users\tshib\OneDrive\Desktop\Internship\outputs\Third trial\01_Crop_Dual_Reference\Day 2\Tray 7\DJI_20260630132722_0007_MS_NIR.TIF,,
2,Day 2,Tray 8,8,DJI_20260630132807_0008,0,PASS_AUTO,projection_regular_lattice,NIR,70,1374,866,1,projection_regular_lattice,774.7615119349671,Yes,0.05045484535294885,0.9457474639900998,0.09508655835135461,0.9040009943451589,0.895292618637151,0.8089144359938044,136.68223083962948,116.7541380896544,0.006059214944164942,3.617946747462774,0.026550211547059343,8.314082824281423,0.06101268847012394,70,126.6125717163086,99.60712547302246,87.99929809570312,0,0,0,0,nan,1.1849775565501306,1.1734450509320256,Day 2\Tray 8\overlays\DJI_20260630132807_0008_MS_NIR_grid_overlay.jpg,C:\Users\tshib\OneDrive\Desktop\Internship\outputs\Third trial\01_Crop_Dual_Reference\Day 2\Tray 8\DJI_20260630132807_0008_MS_NIR.TIF,,
2,Day 2,Tray 9,9,DJI_20260630132830_0009,0,PASS_AUTO,projection_regular_lattice,NIR,70,1364,869,1,projection_regular_lattice,711.9230350788968,Yes,0.05046740951608558,0.9464227112300742,0.09580304261156211,0.9048646586442767,0.8959553017139886,0.8090616160327145,135.78750258546123,117.18156025027139,0.006831150691838818,4.396124975415954,0.032725106633090154,9.813084186810311,0.07304938513092955,70,105.3981795174735,81.9804256439209,69.94505310058594,0,0,0,0,nan,1.1846111192680828,1.1921317633340567,Day 2\Tray 9\overlays\DJI_20260630132830_0009_MS_NIR_grid_overlay.jpg,C:\Users\tshib\OneDrive\Desktop\Internship\outputs\Third trial\01_Crop_Dual_Reference\Day 2\Tray 9\DJI_20260630132830_0009_MS_NIR.TIF,,
2,Day 2,Tray 10,10,DJI_20260630132857_0010,0,PASS_AUTO,projection_regular_lattice,NIR,70,1378,871,1,projection_regular_lattice,733.6325222863404,Yes,0.04808186129255179,0.9393896904091507,0.0963367895333831,0.9006262292242795,0.891307829116599,0.8042894396908963,136.47070078977288,116.75771754222211,0.009895482715056286,3.7880325547912905,0.027999328478420907,7.180531651348067,0.05307506243617009,70,113.1824097769601,91.07058792114258,82.55392456054688,0,0,0,0,nan,1.1468318433645823,1.1752046501842797,Day 2\Tray 10\overlays\DJI_20260630132857_0010_MS_NIR_grid_overlay.jpg,C:\Users\tshib\OneDrive\Desktop\Internship\outputs\Third trial\01_Crop_Dual_Reference\Day 2\Tray 10\DJI_20260630132857_0010_MS_NIR.TIF,,
2,Day 2,Tray 11,11,DJI_20260630132921_0011,0,PASS_AUTO,projection_regular_lattice,NIR,70,1369,868,1,projection_regular_lattice,794.9534940610347,Yes,0.050365907085799154,0.9447977093141148,0.10101087770624463,0.9122964800860126,0.8944318022283156,0.811285602379768,136.05363228830868,117.36938423333238,0.010713050390441337,3.9696573472844623,0.02923510620708715,9.364941775203812,0.0689694458411026,70,133.00918415614538,111.23688278198242,101.982666015625,0,0,0,0,nan,1.183746144904372,1.1805222831012754,Day 2\Tray 11\overlays\DJI_20260630132921_0011_MS_NIR_grid_overlay.jpg,C:\Users\tshib\OneDrive\Desktop\Internship\outputs\Third trial\01_Crop_Dual_Reference\Day 2\Tray 11\DJI_20260630132921_0011_MS_NIR.TIF,,
2,Day 2,Tray 12,12,DJI_20260630133116_0012,0,PASS_AUTO,projection_regular_lattice,NIR,70,1378,866,1,projection_regular_lattice,840.1511476388486,Yes,0.052007328524707394,0.94461178906933,0.10451217034631695,0.9079644194281381,0.8926044605446225,0.8034522490818212,136.669835526766,115.96578309911527,0.005037929826704265,3.3415825923977684,0.024540029912084562,8.606772407711345,0.06320671313414564,70,143.7206050327846,132.83243560791016,130.70452880859375,0,0,0,0,nan,1.181423511854636,1.1729405957151047,Day 2\Tray 12\overlays\DJI_20260630133116_0012_MS_NIR_grid_overlay.jpg,C:\Users\tshib\OneDrive\Desktop\Internship\outputs\Third trial\01_Crop_Dual_Reference\Day 2\Tray 12\DJI_20260630133116_0012_MS_NIR.TIF,,
3,Day 3,Tray 1,1,DJI_20260701112247_0001,0,PASS_AUTO,projection_regular_lattice,NIR,70,1369,871,1,projection_regular_lattice,824.2151469509239,Yes,0.06075139507810902,0.9545045488867104,0.09985911025663384,0.9079181273079738,0.8937531538086014,0.80805901705134,135.9509306176177,117.30411989974195,0.007617365988973859,4.325582123097737,0.03223220905644203,9.925150154181459,0.07395756353298723,70,142.57914243425643,126.92381935119629,121.8454360961914,2,0,0,0,nan,1.1686397796065668,1.186612806801577,Day 3\Tray 1\overlays\DJI_20260701112247_0001_MS_NIR_grid_overlay.jpg,C:\Users\tshib\OneDrive\Desktop\Internship\outputs\Third trial\01_Crop_Dual_Reference\Day 3\Tray 1\DJI_20260701112247_0001_MS_NIR.TIF,,
3,Day 3,Tray 2,2,DJI_20260701112419_0002,0,PASS_AUTO,projection_regular_lattice,NIR,70,1363,864,1,projection_regular_lattice,888.5406377644373,Yes,0.054400756953472754,0.9531635427092499,0.09911723880443238,0.9064553709530236,0.8987627857557772,0.8073381321485912,136.112924310765,116.25677844891094,0.0034729396771845506,3.4211618379422504,0.025197790849962015,8.439463459222692,0.06215895219364948,70,159.77193254743304,147.90432891845703,133.40638732910156,0,0,0,0,nan,1.1798278641136377,1.1834121149929298,Day 3\Tray 2\overlays\DJI_20260701112419_0002_MS_NIR_grid_overlay.jpg,C:\Users\tshib\OneDrive\Desktop\Internship\outputs\Third trial\01_Crop_Dual_Reference\Day 3\Tray 2\DJI_20260701112419_0002_MS_NIR.TIF,,
3,Day 3,Tray 3,3,DJI_20260701112502_0003,0,PASS_AUTO,projection_regular_lattice,NIR,70,1367,871,1,projection_regular_lattice,848.8026420929657,Yes,0.05383186813007829,0.9484576064972927,0.102059479114381,0.9052596817368282,0.8946257383672145,0.8032002026224473,135.88416759863972,116.59961679971752,0.00322862061022411,3.3477031956900354,0.02468623351707353,7.419100717715977,0.05470904739703881,70,149.61601758684432,126.34000091552734,113.79639434814453,0,0,0,0,nan,1.167658880788642,1.1873164201660473,Day 3\Tray 3\overlays\DJI_20260701112502_0003_MS_NIR_grid_overlay.jpg,C:\Users\tshib\OneDrive\Desktop\Internship\outputs\Third trial\01_Crop_Dual_Reference\Day 3\Tray 3\DJI_20260701112502_0003_MS_NIR.TIF,,
3,Day 3,Tray 4,4,DJI_20260701112636_0004,0,PASS_AUTO,projection_regular_lattice,NIR,70,1367,862,1,projection_regular_lattice,866.7353800244805,Yes,0.055602687758476425,0.949877240921402,0.10604519358774007,0.9149794596378871,0.8942745531629256,0.8089342660501471,135.8313781242824,116.21825082553396,0.009141568469732506,4.219611679060854,0.031193193783738665,8.708602021394253,0.06437775110606132,70,156.07558157784598,139.6235107421875,135.20657348632812,0,0,0,0,nan,1.178976182470198,1.1589907074801016,Day 3\Tray 4\overlays\DJI_20260701112636_0004_MS_NIR_grid_overlay.jpg,C:\Users\tshib\OneDrive\Desktop\Internship\outputs\Third trial\01_Crop_Dual_Reference\Day 3\Tray 4\DJI_20260701112636_0004_MS_NIR.TIF,,
3,Day 3,Tray 5,5,DJI_20260701112716_0005,0,PASS_AUTO,projection_regular_lattice,NIR,70,1363,877,1,projection_regular_lattice,780.6879708634794,Yes,0.05386788157602452,0.9467437586890977,0.0988367237694249,0.9033978332729699,0.8928758771130733,0.804561109503545,135.22244556108032,117.60287502301315,0.006218393364183106,3.9227180229832204,0.029327187672471076,9.157698729718772,0.06846516821266846,70,130.33909007481165,102.25717163085938,88.87628173828125,0,0,0,0,nan,1.1491209673904113,1.15825680809142,Day 3\Tray 5\overlays\DJI_20260701112716_0005_MS_NIR_grid_overlay.jpg,C:\Users\tshib\OneDrive\Desktop\Internship\outputs\Third trial\01_Crop_Dual_Reference\Day 3\Tray 5\DJI_20260701112716_0005_MS_NIR.TIF,,
3,Day 3,Tray 6,6,DJI_20260701112808_0006,0,PASS_AUTO,projection_regular_lattice,NIR,70,1371,869,1,projection_regular_lattice,789.7320811952568,Yes,0.0540380864818763,0.9429997006222427,0.09456668327702657,0.9052638264245566,0.8889616141403663,0.81069714314753,135.41872063748133,117.41703190100033,0.006161921179616145,3.6289945460171094,0.026816840074579143,9.065582513633068,0.0669910834442607,70,130.43120673043387,107.70481338500977,100.93831634521484,0,0,0,0,nan,1.179516338404231,1.1832855666568223,Day 3\Tray 6\overlays\DJI_20260701112808_0006_MS_NIR_grid_overlay.jpg,C:\Users\tshib\OneDrive\Desktop\Internship\outputs\Third trial\01_Crop_Dual_Reference\Day 3\Tray 6\DJI_20260701112808_0006_MS_NIR.TIF,,
3,Day 3,Tray 7,7,DJI_20260701112855_0007,0,PASS_AUTO,projection_regular_lattice,NIR,70,1376,866,1,projection_regular_lattice,810.9106807993587,Yes,0.05648949907953859,0.9445693680687304,0.0933914373733176,0.9065612862429124,0.8880798689891917,0.8131698488695949,135.7777615292082,117.3680556898351,0.003465381391883134,3.152506251038627,0.023318639170229787,7.422844928308568,0.05490572538683187,70,135.70561926705497,115.01863517761231,106.4292984008789,0,0,0,0,nan,1.1818428452153475,1.1943152979895315,Day 3\Tray 7\overlays\DJI_20260701112855_0007_MS_NIR_grid_overlay.jpg,C:\Users\tshib\OneDrive\Desktop\Internship\outputs\Third trial\01_Crop_Dual_Reference\Day 3\Tray 7\DJI_20260701112855_0007_MS_NIR.TIF,,
3,Day 3,Tray 8,8,DJI_20260701112943_0008,0,PASS_AUTO,projection_regular_lattice,NIR,70,1371,875,1,projection_regular_lattice,821.1344626040219,Yes,0.05293103289129973,0.9459801553937147,0.10101403354010365,0.9029499561550183,0.893049122502415,0.8019359226149146,136.0416095030367,116.95106128492142,0.005817082771172509,3.537100783582478,0.0262652117485616,7.996253837969001,0.059377245122426654,70,141.59511577061244,115.65053634643554,102.99239349365234,0,0,0,0,nan,1.1743730506770151,1.1895047077224004,Day 3\Tray 8\overlays\DJI_20260701112943_0008_MS_NIR_grid_overlay.jpg,C:\Users\tshib\OneDrive\Desktop\Internship\outputs\Third trial\01_Crop_Dual_Reference\Day 3\Tray 8\DJI_20260701112943_0008_MS_NIR.TIF,,
3,Day 3,Tray 9,9,DJI_20260701113026_0009,0,PASS_AUTO,projection_regular_lattice,NIR,70,1361,862,1,projection_regular_lattice,765.4451848814601,Yes,0.046031811035783306,0.9452845315027256,0.09510289532512739,0.9050090712535637,0.8992527204669424,0.8099061759284363,135.98939116536283,116.35773920325072,0.004866066940933681,4.155687536778082,0.030625667835665484,12.562299800128281,0.0925788615062857,69,123.74374084472656,102.98258438110352,88.40689086914062,2,0,0,0,nan,1.1743530793873707,1.1762714458575487,Day 3\Tray 9\overlays\DJI_20260701113026_0009_MS_NIR_grid_overlay.jpg,C:\Users\tshib\OneDrive\Desktop\Internship\outputs\Third trial\01_Crop_Dual_Reference\Day 3\Tray 9\DJI_20260701113026_0009_MS_NIR.TIF,,
3,Day 3,Tray 10,10,DJI_20260701113054_0010,0,PASS_AUTO,projection_regular_lattice,NIR,70,1371,875,1,projection_regular_lattice,826.5744079503054,Yes,0.04506639146454552,0.9442426912438495,0.10417505422740611,0.9044198479423746,0.899176299779304,0.8002447937149685,136.9746700626729,116.7044516464312,0.005773692619834153,3.3464187982435343,0.02465245904038286,7.785532796774578,0.05735460501261351,70,143.15056860787527,125.19207534790038,115.12506103515625,3,0,0,0,nan,1.1598412270149365,1.1979912665308787,Day 3\Tray 10\overlays\DJI_20260701113054_0010_MS_NIR_grid_overlay.jpg,C:\Users\tshib\OneDrive\Desktop\Internship\outputs\Third trial\01_Crop_Dual_Reference\Day 3\Tray 10\DJI_20260701113054_0010_MS_NIR.TIF,,
3,Day 3,Tray 11,11,DJI_20260701113143_0011,0,PASS_AUTO,projection_regular_lattice,NIR,70,1367,866,1,projection_regular_lattice,850.4851812037426,Yes,0.0475934440996909,0.9412400339386778,0.09328345088167228,0.9031620577848738,0.8936465898389869,0.8098786069032016,135.7361716913586,116.89490672243541,0.011328615003178518,3.438427425163515,0.025409319400239008,7.906726096512176,0.05842918984597409,70,149.4383004324777,134.24566040039062,128.55142211914062,0,0,0,0,nan,1.1769436915241984,1.180104527870402,Day 3\Tray 11\overlays\DJI_20260701113143_0011_MS_NIR_grid_overlay.jpg,C:\Users\tshib\OneDrive\Desktop\Internship\outputs\Third trial\01_Crop_Dual_Reference\Day 3\Tray 11\DJI_20260701113143_0011_MS_NIR.TIF,,
3,Day 3,Tray 12,12,DJI_20260701113255_0012,0,PASS_AUTO,projection_regular_lattice,NIR,70,1374,879,1,projection_regular_lattice,867.9335879295525,Yes,0.050092793222825,0.9492490784669093,0.10793056484916665,0.9042948273256448,0.8991562852440843,0.7963642624764783,137.2718302415375,116.6685001338506,0.005497884487179648,3.159658958711053,0.023250353706692668,8.508204112545036,0.06260762873791517,70,154.5719102042062,137.14371871948242,125.11487579345703,0,0,0,0,nan,1.172139825484769,1.184060373120468,Day 3\Tray 12\overlays\DJI_20260701113255_0012_MS_NIR_grid_overlay.jpg,C:\Users\tshib\OneDrive\Desktop\Internship\outputs\Third trial\01_Crop_Dual_Reference\Day 3\Tray 12\DJI_20260701113255_0012_MS_NIR.TIF,,
4,Day 4,Tray 1,1,DJI_20260702125244_0001,0,PASS_AUTO,projection_regular_lattice,NIR,70,1372,868,1,projection_regular_lattice,812.4306518697362,Yes,0.054835324214071036,0.9518234836519076,0.10145180070743345,0.9100167994103531,0.8969881594378366,0.8085649987029196,136.7415743417987,116.97336503912437,0.004245629797126714,4.0595800209840265,0.029913932780313603,11.163739251646273,0.08226253549000041,70,137.8122504098075,117.08893432617188,113.8321533203125,0,0,0,0,nan,1.179054282984955,1.1735563529638222,Day 4\Tray 1\overlays\DJI_20260702125244_0001_MS_NIR_grid_overlay.jpg,C:\Users\tshib\OneDrive\Desktop\Internship\outputs\Third trial\01_Crop_Dual_Reference\Day 4\Tray 1\DJI_20260702125244_0001_MS_NIR.TIF,,
4,Day 4,Tray 2,2,DJI_20260702125421_0002,0,PASS_AUTO,projection_regular_lattice,NIR,70,1375,876,1,projection_regular_lattice,790.7115797529596,Yes,0.05464786306749835,0.9473698667274812,0.11086071422595326,0.9128302577952261,0.8927220036599829,0.8019695435692727,136.3911225408103,117.091526148157,0.008771945338313962,3.7886205561375497,0.02791261086141962,15.62368957525555,0.11510732227518791,69,132.64253463745118,103.91967086791992,77.37037658691406,0,0,0,0,nan,1.1966017976585794,1.1818801092252,Day 4\Tray 2\overlays\DJI_20260702125421_0002_MS_NIR_grid_overlay.jpg,C:\Users\tshib\OneDrive\Desktop\Internship\outputs\Third trial\01_Crop_Dual_Reference\Day 4\Tray 2\DJI_20260702125421_0002_MS_NIR.TIF,,
4,Day 4,Tray 3,3,DJI_20260702125513_0003,0,PASS_AUTO,projection_regular_lattice,NIR,70,1389,859,1,projection_regular_lattice,742.5251735480551,Yes,0.05464241082869229,0.9426463228223984,0.08773404155209853,0.9112584888318763,0.8880039119937061,0.8235244472797778,137.04951629169892,117.90253094887728,0.009967561959599932,4.100950951932095,0.030454421884108285,16.018699904689104,0.11895783457309805,68,118.45565032958984,87.41526565551757,81.42517852783203,0,0,0,0,nan,1.1639578993335309,1.180688786103004,Day 4\Tray 3\overlays\DJI_20260702125513_0003_MS_NIR_grid_overlay.jpg,C:\Users\tshib\OneDrive\Desktop\Internship\outputs\Third trial\01_Crop_Dual_Reference\Day 4\Tray 3\DJI_20260702125513_0003_MS_NIR.TIF,,
4,Day 4,Tray 4,4,DJI_20260702125620_0004,0,PASS_AUTO,projection_regular_lattice,NIR,70,1372,879,1,projection_regular_lattice,830.5028724183459,Yes,0.05401269438176325,0.9475832124298165,0.1045023125479453,0.9109631197122593,0.8935705180480532,0.806460807164314,136.21996282022317,118.147532584472,0.0065163904835214125,4.512177782894602,0.03350558423181402,10.439302817604096,0.0775179872572006,70,146.9147661481585,118.17753410339355,99.8689193725586,0,0,0,0,nan,1.1788753468962145,1.1725257823664421,Day 4\Tray 4\overlays\DJI_20260702125620_0004_MS_NIR_grid_overlay.jpg,C:\Users\tshib\OneDrive\Desktop\Internship\outputs\Third trial\01_Crop_Dual_Reference\Day 4\Tray 4\DJI_20260702125620_0004_MS_NIR.TIF,,
4,Day 4,Tray 5,5,DJI_20260702125757_0005,0,PASS_AUTO,projection_regular_lattice,NIR,70,1367,871,1,projection_regular_lattice,761.4536123447928,Yes,0.05907975017466163,0.9523904165720635,0.10082358585151177,0.909799335618177,0.8933106663974019,0.8089757497666653,135.68445071635838,117.44100326377624,0.004614871975237104,4.473871325066083,0.03326145207401677,11.915684618974055,0.08858837102947972,70,127.14668764386859,92.70242500305176,73.68440246582031,3,0,0,0,nan,1.1634918571503257,1.1839089586291163,Day 4\Tray 5\overlays\DJI_20260702125757_0005_MS_NIR_grid_overlay.jpg,C:\Users\tshib\OneDrive\Desktop\Internship\outputs\Third trial\01_Crop_Dual_Reference\Day 4\Tray 5\DJI_20260702125757_0005_MS_NIR.TIF,,
4,Day 4,Tray 6,6,DJI_20260702125916_0006,0,PASS_AUTO,projection_regular_lattice,NIR,70,1375,876,1,projection_regular_lattice,755.9614765676091,Yes,0.05948278527637994,0.9487904553443874,0.09265108827399125,0.904860808096779,0.8893076700680075,0.8122097198227878,135.86741107706095,118.58463654483937,0.005869456884841316,4.072519321278731,0.03026065512015636,11.617312221675665,0.08632186880648667,70,120.13049349103655,95.44567527770997,92.27432250976562,0,0,0,0,nan,1.1736558942607342,1.1908420042667964,Day 4\Tray 6\overlays\DJI_20260702125916_0006_MS_NIR_grid_overlay.jpg,C:\Users\tshib\OneDrive\Desktop\Internship\outputs\Third trial\01_Crop_Dual_Reference\Day 4\Tray 6\DJI_20260702125916_0006_MS_NIR.TIF,,
4,Day 4,Tray 7,7,DJI_20260702125959_0007,0,PASS_AUTO,projection_regular_lattice,NIR,70,1380,868,1,projection_regular_lattice,758.4841348009735,Yes,0.05536183084941765,0.947917350081801,0.10771506519496023,0.919108501314645,0.8925555192323834,0.8113934361196848,136.85875984299653,117.38306798455099,0.005079378508534183,4.250529025587112,0.031296297975058576,13.817718344873992,0.10173873135635808,69,121.29263545445033,96.2406063079834,89.16570281982422,0,0,0,0,nan,1.1764459281697837,1.178068656794208,Day 4\Tray 7\overlays\DJI_20260702125959_0007_MS_NIR_grid_overlay.jpg,C:\Users\tshib\OneDrive\Desktop\Internship\outputs\Third trial\01_Crop_Dual_Reference\Day 4\Tray 7\DJI_20260702125959_0007_MS_NIR.TIF,,
4,Day 4,Tray 8,8,DJI_20260702130043_0008,0,PASS_AUTO,projection_regular_lattice,NIR,70,1389,876,1,projection_regular_lattice,785.6702810692215,Yes,0.05373612624130321,0.9418870945828544,0.1034736700699513,0.9009315064865506,0.888150968341551,0.7974578364165993,137.0718313447111,116.43030532751894,0.00534831984769082,3.7115532576407175,0.027328067385848212,9.057995542457837,0.06669377896044255,70,133.62604664393834,94.82134094238282,87.83126831054688,0,0,0,0,nan,1.1755819874386382,1.1712129449968278,Day 4\Tray 8\overlays\DJI_20260702130043_0008_MS_NIR_grid_overlay.jpg,C:\Users\tshib\OneDrive\Desktop\Internship\outputs\Third trial\01_Crop_Dual_Reference\Day 4\Tray 8\DJI_20260702130043_0008_MS_NIR.TIF,,
4,Day 4,Tray 9,9,DJI_20260702130152_0009,0,PASS_AUTO,projection_regular_lattice,NIR,70,1364,873,1,projection_regular_lattice,736.8558688984484,Yes,0.04822953981684494,0.9463455702175135,0.09885581988247565,0.9011221156049176,0.8981160304006686,0.802266295722442,136.1146182753212,116.73040259231477,0.0023023736929793466,6.135047804401076,0.045264546880620364,17.02467591876199,0.12560851452524266,69,114.3256354195731,93.05951766967773,85.82994079589844,0,0,0,0,nan,1.1845173445393105,1.1890174851675903,Day 4\Tray 9\overlays\DJI_20260702130152_0009_MS_NIR_grid_overlay.jpg,C:\Users\tshib\OneDrive\Desktop\Internship\outputs\Third trial\01_Crop_Dual_Reference\Day 4\Tray 9\DJI_20260702130152_0009_MS_NIR.TIF,,
4,Day 4,Tray 10,10,DJI_20260702130251_0010,0,PASS_AUTO,projection_regular_lattice,NIR,70,1380,882,1,projection_regular_lattice,750.8020391423574,Yes,0.04462968622480261,0.9373021159551668,0.09998265364594074,0.8976896254429816,0.8926724297303642,0.797706971797041,136.87703977051473,117.26438479994712,0.007471848317122507,4.183952189233889,0.03094826944382148,9.919154336345086,0.07337097728936245,70,120.94313321794782,97.4002555847168,89.12879180908203,3,0,0,0,nan,1.1351040869902032,1.206055696399459,Day 4\Tray 10\overlays\DJI_20260702130251_0010_MS_NIR_grid_overlay.jpg,C:\Users\tshib\OneDrive\Desktop\Internship\outputs\Third trial\01_Crop_Dual_Reference\Day 4\Tray 10\DJI_20260702130251_0010_MS_NIR.TIF,,
4,Day 4,Tray 11,11,DJI_20260702130331_0011,0,PASS_AUTO,projection_regular_lattice,NIR,70,1375,871,1,projection_regular_lattice,798.0786303392325,Yes,0.05450517916733441,0.9459884653102201,0.10316421331853365,0.9103487096034595,0.8914832861428856,0.8071844962849258,136.19955066857844,117.17739694148946,0.013296444654859131,3.280333289505185,0.02412775090240567,9.068777789242409,0.06670334754951558,70,134.87016481672015,110.99816436767578,102.05900573730469,0,0,0,0,nan,1.1619632616217193,1.1725608464086084,Day 4\Tray 11\overlays\DJI_20260702130331_0011_MS_NIR_grid_overlay.jpg,C:\Users\tshib\OneDrive\Desktop\Internship\outputs\Third trial\01_Crop_Dual_Reference\Day 4\Tray 11\DJI_20260702130331_0011_MS_NIR.TIF,,
4,Day 4,Tray 12,12,DJI_20260702130419_0012,0,PASS_AUTO,projection_regular_lattice,NIR,70,1378,873,1,projection_regular_lattice,789.1740389259068,Yes,0.05287853774194748,0.9485868946570396,0.10561096981905688,0.9130840071474183,0.8957083569150922,0.8074730373283614,137.14556578154568,117.48988466957825,0.012991627042089473,3.3433255742179457,0.024695327716946328,13.071289127651724,0.09655050383952647,69,138.07756783621653,89.76529693603516,72.36164855957031,0,0,0,0,nan,1.1615292587121053,1.191801793472441,Day 4\Tray 12\overlays\DJI_20260702130419_0012_MS_NIR_grid_overlay.jpg,C:\Users\tshib\OneDrive\Desktop\Internship\outputs\Third trial\01_Crop_Dual_Reference\Day 4\Tray 12\DJI_20260702130419_0012_MS_NIR.TIF,,
5,Day 5,Tray 1,1,DJI_20260703124705_0001,0,PASS_AUTO,projection_regular_lattice,NIR,70,1361,852,1,projection_regular_lattice,801.1762075703335,Yes,0.0496952690530363,0.9485135941319738,0.09158851443331098,0.9120012841691483,0.8988183250789374,0.8204127697358373,135.92263099294448,116.50212031172471,0.0035984849594517137,4.164840185666344,0.030759043722970107,10.701693495824127,0.07903637197911201,70,133.68969900948662,114.60036277770996,107.82817077636719,0,0,0,0,nan,1.1802644336988248,1.1700587610071316,Day 5\Tray 1\overlays\DJI_20260703124705_0001_MS_NIR_grid_overlay.jpg,C:\Users\tshib\OneDrive\Desktop\Internship\outputs\Third trial\01_Crop_Dual_Reference\Day 5\Tray 1\DJI_20260703124705_0001_MS_NIR.TIF,,
5,Day 5,Tray 2,2,DJI_20260703124740_0002,0,PASS_AUTO,projection_regular_lattice,NIR,70,1361,867,1,projection_regular_lattice,850.7611095800385,Yes,0.04442771401986793,0.9433333405739718,0.09428273945572065,0.906135725340669,0.8989056265541039,0.8118529858849484,135.9389780761682,117.31407384730201,0.010488533721712245,4.174302767244058,0.03121501271978871,8.734681863531796,0.06531706507083644,70,153.13655275617327,136.77593307495118,122.25697326660156,3,0,0,0,nan,1.1803962048949481,1.1484532891260066,Day 5\Tray 2\overlays\DJI_20260703124740_0002_MS_NIR_grid_overlay.jpg,C:\Users\tshib\OneDrive\Desktop\Internship\outputs\Third trial\01_Crop_Dual_Reference\Day 5\Tray 2\DJI_20260703124740_0002_MS_NIR.TIF,,
5,Day 5,Tray 3,3,DJI_20260703125319_0003,0,PASS_AUTO,projection_regular_lattice,NIR,70,1374,871,1,projection_regular_lattice,780.7570206380067,Yes,0.057104677316768646,0.9457496001050074,0.09694966472374482,0.9028391477944769,0.8886449227882387,0.8058894830707322,135.6673360417662,116.99171495163725,0.004450735821041836,4.096618545477062,0.030438971813422682,16.5273825756431,0.12280287431815766,69,127.42674124581474,107.9395809173584,93.95610046386719,0,0,0,0,nan,1.183944125397619,1.1492130477671916,Day 5\Tray 3\overlays\DJI_20260703125319_0003_MS_NIR_grid_overlay.jpg,C:\Users\tshib\OneDrive\Desktop\Internship\outputs\Third trial\01_Crop_Dual_Reference\Day 5\Tray 3\DJI_20260703125319_0003_MS_NIR.TIF,,
5,Day 5,Tray 4,4,DJI_20260703125401_0004,0,PASS_AUTO,projection_regular_lattice,NIR,70,1380,858,1,projection_regular_lattice,828.925020803087,Yes,0.05859807282262053,0.9466811673540539,0.09309827654020193,0.90984884520927,0.8880830945314334,0.816750568669068,136.17413899001352,116.79615449982447,0.004683606381483814,4.3059280939511275,0.031781335269726416,9.71146424042324,0.07167869371028868,70,142.70539910452706,126.93603210449218,99.8475570678711,0,0,0,0,nan,1.1940021862543864,1.14045983293982,Day 5\Tray 4\overlays\DJI_20260703125401_0004_MS_NIR_grid_overlay.jpg,C:\Users\tshib\OneDrive\Desktop\Internship\outputs\Third trial\01_Crop_Dual_Reference\Day 5\Tray 4\DJI_20260703125401_0004_MS_NIR.TIF,,
5,Day 5,Tray 5,5,DJI_20260703125433_0005,0,PASS_AUTO,projection_regular_lattice,NIR,70,1368,864,1,projection_regular_lattice,729.1771751475541,Yes,0.051747395271827715,0.938883572226295,0.0915535404773384,0.9005331073438148,0.8871361769544672,0.8089795668664763,134.84598174291833,116.5017597758569,0.005995928607449789,5.3912916160631745,0.04042714288604352,13.063947537168742,0.09796132566217106,70,114.06175646100725,90.45619277954101,73.17213439941406,0,0,0,0,nan,1.1639868344020967,1.1204554208003998,Day 5\Tray 5\overlays\DJI_20260703125433_0005_MS_NIR_grid_overlay.jpg,C:\Users\tshib\OneDrive\Desktop\Internship\outputs\Third trial\01_Crop_Dual_Reference\Day 5\Tray 5\DJI_20260703125433_0005_MS_NIR.TIF,,
5,Day 5,Tray 6,6,DJI_20260703125521_0006,0,PASS_AUTO,projection_regular_lattice,NIR,70,1367,864,1,projection_regular_lattice,753.9549260929209,Yes,0.055285921517107706,0.9472754737406679,0.09104978028600846,0.912197522263962,0.8919895522235602,0.8211477419779535,135.4834098363724,118.2454153762122,0.005642701582595799,4.995117196139832,0.037031430416205956,12.392875441172338,0.0918749023368528,70,120.16331906999861,97.10401992797851,88.87515258789062,0,0,0,0,nan,1.1803533974236855,1.1762783138285102,Day 5\Tray 6\overlays\DJI_20260703125521_0006_MS_NIR_grid_overlay.jpg,C:\Users\tshib\OneDrive\Desktop\Internship\outputs\Third trial\01_Crop_Dual_Reference\Day 5\Tray 6\DJI_20260703125521_0006_MS_NIR.TIF,,
5,Day 5,Tray 7,7,DJI_20260703125555_0007,0,PASS_AUTO,projection_regular_lattice,NIR,70,1363,862,1,projection_regular_lattice,766.267444272303,Yes,0.04894922541749986,0.943156051161325,0.09414599286421385,0.9123664710782592,0.8942068257438252,0.8182204782140454,135.42402546566822,117.55268435007922,0.009693647585638406,4.8063427966025944,0.035597166287064406,11.42737641973525,0.08463445822585354,70,124.06704384940011,103.42871742248535,98.11870574951172,0,0,0,0,nan,1.183417328454179,1.1739580463397004,Day 5\Tray 7\overlays\DJI_20260703125555_0007_MS_NIR_grid_overlay.jpg,C:\Users\tshib\OneDrive\Desktop\Internship\outputs\Third trial\01_Crop_Dual_Reference\Day 5\Tray 7\DJI_20260703125555_0007_MS_NIR.TIF,,
5,Day 5,Tray 8,8,DJI_20260703125615_0008,0,PASS_AUTO,projection_regular_lattice,NIR,70,1381,867,1,projection_regular_lattice,791.2343565644442,Yes,0.05093520067396323,0.9476091171388029,0.0979257099698808,0.9062805773940417,0.8966739164648397,0.8083548674241609,137.59044652840547,116.81000058286517,0.010171735357081345,4.33319328488913,0.031684568874674426,11.613203990781884,0.08491644325784724,70,134.968839263916,103.89103393554687,93.41008758544922,0,0,0,0,nan,1.1810690833513922,1.161164361774203,Day 5\Tray 8\overlays\DJI_20260703125615_0008_MS_NIR_grid_overlay.jpg,C:\Users\tshib\OneDrive\Desktop\Internship\outputs\Third trial\01_Crop_Dual_Reference\Day 5\Tray 8\DJI_20260703125615_0008_MS_NIR.TIF,,
5,Day 5,Tray 9,9,DJI_20260703125656_0009,0,PASS_AUTO,projection_regular_lattice,NIR,70,1368,867,1,projection_regular_lattice,714.8985941447571,Yes,0.05582866280885158,0.9496039197595936,0.0865044125684036,0.8951590195698228,0.8937752569507419,0.8086546070014191,135.8538833294389,116.8523151500635,0.0016770065583707942,5.0149240113603515,0.03702556825659551,8.900498915042862,0.06571306551208957,70,104.695310320173,87.30215759277344,73.51313781738281,0,0,0,0,nan,1.1910020376708577,1.179451201675995,Day 5\Tray 9\overlays\DJI_20260703125656_0009_MS_NIR_grid_overlay.jpg,C:\Users\tshib\OneDrive\Desktop\Internship\outputs\Third trial\01_Crop_Dual_Reference\Day 5\Tray 9\DJI_20260703125656_0009_MS_NIR.TIF,,
5,Day 5,Tray 10,10,DJI_20260703125724_0010,0,PASS_AUTO,projection_regular_lattice,NIR,70,1377,871,1,projection_regular_lattice,762.0898308090419,Yes,0.04969116963058689,0.9412937673957422,0.089368870936481,0.8989527754613292,0.8916025977651553,0.8095839045248483,136.41575885859643,117.52642109123245,0.008722284138724067,3.5633355751251505,0.026481549684705518,8.2156080541207,0.06105572385436165,70,120.98558981759207,103.55300865173339,89.29912567138672,0,0,0,0,nan,1.1514770450292786,1.1711390502445889,Day 5\Tray 10\overlays\DJI_20260703125724_0010_MS_NIR_grid_overlay.jpg,C:\Users\tshib\OneDrive\Desktop\Internship\outputs\Third trial\01_Crop_Dual_Reference\Day 5\Tray 10\DJI_20260703125724_0010_MS_NIR.TIF,,
5,Day 5,Tray 11,11,DJI_20260703125745_0011,0,PASS_AUTO,projection_regular_lattice,NIR,70,1376,869,1,projection_regular_lattice,791.0423715902602,Yes,0.055213655052010945,0.9432745143523672,0.09462235470673838,0.9072970211423105,0.8880608593003563,0.8126746664355721,135.7748498655672,117.70400849716162,0.014647054624849033,4.252755325708625,0.03136260658359362,11.011613119929159,0.08120685618647268,70,132.42284175327845,112.07580108642578,105.5146484375,0,0,0,0,nan,1.1907205767534321,1.167415742229047,Day 5\Tray 11\overlays\DJI_20260703125745_0011_MS_NIR_grid_overlay.jpg,C:\Users\tshib\OneDrive\Desktop\Internship\outputs\Third trial\01_Crop_Dual_Reference\Day 5\Tray 11\DJI_20260703125745_0011_MS_NIR.TIF,,
5,Day 5,Tray 12,12,DJI_20260703125807_0012,0,PASS_AUTO,projection_regular_lattice,NIR,70,1378,871,1,projection_regular_lattice,833.5496654905317,Yes,0.05315334722652501,0.9478505004936326,0.10732292999497621,0.9053492235149934,0.8946971532671076,0.7980262935200171,136.99035276612724,115.85009156887735,0.006759330394961293,3.3906346027447265,0.0248550131161435,8.268795215519429,0.060614320802976025,70,144.03648245675222,126.22685813903809,122.77595520019531,0,0,0,0,nan,1.185872163293103,1.1516668146100868,Day 5\Tray 12\overlays\DJI_20260703125807_0012_MS_NIR_grid_overlay.jpg,C:\Users\tshib\OneDrive\Desktop\Internship\outputs\Third trial\01_Crop_Dual_Reference\Day 5\Tray 12\DJI_20260703125807_0012_MS_NIR.TIF,,
6,Day 6,Tray 1,1,DJI_20260704134522_0001,0,PASS_AUTO,projection_regular_lattice,NIR,70,1378,871,1,projection_regular_lattice,746.4500069374799,Yes,0.055972394577489065,0.9483452382121633,0.09411416278474498,0.9102499804075557,0.8923728436346742,0.8161358176228107,136.63272615243318,118.48587939660548,0.008954215007196965,5.329557948522251,0.03957389241213053,13.75199118098785,0.10211350072661828,70,119.73687656947544,94.25502395629883,91.04231262207031,0,0,0,0,nan,1.1689994052032755,1.1628375682742593,Day 6\Tray 1\overlays\DJI_20260704134522_0001_MS_NIR_grid_overlay.jpg,C:\Users\tshib\OneDrive\Desktop\Internship\outputs\Third trial\01_Crop_Dual_Reference\Day 6\Tray 1\DJI_20260704134522_0001_MS_NIR.TIF,,
6,Day 6,Tray 2,2,DJI_20260704134551_0002,0,PASS_AUTO,projection_regular_lattice,NIR,70,1376,864,1,projection_regular_lattice,806.3296277020493,Yes,0.05611503276453476,0.9501366615342005,0.09620219788472768,0.9066377886019942,0.8940216287696657,0.8104355907172666,136.68794392685436,116.70397294078072,0.007989082689764967,3.986393291626845,0.029233283652226785,8.780444671166553,0.06438933915628367,70,134.3174793788365,121.77524948120117,106.84326934814453,0,0,0,0,nan,1.189082099749744,1.153592774784131,Day 6\Tray 2\overlays\DJI_20260704134551_0002_MS_NIR_grid_overlay.jpg,C:\Users\tshib\OneDrive\Desktop\Internship\outputs\Third trial\01_Crop_Dual_Reference\Day 6\Tray 2\DJI_20260704134551_0002_MS_NIR.TIF,,
6,Day 6,Tray 3,3,DJI_20260704134620_0003,0,PASS_AUTO,projection_regular_lattice,NIR,70,1376,871,1,projection_regular_lattice,796.7569886470966,Yes,0.06252094673097394,0.9514843631108232,0.09779499245492856,0.9096138123061714,0.8889634163798492,0.8118188198512429,135.91314758887628,117.85013131863755,0.002762370731282158,4.6936120668940795,0.03470120621119502,11.532979650070931,0.08526659198987836,70,132.6553989955357,112.66720428466797,91.30653381347656,0,0,0,0,nan,1.1897622255315004,1.173205700966207,Day 6\Tray 3\overlays\DJI_20260704134620_0003_MS_NIR_grid_overlay.jpg,C:\Users\tshib\OneDrive\Desktop\Internship\outputs\Third trial\01_Crop_Dual_Reference\Day 6\Tray 3\DJI_20260704134620_0003_MS_NIR.TIF,,
6,Day 6,Tray 4,4,DJI_20260704134702_0004,0,PASS_AUTO,projection_regular_lattice,NIR,70,1381,878,1,projection_regular_lattice,812.2910248624718,Yes,0.06379319567846174,0.9521137465724772,0.10246298303021394,0.9049977232801137,0.8883205508940154,0.8025347402498998,136.3118508060353,117.44488678940685,0.006773288821893368,3.5701863500637323,0.026337394930650203,9.91066778620791,0.07311135776068689,70,138.96683415004185,119.28003196716308,103.89382934570312,1,0,0,0,nan,1.1838239130644208,1.1224833584087228,Day 6\Tray 4\overlays\DJI_20260704134702_0004_MS_NIR_grid_overlay.jpg,C:\Users\tshib\OneDrive\Desktop\Internship\outputs\Third trial\01_Crop_Dual_Reference\Day 6\Tray 4\DJI_20260704134702_0004_MS_NIR.TIF,,
6,Day 6,Tray 5,5,DJI_20260704134723_0005,0,PASS_AUTO,projection_regular_lattice,NIR,70,1370,866,1,projection_regular_lattice,739.7034846711875,Yes,0.05450235660194554,0.942329684321527,0.09432856326683395,0.8977368033545677,0.8878273277195814,0.8034082400877338,135.14822822334645,115.96497633114346,0.004008968980667166,5.085097336153993,0.03788492582420736,11.65314139432532,0.0868180819675161,70,114.85016065325055,97.04053192138672,83.74916076660156,0,0,0,0,nan,1.165453987991882,1.1421027921440141,Day 6\Tray 5\overlays\DJI_20260704134723_0005_MS_NIR_grid_overlay.jpg,C:\Users\tshib\OneDrive\Desktop\Internship\outputs\Third trial\01_Crop_Dual_Reference\Day 6\Tray 5\DJI_20260704134723_0005_MS_NIR.TIF,,
6,Day 6,Tray 6,6,DJI_20260704134748_0006,0,PASS_AUTO,projection_regular_lattice,NIR,70,1388,878,1,projection_regular_lattice,713.0717853685821,Yes,0.05051041116295208,0.9369206171718084,0.09415190423016535,0.9047588214470846,0.8864102060088563,0.8106069172169192,136.70649709159113,118.62277050654357,0.00675389765125831,3.913414505916899,0.02898706535809078,12.735921854710835,0.09433628833333689,70,105.29281311035156,82.02854690551757,74.44761657714844,0,0,0,0,nan,1.1807158639695123,1.1897155899998961,Day 6\Tray 6\overlays\DJI_20260704134748_0006_MS_NIR_grid_overlay.jpg,C:\Users\tshib\OneDrive\Desktop\Internship\outputs\Third trial\01_Crop_Dual_Reference\Day 6\Tray 6\DJI_20260704134748_0006_MS_NIR.TIF,,
6,Day 6,Tray 7,7,DJI_20260704134820_0007,0,PASS_AUTO,projection_regular_lattice,NIR,70,1381,875,1,projection_regular_lattice,760.3439664184027,Yes,0.055530113910451005,0.9435039690284135,0.10151533928759793,0.9111178579459995,0.8879738551179626,0.8096025186584016,136.256271474824,118.07104576694057,0.01120919569830959,4.907903037620688,0.03617833485792757,11.85753068536012,0.08740712936559533,70,121.36779839651925,104.80989608764648,100.64524841308594,0,0,0,0,nan,1.1799696025264044,1.1762260909930178,Day 6\Tray 7\overlays\DJI_20260704134820_0007_MS_NIR_grid_overlay.jpg,C:\Users\tshib\OneDrive\Desktop\Internship\outputs\Third trial\01_Crop_Dual_Reference\Day 6\Tray 7\DJI_20260704134820_0007_MS_NIR.TIF,,
6,Day 6,Tray 8,8,DJI_20260704134909_0008,0,PASS_AUTO,projection_regular_lattice,NIR,70,1392,869,1,projection_regular_lattice,786.2341509369786,Yes,0.058305294634056495,0.9470582638123302,0.10061288085555467,0.9077563995816827,0.8887529691782737,0.8071435187261281,137.46328891643543,116.90286830247392,0.004653899459851031,4.6123112070344785,0.03381800421097219,12.96324565923021,0.09504803050217013,70,130.43594687325614,108.57243537902832,104.33832550048828,0,0,0,0,nan,1.1717043943744256,1.1609984579164994,Day 6\Tray 8\overlays\DJI_20260704134909_0008_MS_NIR_grid_overlay.jpg,C:\Users\tshib\OneDrive\Desktop\Internship\outputs\Third trial\01_Crop_Dual_Reference\Day 6\Tray 8\DJI_20260704134909_0008_MS_NIR.TIF,,
6,Day 6,Tray 9,9,DJI_20260704134957_0009,0,PASS_AUTO,projection_regular_lattice,NIR,70,1378,875,1,projection_regular_lattice,751.4739367099028,Yes,0.05001743216075116,0.9448760897002448,0.09262787773193502,0.899277701901065,0.8948586575394937,0.8066498241691301,137.01330740489624,117.63855919554662,0.0013647800557844338,5.614295647688522,0.04107962859588804,15.178100425395911,0.11105769403559318,70,117.43497695922852,98.82563514709473,88.58871459960938,0,0,0,0,nan,1.1834825260662527,1.2035958435665153,Day 6\Tray 9\overlays\DJI_20260704134957_0009_MS_NIR_grid_overlay.jpg,C:\Users\tshib\OneDrive\Desktop\Internship\outputs\Third trial\01_Crop_Dual_Reference\Day 6\Tray 9\DJI_20260704134957_0009_MS_NIR.TIF,,
6,Day 6,Tray 10,10,DJI_20260704135020_0010,0,PASS_AUTO,projection_regular_lattice,NIR,70,1390,873,1,projection_regular_lattice,780.455823887723,Yes,0.051022544295708384,0.9424002274584901,0.09172464630247157,0.9026620885332676,0.8913776831627818,0.8109374422307961,137.67038607232786,117.99852649212968,0.002267165181845184,3.89818007511908,0.028420197673523953,8.332671449274237,0.06075044384132741,70,126.5761857169015,105.40757064819336,101.35920715332031,0,0,0,0,nan,1.1714290570647827,1.1883181152017748,Day 6\Tray 10\overlays\DJI_20260704135020_0010_MS_NIR_grid_overlay.jpg,C:\Users\tshib\OneDrive\Desktop\Internship\outputs\Third trial\01_Crop_Dual_Reference\Day 6\Tray 10\DJI_20260704135020_0010_MS_NIR.TIF,,
6,Day 6,Tray 11,11,DJI_20260704135050_0011,0,PASS_AUTO,projection_regular_lattice,NIR,70,1370,860,1,projection_regular_lattice,810.9624515195645,Yes,0.05373553199443371,0.9489443301678724,0.09370493263894754,0.9097632849798616,0.8952087981734387,0.816058352340914,136.27230621317014,116.97185884784705,0.009721824630792193,2.99105987844649,0.022060849817308468,12.88131568453866,0.09500738277213704,68,135.33933159964425,120.7751407623291,114.18250274658203,0,0,0,0,nan,1.1834185703538322,1.1729831650406484,Day 6\Tray 11\overlays\DJI_20260704135050_0011_MS_NIR_grid_overlay.jpg,C:\Users\tshib\OneDrive\Desktop\Internship\outputs\Third trial\01_Crop_Dual_Reference\Day 6\Tray 11\DJI_20260704135050_0011_MS_NIR.TIF,,
6,Day 6,Tray 12,12,DJI_20260704135127_0012,0,PASS_AUTO,projection_regular_lattice,NIR,70,1380,875,1,projection_regular_lattice,837.9179084662076,Yes,0.050407526549536896,0.9420793687428493,0.10710686761903815,0.904593523407149,0.8916718421933124,0.797486655788111,136.72735072557353,116.3018446473389,0.006640901198093464,3.345557501812127,0.02448891975555688,13.697672650743545,0.10026466626272376,69,143.9602576119559,129.74231338500977,126.76519775390625,0,0,0,0,nan,1.1852197702523037,1.1773128214300945,Day 6\Tray 12\overlays\DJI_20260704135127_0012_MS_NIR_grid_overlay.jpg,C:\Users\tshib\OneDrive\Desktop\Internship\outputs\Third trial\01_Crop_Dual_Reference\Day 6\Tray 12\DJI_20260704135127_0012_MS_NIR.TIF,,
7,Day 7,Tray 1,1,DJI_20260707125025_0001,0,PASS_AUTO,projection_regular_lattice,NIR,70,1358,862,1,projection_regular_lattice,784.2576493324319,Yes,0.049680476230147416,0.9494589790779263,0.09301456990786056,0.9084396076442536,0.8997785028477789,0.8154250377363931,135.76695005335694,117.15110616246515,0.002797659203462036,3.530374669009448,0.026125229202780723,8.697312927904807,0.06436124065935872,70,129.3114011492048,101.48799896240234,97.00526428222656,0,0,0,0,nan,1.1938599238358547,1.1684292491181747,Day 7\Tray 1\overlays\DJI_20260707125025_0001_MS_NIR_grid_overlay.jpg,C:\Users\tshib\OneDrive\Desktop\Internship\outputs\Third trial\01_Crop_Dual_Reference\Day 7\Tray 1\DJI_20260707125025_0001_MS_NIR.TIF,,
7,Day 7,Tray 2,2,DJI_20260707125114_0002,0,PASS_AUTO,projection_regular_lattice,NIR,70,1377,853,1,projection_regular_lattice,772.7017415090336,Yes,0.05141812375480388,0.9439318473786007,0.0956682153861802,0.9066323972004017,0.8925137236237968,0.8109641818142216,136.55740569370138,115.29780395018675,0.00889488989290318,4.3606462008102245,0.032120367315131036,10.71933419584501,0.0789582405654035,70,124.4550658089774,111.7045051574707,105.34519958496094,0,0,0,0,nan,1.1796709292474572,1.1276391181119987,Day 7\Tray 2\overlays\DJI_20260707125114_0002_MS_NIR_grid_overlay.jpg,C:\Users\tshib\OneDrive\Desktop\Internship\outputs\Third trial\01_Crop_Dual_Reference\Day 7\Tray 2\DJI_20260707125114_0002_MS_NIR.TIF,,
7,Day 7,Tray 3,3,DJI_20260707125152_0003,0,PASS_AUTO,projection_regular_lattice,NIR,70,1367,862,1,projection_regular_lattice,771.1468587530865,Yes,0.04943325132245839,0.9421969659140552,0.09679864312813621,0.9129055602282471,0.8927637145915968,0.816106917100111,135.60285830814252,117.2491761477457,0.0007804260245469977,4.7678981193962,0.03521052284094791,13.569817569706812,0.10021195074238833,70,125.08444126674107,100.98811378479004,88.43538665771484,0,0,0,0,nan,1.1954143110803994,1.1613447760716702,Day 7\Tray 3\overlays\DJI_20260707125152_0003_MS_NIR_grid_overlay.jpg,C:\Users\tshib\OneDrive\Desktop\Internship\outputs\Third trial\01_Crop_Dual_Reference\Day 7\Tray 3\DJI_20260707125152_0003_MS_NIR.TIF,,
7,Day 7,Tray 4,4,DJI_20260707125241_0004,0,PASS_AUTO,projection_regular_lattice,NIR,70,1380,868,1,projection_regular_lattice,780.0411045515375,Yes,0.05561250276707394,0.9438974191340198,0.0984372765327984,0.9063213805452083,0.8882849163669458,0.8078841040124098,136.20414401858375,116.88032801816773,0.00666053928730518,3.462523722780519,0.025682840688498555,12.36855328228014,0.09174221144134596,69,129.25138004847935,104.05375022888184,99.44943237304688,0,0,0,0,nan,1.1865574685686022,1.1023194683523063,Day 7\Tray 4\overlays\DJI_20260707125241_0004_MS_NIR_grid_overlay.jpg,C:\Users\tshib\OneDrive\Desktop\Internship\outputs\Third trial\01_Crop_Dual_Reference\Day 7\Tray 4\DJI_20260707125241_0004_MS_NIR.TIF,,
7,Day 7,Tray 5,5,DJI_20260707125327_0005,0,PASS_AUTO,projection_regular_lattice,NIR,70,1370,873,1,projection_regular_lattice,781.1689436217126,Yes,0.049078145097394194,0.9435787930581933,0.10172719636656358,0.9050924631801586,0.8945006479607991,0.803365266813595,136.16331760369746,116.90370566986603,0.009034820345185754,3.759761216091405,0.028045644458312226,7.748772331844066,0.0578013605963061,70,127.80280064174107,109.41109237670898,103.22125244140625,0,0,0,0,nan,1.1744075706226902,1.1524567374997836,Day 7\Tray 5\overlays\DJI_20260707125327_0005_MS_NIR_grid_overlay.jpg,C:\Users\tshib\OneDrive\Desktop\Internship\outputs\Third trial\01_Crop_Dual_Reference\Day 7\Tray 5\DJI_20260707125327_0005_MS_NIR.TIF,,
7,Day 7,Tray 6,6,DJI_20260707125404_0006,0,PASS_AUTO,projection_regular_lattice,NIR,70,1377,867,1,projection_regular_lattice,696.3093652634681,Yes,0.055660118208052445,0.9422634448449514,0.08738101089648705,0.9127386042671028,0.886603326636899,0.8253575933706158,135.6507095175733,119.26522184350522,0.01873489421475057,5.758623298211431,0.04261949100047562,15.13189503727224,0.11199094487765322,70,103.3057133265904,82.54918823242187,69.2953109741211,0,0,0,0,nan,1.190563091116098,1.1684979658275836,Day 7\Tray 6\overlays\DJI_20260707125404_0006_MS_NIR_grid_overlay.jpg,C:\Users\tshib\OneDrive\Desktop\Internship\outputs\Third trial\01_Crop_Dual_Reference\Day 7\Tray 6\DJI_20260707125404_0006_MS_NIR.TIF,,
7,Day 7,Tray 7,7,DJI_20260707125452_0007,0,PASS_AUTO,projection_regular_lattice,NIR,70,1374,871,1,projection_regular_lattice,714.0653840742157,Yes,0.05503144596049403,0.9412252938412706,0.10412034699363498,0.9216433836286266,0.8861938478807766,0.8175230366349917,135.2927241656779,118.67923922723325,0.003723996687037759,6.165403825556197,0.045835599250672,16.262348233621953,0.12089953839218724,70,107.56113510131836,90.41308479309082,79.31117248535156,0,0,0,0,nan,1.171635455726706,1.1215051613260245,Day 7\Tray 7\overlays\DJI_20260707125452_0007_MS_NIR_grid_overlay.jpg,C:\Users\tshib\OneDrive\Desktop\Internship\outputs\Third trial\01_Crop_Dual_Reference\Day 7\Tray 7\DJI_20260707125452_0007_MS_NIR.TIF,,
7,Day 7,Tray 8,8,DJI_20260707125545_0008,0,PASS_AUTO,projection_regular_lattice,NIR,70,1384,873,1,projection_regular_lattice,715.7896949423205,Yes,0.05726926260414076,0.9523468378404438,0.09841206760204108,0.8952623564603963,0.895077575236303,0.7968502888583553,137.64632625643486,115.94425440403556,0.009107041558227884,4.216823785777691,0.030879255122456647,13.537445574110535,0.09913296282363766,70,106.89458814348494,94.30599479675293,79.92329406738281,2,0,0,0,nan,1.1703092014321486,1.1234573114590294,Day 7\Tray 8\overlays\DJI_20260707125545_0008_MS_NIR_grid_overlay.jpg,C:\Users\tshib\OneDrive\Desktop\Internship\outputs\Third trial\01_Crop_Dual_Reference\Day 7\Tray 8\DJI_20260707125545_0008_MS_NIR.TIF,,
7,Day 7,Tray 9,9,DJI_20260707125629_0009,0,PASS_AUTO,projection_regular_lattice,NIR,70,1368,854,1,projection_regular_lattice,740.0754774628824,Yes,0.049967122704952814,0.9451911306427335,0.08885304067245901,0.9148546123598736,0.8952240079377807,0.8260015716874147,136.07500536782533,117.56920315376459,0.005518485458735935,5.524193049750185,0.04098088227946845,14.994974329375664,0.11123928368209085,70,115.34378912789481,95.34180374145508,87.35846710205078,0,0,0,0,nan,1.1876470727059378,1.1664585630187034,Day 7\Tray 9\overlays\DJI_20260707125629_0009_MS_NIR_grid_overlay.jpg,C:\Users\tshib\OneDrive\Desktop\Internship\outputs\Third trial\01_Crop_Dual_Reference\Day 7\Tray 9\DJI_20260707125629_0009_MS_NIR.TIF,,
7,Day 7,Tray 10,10,DJI_20260707125716_0010,0,PASS_AUTO,projection_regular_lattice,NIR,70,1370,871,1,projection_regular_lattice,753.3091799145949,Yes,0.045203082678836624,0.9396840137653218,0.09546365297129099,0.9030260663206343,0.8944809310864852,0.8075624133493434,136.16182565334125,117.23171199809958,0.0057264488644506,4.585744708338813,0.03389631239523577,10.241120177911352,0.07569898258758193,70,120.66433486938476,98.47626190185547,88.20883178710938,2,0,0,0,nan,1.1706744481554785,1.1823788633536123,Day 7\Tray 10\overlays\DJI_20260707125716_0010_MS_NIR_grid_overlay.jpg,C:\Users\tshib\OneDrive\Desktop\Internship\outputs\Third trial\01_Crop_Dual_Reference\Day 7\Tray 10\DJI_20260707125716_0010_MS_NIR.TIF,,
7,Day 7,Tray 11,11,DJI_20260707125749_0011,0,PASS_AUTO,projection_regular_lattice,NIR,70,1365,865,1,projection_regular_lattice,775.3075079472993,Yes,0.05078153646808916,0.9465013750306476,0.09438405892844685,0.9038310800700934,0.8957198385625584,0.8094470211416465,135.85235436786095,116.70117625741774,0.013147795141043904,3.232779800147303,0.023929566497326592,12.462287607941777,0.09224789761723441,68,125.26457966395787,109.38313903808594,103.93363952636719,0,0,0,0,nan,1.1702184045927864,1.1558003279145816,Day 7\Tray 11\overlays\DJI_20260707125749_0011_MS_NIR_grid_overlay.jpg,C:\Users\tshib\OneDrive\Desktop\Internship\outputs\Third trial\01_Crop_Dual_Reference\Day 7\Tray 11\DJI_20260707125749_0011_MS_NIR.TIF,,
7,Day 7,Tray 12,12,DJI_20260707125838_0012,0,PASS_AUTO,projection_regular_lattice,NIR,70,1374,871,1,projection_regular_lattice,789.1026566961281,Yes,0.048549428850744175,0.9470382963134413,0.10501340038207135,0.9033522582728736,0.8984888674626972,0.7983388578908023,137.1726195861492,115.89276742710123,0.012481372783548474,4.321853082815114,0.03189173524638012,10.608650118738582,0.0782831471651771,70,130.79154270717075,116.18600616455078,101.57545471191406,0,0,0,0,nan,1.1650450343159127,1.1516953833733707,Day 7\Tray 12\overlays\DJI_20260707125838_0012_MS_NIR_grid_overlay.jpg,C:\Users\tshib\OneDrive\Desktop\Internship\outputs\Third trial\01_Crop_Dual_Reference\Day 7\Tray 12\DJI_20260707125838_0012_MS_NIR.TIF,,
