package_section,source_script,file_category,original_file_name,package_file_name,original_path,package_path,size_kb,description,copied
Final Word reports,Script 05 - RGB Growth Rate and Treatment Comparison,Word report,rgb_growth_treatment_short_report.docx,S05__rgb_growth_treatment_short_report.docx,C:\Users\tshib\OneDrive\Desktop\Internship\outputs\Third trial\05_RGB_Growth_Rate_Treatment_Comparison\_reports\rgb_growth_treatment_short_report.docx,C:\Users\tshib\OneDrive\Desktop\Internship\outputs\Third trial\10_Final_Figure_Report_Package\Third_Trial_Final_Package\01_Final_Word_Reports\S05__rgb_growth_treatment_short_report.docx,663.04,RGB treatment or growth-comparison Word report.,Yes
Final Word reports,Script 06 - MS Cell Grid Detection,Word report,ms_independent_grid_work_process.docx,S06__ms_independent_grid_work_process.docx,C:\Users\tshib\OneDrive\Desktop\Internship\outputs\Third trial\06_MS_Cell_Grid_Detection\_reports\ms_independent_grid_work_process.docx,C:\Users\tshib\OneDrive\Desktop\Internship\outputs\Third trial\10_Final_Figure_Report_Package\Third_Trial_Final_Package\01_Final_Word_Reports\S06__ms_independent_grid_work_process.docx,37.78,Work-process report explaining the processing method.,Yes
Final Word reports,Script 07 - MS Vegetation Indices,Word report,ms_vegetation_indices_work_process.docx,S07__ms_vegetation_indices_work_process.docx,C:\Users\tshib\OneDrive\Desktop\Internship\outputs\Third trial\07_MS_Vegetation_Indices\_reports\ms_vegetation_indices_work_process.docx,C:\Users\tshib\OneDrive\Desktop\Internship\outputs\Third trial\10_Final_Figure_Report_Package\Third_Trial_Final_Package\01_Final_Word_Reports\S07__ms_vegetation_indices_work_process.docx,37.03,Work-process report explaining the processing method.,Yes
Final Word reports,Script 08 - MS Treatment Comparison,Word report,ms_treatment_comparison_report.docx,S08__ms_treatment_comparison_report.docx,C:\Users\tshib\OneDrive\Desktop\Internship\outputs\Third trial\08_MS_Treatment_Comparison\_reports\ms_treatment_comparison_report.docx,C:\Users\tshib\OneDrive\Desktop\Internship\outputs\Third trial\10_Final_Figure_Report_Package\Third_Trial_Final_Package\01_Final_Word_Reports\S08__ms_treatment_comparison_report.docx,1333.6,Multispectral treatment-comparison Word report.,Yes
Final Word reports,Script 09 - Final RGB + MS Synthesis,Word report,final_rgb_ms_synthesis_report.docx,S09__final_rgb_ms_synthesis_report.docx,C:\Users\tshib\OneDrive\Desktop\Internship\outputs\Third trial\09_Final_RGB_MS_Synthesis\_reports\final_rgb_ms_synthesis_report.docx,C:\Users\tshib\OneDrive\Desktop\Internship\outputs\Third trial\10_Final_Figure_Report_Package\Third_Trial_Final_Package\01_Final_Word_Reports\S09__final_rgb_ms_synthesis_report.docx,472.23,Final Third Trial RGB + MS synthesis Word report.,Yes
Excel workbooks,Script 04 - RGB Visible Emergence,Excel workbook,visible_emergence_report.xlsx,S04__visible_emergence_report.xlsx,C:\Users\tshib\OneDrive\Desktop\Internship\outputs\Third trial\04_Visible_Emergence\_reports\visible_emergence_report.xlsx,C:\Users\tshib\OneDrive\Desktop\Internship\outputs\Third trial\10_Final_Figure_Report_Package\Third_Trial_Final_Package\02_Final_Excel_Workbooks\S04__visible_emergence_report.xlsx,1498.77,Copied workflow output.,Yes
Excel workbooks,Script 05 - RGB Growth Rate and Treatment Comparison,Excel workbook,rgb_growth_treatment_report.xlsx,S05__rgb_growth_treatment_report.xlsx,C:\Users\tshib\OneDrive\Desktop\Internship\outputs\Third trial\05_RGB_Growth_Rate_Treatment_Comparison\_reports\rgb_growth_treatment_report.xlsx,C:\Users\tshib\OneDrive\Desktop\Internship\outputs\Third trial\10_Final_Figure_Report_Package\Third_Trial_Final_Package\02_Final_Excel_Workbooks\S05__rgb_growth_treatment_report.xlsx,111.46,Copied workflow output.,Yes
Excel workbooks,Script 06 - MS Cell Grid Detection,Excel workbook,ms_cell_grid_report.xlsx,S06__ms_cell_grid_report.xlsx,C:\Users\tshib\OneDrive\Desktop\Internship\outputs\Third trial\06_MS_Cell_Grid_Detection\_reports\ms_cell_grid_report.xlsx,C:\Users\tshib\OneDrive\Desktop\Internship\outputs\Third trial\10_Final_Figure_Report_Package\Third_Trial_Final_Package\02_Final_Excel_Workbooks\S06__ms_cell_grid_report.xlsx,1493.61,Copied workflow output.,Yes
Excel workbooks,Script 07 - MS Vegetation Indices,Excel workbook,ms_vegetation_index_report.xlsx,S07__ms_vegetation_index_report.xlsx,C:\Users\tshib\OneDrive\Desktop\Internship\outputs\Third trial\07_MS_Vegetation_Indices\_reports\ms_vegetation_index_report.xlsx,C:\Users\tshib\OneDrive\Desktop\Internship\outputs\Third trial\10_Final_Figure_Report_Package\Third_Trial_Final_Package\02_Final_Excel_Workbooks\S07__ms_vegetation_index_report.xlsx,2273.59,Copied workflow output.,Yes
Excel workbooks,Script 08 - MS Treatment Comparison,Excel workbook,ms_treatment_comparison_report.xlsx,S08__ms_treatment_comparison_report.xlsx,C:\Users\tshib\OneDrive\Desktop\Internship\outputs\Third trial\08_MS_Treatment_Comparison\_reports\ms_treatment_comparison_report.xlsx,C:\Users\tshib\OneDrive\Desktop\Internship\outputs\Third trial\10_Final_Figure_Report_Package\Third_Trial_Final_Package\02_Final_Excel_Workbooks\S08__ms_treatment_comparison_report.xlsx,120.92,Multispectral treatment-comparison Word report.,Yes
Excel workbooks,Script 09 - Final RGB + MS Synthesis,Excel workbook,final_rgb_ms_synthesis_report.xlsx,S09__final_rgb_ms_synthesis_report.xlsx,C:\Users\tshib\OneDrive\Desktop\Internship\outputs\Third trial\09_Final_RGB_MS_Synthesis\_reports\final_rgb_ms_synthesis_report.xlsx,C:\Users\tshib\OneDrive\Desktop\Internship\outputs\Third trial\10_Final_Figure_Report_Package\Third_Trial_Final_Package\02_Final_Excel_Workbooks\S09__final_rgb_ms_synthesis_report.xlsx,14.44,Final Third Trial RGB + MS synthesis Word report.,Yes
Key CSV tables,Script 04 - RGB Visible Emergence,CSV table,first_emergence_summary.csv,S04__first_emergence_summary.csv,C:\Users\tshib\OneDrive\Desktop\Internship\outputs\Third trial\04_Visible_Emergence\_reports\first_emergence_summary.csv,C:\Users\tshib\OneDrive\Desktop\Internship\outputs\Third trial\10_Final_Figure_Report_Package\Third_Trial_Final_Package\03_Key_CSV_Tables\S04__first_emergence_summary.csv,99.95,Copied workflow output.,Yes
Key CSV tables,Script 04 - RGB Visible Emergence,CSV table,visible_emergence_cell_results.csv,S04__visible_emergence_cell_results.csv,C:\Users\tshib\OneDrive\Desktop\Internship\outputs\Third trial\04_Visible_Emergence\_reports\visible_emergence_cell_results.csv,C:\Users\tshib\OneDrive\Desktop\Internship\outputs\Third trial\10_Final_Figure_Report_Package\Third_Trial_Final_Package\03_Key_CSV_Tables\S04__visible_emergence_cell_results.csv,2557.58,Copied workflow output.,Yes
Key CSV tables,Script 04 - RGB Visible Emergence,CSV table,visible_emergence_tray_summary.csv,S04__visible_emergence_tray_summary.csv,C:\Users\tshib\OneDrive\Desktop\Internship\outputs\Third trial\04_Visible_Emergence\_reports\visible_emergence_tray_summary.csv,C:\Users\tshib\OneDrive\Desktop\Internship\outputs\Third trial\10_Final_Figure_Report_Package\Third_Trial_Final_Package\03_Key_CSV_Tables\S04__visible_emergence_tray_summary.csv,37.77,Copied workflow output.,Yes
Key CSV tables,Script 05 - RGB Growth Rate and Treatment Comparison,CSV table,cell_growth_with_day7_adjustment.csv,S05__cell_growth_with_day7_adjustment.csv,C:\Users\tshib\OneDrive\Desktop\Internship\outputs\Third trial\05_RGB_Growth_Rate_Treatment_Comparison\_reports\cell_growth_with_day7_adjustment.csv,C:\Users\tshib\OneDrive\Desktop\Internship\outputs\Third trial\10_Final_Figure_Report_Package\Third_Trial_Final_Package\03_Key_CSV_Tables\S05__cell_growth_with_day7_adjustment.csv,3328.84,Day 7 adjusted or possible bug-eaten cell record.,Yes
Key CSV tables,Script 05 - RGB Growth Rate and Treatment Comparison,CSV table,environment_metadata_debug.csv,S05__environment_metadata_debug.csv,C:\Users\tshib\OneDrive\Desktop\Internship\outputs\Third trial\05_RGB_Growth_Rate_Treatment_Comparison\_reports\environment_metadata_debug.csv,C:\Users\tshib\OneDrive\Desktop\Internship\outputs\Third trial\10_Final_Figure_Report_Package\Third_Trial_Final_Package\03_Key_CSV_Tables\S05__environment_metadata_debug.csv,1.29,Copied workflow output.,Yes
Key CSV tables,Script 05 - RGB Growth Rate and Treatment Comparison,CSV table,group_daily_metrics.csv,S05__group_daily_metrics.csv,C:\Users\tshib\OneDrive\Desktop\Internship\outputs\Third trial\05_RGB_Growth_Rate_Treatment_Comparison\_reports\group_daily_metrics.csv,C:\Users\tshib\OneDrive\Desktop\Internship\outputs\Third trial\10_Final_Figure_Report_Package\Third_Trial_Final_Package\03_Key_CSV_Tables\S05__group_daily_metrics.csv,27.75,Copied workflow output.,Yes
Key CSV tables,Script 05 - RGB Growth Rate and Treatment Comparison,CSV table,group_growth_metrics.csv,S05__group_growth_metrics.csv,C:\Users\tshib\OneDrive\Desktop\Internship\outputs\Third trial\05_RGB_Growth_Rate_Treatment_Comparison\_reports\group_growth_metrics.csv,C:\Users\tshib\OneDrive\Desktop\Internship\outputs\Third trial\10_Final_Figure_Report_Package\Third_Trial_Final_Package\03_Key_CSV_Tables\S05__group_growth_metrics.csv,13.59,Group-level growth metrics.,Yes
Key CSV tables,Script 05 - RGB Growth Rate and Treatment Comparison,CSV table,heat_phase_response.csv,S05__heat_phase_response.csv,C:\Users\tshib\OneDrive\Desktop\Internship\outputs\Third trial\05_RGB_Growth_Rate_Treatment_Comparison\_reports\heat_phase_response.csv,C:\Users\tshib\OneDrive\Desktop\Internship\outputs\Third trial\10_Final_Figure_Report_Package\Third_Trial_Final_Package\03_Key_CSV_Tables\S05__heat_phase_response.csv,1.71,Copied workflow output.,Yes
Key CSV tables,Script 05 - RGB Growth Rate and Treatment Comparison,CSV table,inside_outside_comparison_ideal_moisture.csv,S05__inside_outside_comparison_ideal_moisture.csv,C:\Users\tshib\OneDrive\Desktop\Internship\outputs\Third trial\05_RGB_Growth_Rate_Treatment_Comparison\_reports\inside_outside_comparison_ideal_moisture.csv,C:\Users\tshib\OneDrive\Desktop\Internship\outputs\Third trial\10_Final_Figure_Report_Package\Third_Trial_Final_Package\03_Key_CSV_Tables\S05__inside_outside_comparison_ideal_moisture.csv,1.63,Inside-versus-Outside comparison for Ideal and Moisture trays.,Yes
Key CSV tables,Script 05 - RGB Growth Rate and Treatment Comparison,CSV table,moisture_phase_response.csv,S05__moisture_phase_response.csv,C:\Users\tshib\OneDrive\Desktop\Internship\outputs\Third trial\05_RGB_Growth_Rate_Treatment_Comparison\_reports\moisture_phase_response.csv,C:\Users\tshib\OneDrive\Desktop\Internship\outputs\Third trial\10_Final_Figure_Report_Package\Third_Trial_Final_Package\03_Key_CSV_Tables\S05__moisture_phase_response.csv,3.53,Copied workflow output.,Yes
Key CSV tables,Script 05 - RGB Growth Rate and Treatment Comparison,CSV table,possible_day7_bug_eaten_cells.csv,S05__possible_day7_bug_eaten_cells.csv,C:\Users\tshib\OneDrive\Desktop\Internship\outputs\Third trial\05_RGB_Growth_Rate_Treatment_Comparison\_reports\possible_day7_bug_eaten_cells.csv,C:\Users\tshib\OneDrive\Desktop\Internship\outputs\Third trial\10_Final_Figure_Report_Package\Third_Trial_Final_Package\03_Key_CSV_Tables\S05__possible_day7_bug_eaten_cells.csv,183.77,Day 7 adjusted or possible bug-eaten cell record.,Yes
Key CSV tables,Script 05 - RGB Growth Rate and Treatment Comparison,CSV table,tray_daily_rgb_metrics.csv,S05__tray_daily_rgb_metrics.csv,C:\Users\tshib\OneDrive\Desktop\Internship\outputs\Third trial\05_RGB_Growth_Rate_Treatment_Comparison\_reports\tray_daily_rgb_metrics.csv,C:\Users\tshib\OneDrive\Desktop\Internship\outputs\Third trial\10_Final_Figure_Report_Package\Third_Trial_Final_Package\03_Key_CSV_Tables\S05__tray_daily_rgb_metrics.csv,26.42,Copied workflow output.,Yes
Key CSV tables,Script 05 - RGB Growth Rate and Treatment Comparison,CSV table,tray_growth_metrics.csv,S05__tray_growth_metrics.csv,C:\Users\tshib\OneDrive\Desktop\Internship\outputs\Third trial\05_RGB_Growth_Rate_Treatment_Comparison\_reports\tray_growth_metrics.csv,C:\Users\tshib\OneDrive\Desktop\Internship\outputs\Third trial\10_Final_Figure_Report_Package\Third_Trial_Final_Package\03_Key_CSV_Tables\S05__tray_growth_metrics.csv,10.11,Tray-level growth metrics.,Yes
Key CSV tables,Script 06 - MS Cell Grid Detection,CSV table,ms_cell_coordinates.csv,S06__ms_cell_coordinates.csv,C:\Users\tshib\OneDrive\Desktop\Internship\outputs\Third trial\06_MS_Cell_Grid_Detection\_reports\ms_cell_coordinates.csv,C:\Users\tshib\OneDrive\Desktop\Internship\outputs\Third trial\10_Final_Figure_Report_Package\Third_Trial_Final_Package\03_Key_CSV_Tables\S06__ms_cell_coordinates.csv,5271.33,Copied workflow output.,Yes
Key CSV tables,Script 06 - MS Cell Grid Detection,CSV table,ms_grid_manifest.csv,S06__ms_grid_manifest.csv,C:\Users\tshib\OneDrive\Desktop\Internship\outputs\Third trial\06_MS_Cell_Grid_Detection\_reports\ms_grid_manifest.csv,C:\Users\tshib\OneDrive\Desktop\Internship\outputs\Third trial\10_Final_Figure_Report_Package\Third_Trial_Final_Package\03_Key_CSV_Tables\S06__ms_grid_manifest.csv,59.29,Processing manifest or file inventory.,Yes
Key CSV tables,Script 07 - MS Vegetation Indices,CSV table,ms_index_cell_results.csv,S07__ms_index_cell_results.csv,C:\Users\tshib\OneDrive\Desktop\Internship\outputs\Third trial\07_MS_Vegetation_Indices\_reports\ms_index_cell_results.csv,C:\Users\tshib\OneDrive\Desktop\Internship\outputs\Third trial\10_Final_Figure_Report_Package\Third_Trial_Final_Package\03_Key_CSV_Tables\S07__ms_index_cell_results.csv,3204.81,Copied workflow output.,Yes
Key CSV tables,Script 07 - MS Vegetation Indices,CSV table,ms_index_tray_summary.csv,S07__ms_index_tray_summary.csv,C:\Users\tshib\OneDrive\Desktop\Internship\outputs\Third trial\07_MS_Vegetation_Indices\_reports\ms_index_tray_summary.csv,C:\Users\tshib\OneDrive\Desktop\Internship\outputs\Third trial\10_Final_Figure_Report_Package\Third_Trial_Final_Package\03_Key_CSV_Tables\S07__ms_index_tray_summary.csv,43.18,Copied workflow output.,Yes
Key CSV tables,Script 08 - MS Treatment Comparison,CSV table,heat_phase_response.csv,S08__heat_phase_response.csv,C:\Users\tshib\OneDrive\Desktop\Internship\outputs\Third trial\08_MS_Treatment_Comparison\_reports\heat_phase_response.csv,C:\Users\tshib\OneDrive\Desktop\Internship\outputs\Third trial\10_Final_Figure_Report_Package\Third_Trial_Final_Package\03_Key_CSV_Tables\S08__heat_phase_response.csv,2.09,Copied workflow output.,Yes
Key CSV tables,Script 08 - MS Treatment Comparison,CSV table,inside_outside_comparison_ideal_moisture.csv,S08__inside_outside_comparison_ideal_moisture.csv,C:\Users\tshib\OneDrive\Desktop\Internship\outputs\Third trial\08_MS_Treatment_Comparison\_reports\inside_outside_comparison_ideal_moisture.csv,C:\Users\tshib\OneDrive\Desktop\Internship\outputs\Third trial\10_Final_Figure_Report_Package\Third_Trial_Final_Package\03_Key_CSV_Tables\S08__inside_outside_comparison_ideal_moisture.csv,1.25,Inside-versus-Outside comparison for Ideal and Moisture trays.,Yes
Key CSV tables,Script 08 - MS Treatment Comparison,CSV table,moisture_phase_response.csv,S08__moisture_phase_response.csv,C:\Users\tshib\OneDrive\Desktop\Internship\outputs\Third trial\08_MS_Treatment_Comparison\_reports\moisture_phase_response.csv,C:\Users\tshib\OneDrive\Desktop\Internship\outputs\Third trial\10_Final_Figure_Report_Package\Third_Trial_Final_Package\03_Key_CSV_Tables\S08__moisture_phase_response.csv,4.1,Copied workflow output.,Yes
Key CSV tables,Script 08 - MS Treatment Comparison,CSV table,ms_cell_indices_with_day7_adjustment.csv,S08__ms_cell_indices_with_day7_adjustment.csv,C:\Users\tshib\OneDrive\Desktop\Internship\outputs\Third trial\08_MS_Treatment_Comparison\_reports\ms_cell_indices_with_day7_adjustment.csv,C:\Users\tshib\OneDrive\Desktop\Internship\outputs\Third trial\10_Final_Figure_Report_Package\Third_Trial_Final_Package\03_Key_CSV_Tables\S08__ms_cell_indices_with_day7_adjustment.csv,4562.24,Day 7 adjusted or possible bug-eaten cell record.,Yes
Key CSV tables,Script 08 - MS Treatment Comparison,CSV table,ms_group_daily_metrics.csv,S08__ms_group_daily_metrics.csv,C:\Users\tshib\OneDrive\Desktop\Internship\outputs\Third trial\08_MS_Treatment_Comparison\_reports\ms_group_daily_metrics.csv,C:\Users\tshib\OneDrive\Desktop\Internship\outputs\Third trial\10_Final_Figure_Report_Package\Third_Trial_Final_Package\03_Key_CSV_Tables\S08__ms_group_daily_metrics.csv,35.0,Copied workflow output.,Yes
Key CSV tables,Script 08 - MS Treatment Comparison,CSV table,ms_group_growth_metrics.csv,S08__ms_group_growth_metrics.csv,C:\Users\tshib\OneDrive\Desktop\Internship\outputs\Third trial\08_MS_Treatment_Comparison\_reports\ms_group_growth_metrics.csv,C:\Users\tshib\OneDrive\Desktop\Internship\outputs\Third trial\10_Final_Figure_Report_Package\Third_Trial_Final_Package\03_Key_CSV_Tables\S08__ms_group_growth_metrics.csv,17.82,Group-level growth metrics.,Yes
Key CSV tables,Script 08 - MS Treatment Comparison,CSV table,ms_tray_daily_metrics.csv,S08__ms_tray_daily_metrics.csv,C:\Users\tshib\OneDrive\Desktop\Internship\outputs\Third trial\08_MS_Treatment_Comparison\_reports\ms_tray_daily_metrics.csv,C:\Users\tshib\OneDrive\Desktop\Internship\outputs\Third trial\10_Final_Figure_Report_Package\Third_Trial_Final_Package\03_Key_CSV_Tables\S08__ms_tray_daily_metrics.csv,32.81,Copied workflow output.,Yes
Key CSV tables,Script 08 - MS Treatment Comparison,CSV table,ms_tray_growth_metrics.csv,S08__ms_tray_growth_metrics.csv,C:\Users\tshib\OneDrive\Desktop\Internship\outputs\Third trial\08_MS_Treatment_Comparison\_reports\ms_tray_growth_metrics.csv,C:\Users\tshib\OneDrive\Desktop\Internship\outputs\Third trial\10_Final_Figure_Report_Package\Third_Trial_Final_Package\03_Key_CSV_Tables\S08__ms_tray_growth_metrics.csv,8.93,Tray-level growth metrics.,Yes
Key CSV tables,Script 08 - MS Treatment Comparison,CSV table,possible_day7_bug_eaten_ms_cells.csv,S08__possible_day7_bug_eaten_ms_cells.csv,C:\Users\tshib\OneDrive\Desktop\Internship\outputs\Third trial\08_MS_Treatment_Comparison\_reports\possible_day7_bug_eaten_ms_cells.csv,C:\Users\tshib\OneDrive\Desktop\Internship\outputs\Third trial\10_Final_Figure_Report_Package\Third_Trial_Final_Package\03_Key_CSV_Tables\S08__possible_day7_bug_eaten_ms_cells.csv,200.89,Day 7 adjusted or possible bug-eaten cell record.,Yes
Key CSV tables,Script 09 - Final RGB + MS Synthesis,CSV table,final_combined_tray_synthesis.csv,S09__final_combined_tray_synthesis.csv,C:\Users\tshib\OneDrive\Desktop\Internship\outputs\Third trial\09_Final_RGB_MS_Synthesis\_reports\final_combined_tray_synthesis.csv,C:\Users\tshib\OneDrive\Desktop\Internship\outputs\Third trial\10_Final_Figure_Report_Package\Third_Trial_Final_Package\03_Key_CSV_Tables\S09__final_combined_tray_synthesis.csv,6.17,Main final tray-level RGB + MS synthesis table.,Yes
Key CSV tables,Script 09 - Final RGB + MS Synthesis,CSV table,final_group_synthesis.csv,S09__final_group_synthesis.csv,C:\Users\tshib\OneDrive\Desktop\Internship\outputs\Third trial\09_Final_RGB_MS_Synthesis\_reports\final_group_synthesis.csv,C:\Users\tshib\OneDrive\Desktop\Internship\outputs\Third trial\10_Final_Figure_Report_Package\Third_Trial_Final_Package\03_Key_CSV_Tables\S09__final_group_synthesis.csv,4.57,Final group-level RGB + MS comparison table.,Yes
Key CSV tables,Script 09 - Final RGB + MS Synthesis,CSV table,final_inside_outside_synthesis.csv,S09__final_inside_outside_synthesis.csv,C:\Users\tshib\OneDrive\Desktop\Internship\outputs\Third trial\09_Final_RGB_MS_Synthesis\_reports\final_inside_outside_synthesis.csv,C:\Users\tshib\OneDrive\Desktop\Internship\outputs\Third trial\10_Final_Figure_Report_Package\Third_Trial_Final_Package\03_Key_CSV_Tables\S09__final_inside_outside_synthesis.csv,1.34,Inside-versus-Outside comparison for Ideal and Moisture trays.,Yes
Key CSV tables,Script 09 - Final RGB + MS Synthesis,CSV table,input_file_inventory.csv,S09__input_file_inventory.csv,C:\Users\tshib\OneDrive\Desktop\Internship\outputs\Third trial\09_Final_RGB_MS_Synthesis\_reports\input_file_inventory.csv,C:\Users\tshib\OneDrive\Desktop\Internship\outputs\Third trial\10_Final_Figure_Report_Package\Third_Trial_Final_Package\03_Key_CSV_Tables\S09__input_file_inventory.csv,1.87,Copied workflow output.,Yes
Charts,Script 05 - RGB Growth Rate and Treatment Comparison,Chart or evidence image,01_microbes_visible_emergence_trend.png,S05__01_microbes_visible_emergence_trend.png,C:\Users\tshib\OneDrive\Desktop\Internship\outputs\Third trial\05_RGB_Growth_Rate_Treatment_Comparison\charts\01_microbes_visible_emergence_trend.png,C:\Users\tshib\OneDrive\Desktop\Internship\outputs\Third trial\10_Final_Figure_Report_Package\Third_Trial_Final_Package\04_Final_Charts\S05__01_microbes_visible_emergence_trend.png,132.2,Visual chart or quality-check evidence image.,Yes
Charts,Script 05 - RGB Growth Rate and Treatment Comparison,Chart or evidence image,02_microbes_adjusted_green_cover_trend.png,S05__02_microbes_adjusted_green_cover_trend.png,C:\Users\tshib\OneDrive\Desktop\Internship\outputs\Third trial\05_RGB_Growth_Rate_Treatment_Comparison\charts\02_microbes_adjusted_green_cover_trend.png,C:\Users\tshib\OneDrive\Desktop\Internship\outputs\Third trial\10_Final_Figure_Report_Package\Third_Trial_Final_Package\04_Final_Charts\S05__02_microbes_adjusted_green_cover_trend.png,139.24,Visual chart or quality-check evidence image.,Yes
Charts,Script 05 - RGB Growth Rate and Treatment Comparison,Chart or evidence image,03_treatment_visible_emergence_trend.png,S05__03_treatment_visible_emergence_trend.png,C:\Users\tshib\OneDrive\Desktop\Internship\outputs\Third trial\05_RGB_Growth_Rate_Treatment_Comparison\charts\03_treatment_visible_emergence_trend.png,C:\Users\tshib\OneDrive\Desktop\Internship\outputs\Third trial\10_Final_Figure_Report_Package\Third_Trial_Final_Package\04_Final_Charts\S05__03_treatment_visible_emergence_trend.png,149.86,Visual chart or quality-check evidence image.,Yes
Charts,Script 05 - RGB Growth Rate and Treatment Comparison,Chart or evidence image,04_treatment_adjusted_green_cover_trend.png,S05__04_treatment_adjusted_green_cover_trend.png,C:\Users\tshib\OneDrive\Desktop\Internship\outputs\Third trial\05_RGB_Growth_Rate_Treatment_Comparison\charts\04_treatment_adjusted_green_cover_trend.png,C:\Users\tshib\OneDrive\Desktop\Internship\outputs\Third trial\10_Final_Figure_Report_Package\Third_Trial_Final_Package\04_Final_Charts\S05__04_treatment_adjusted_green_cover_trend.png,168.59,Visual chart or quality-check evidence image.,Yes
Charts,Script 05 - RGB Growth Rate and Treatment Comparison,Chart or evidence image,05_day7_observed_vs_adjusted_green_cover_by_tray.png,S05__05_day7_observed_vs_adjusted_green_cover_by_tray.png,C:\Users\tshib\OneDrive\Desktop\Internship\outputs\Third trial\05_RGB_Growth_Rate_Treatment_Comparison\charts\05_day7_observed_vs_adjusted_green_cover_by_tray.png,C:\Users\tshib\OneDrive\Desktop\Internship\outputs\Third trial\10_Final_Figure_Report_Package\Third_Trial_Final_Package\04_Final_Charts\S05__05_day7_observed_vs_adjusted_green_cover_by_tray.png,87.88,Day 7 adjusted or possible bug-eaten cell record.,Yes
Charts,Script 05 - RGB Growth Rate and Treatment Comparison,Chart or evidence image,05_treatment_environment_adjusted_green_cover_trend.png,S05__05_treatment_environment_adjusted_green_cover_trend.png,C:\Users\tshib\OneDrive\Desktop\Internship\outputs\Third trial\05_RGB_Growth_Rate_Treatment_Comparison\charts\05_treatment_environment_adjusted_green_cover_trend.png,C:\Users\tshib\OneDrive\Desktop\Internship\outputs\Third trial\10_Final_Figure_Report_Package\Third_Trial_Final_Package\04_Final_Charts\S05__05_treatment_environment_adjusted_green_cover_trend.png,123.58,Visual chart or quality-check evidence image.,Yes
Charts,Script 05 - RGB Growth Rate and Treatment Comparison,Chart or evidence image,06_adjusted_rgb_tray_ranking.png,S05__06_adjusted_rgb_tray_ranking.png,C:\Users\tshib\OneDrive\Desktop\Internship\outputs\Third trial\05_RGB_Growth_Rate_Treatment_Comparison\charts\06_adjusted_rgb_tray_ranking.png,C:\Users\tshib\OneDrive\Desktop\Internship\outputs\Third trial\10_Final_Figure_Report_Package\Third_Trial_Final_Package\04_Final_Charts\S05__06_adjusted_rgb_tray_ranking.png,178.29,Visual chart or quality-check evidence image.,Yes
Charts,Script 05 - RGB Growth Rate and Treatment Comparison,Chart or evidence image,06_day7_observed_vs_adjusted_green_cover_by_tray.png,S05__06_day7_observed_vs_adjusted_green_cover_by_tray.png,C:\Users\tshib\OneDrive\Desktop\Internship\outputs\Third trial\05_RGB_Growth_Rate_Treatment_Comparison\charts\06_day7_observed_vs_adjusted_green_cover_by_tray.png,C:\Users\tshib\OneDrive\Desktop\Internship\outputs\Third trial\10_Final_Figure_Report_Package\Third_Trial_Final_Package\04_Final_Charts\S05__06_day7_observed_vs_adjusted_green_cover_by_tray.png,80.27,Day 7 adjusted or possible bug-eaten cell record.,Yes
Charts,Script 05 - RGB Growth Rate and Treatment Comparison,Chart or evidence image,07_adjusted_rgb_tray_ranking.png,S05__07_adjusted_rgb_tray_ranking.png,C:\Users\tshib\OneDrive\Desktop\Internship\outputs\Third trial\05_RGB_Growth_Rate_Treatment_Comparison\charts\07_adjusted_rgb_tray_ranking.png,C:\Users\tshib\OneDrive\Desktop\Internship\outputs\Third trial\10_Final_Figure_Report_Package\Third_Trial_Final_Package\04_Final_Charts\S05__07_adjusted_rgb_tray_ranking.png,101.92,Visual chart or quality-check evidence image.,Yes
Charts,Script 05 - RGB Growth Rate and Treatment Comparison,Chart or evidence image,07_day7_possible_bug_eaten_cells_by_tray.png,S05__07_day7_possible_bug_eaten_cells_by_tray.png,C:\Users\tshib\OneDrive\Desktop\Internship\outputs\Third trial\05_RGB_Growth_Rate_Treatment_Comparison\charts\07_day7_possible_bug_eaten_cells_by_tray.png,C:\Users\tshib\OneDrive\Desktop\Internship\outputs\Third trial\10_Final_Figure_Report_Package\Third_Trial_Final_Package\04_Final_Charts\S05__07_day7_possible_bug_eaten_cells_by_tray.png,73.63,Day 7 adjusted or possible bug-eaten cell record.,Yes
Charts,Script 05 - RGB Growth Rate and Treatment Comparison,Chart or evidence image,08_day7_possible_bug_eaten_cells_by_tray.png,S05__08_day7_possible_bug_eaten_cells_by_tray.png,C:\Users\tshib\OneDrive\Desktop\Internship\outputs\Third trial\05_RGB_Growth_Rate_Treatment_Comparison\charts\08_day7_possible_bug_eaten_cells_by_tray.png,C:\Users\tshib\OneDrive\Desktop\Internship\outputs\Third trial\10_Final_Figure_Report_Package\Third_Trial_Final_Package\04_Final_Charts\S05__08_day7_possible_bug_eaten_cells_by_tray.png,67.65,Day 7 adjusted or possible bug-eaten cell record.,Yes
Charts,Script 05 - RGB Growth Rate and Treatment Comparison,Chart or evidence image,08_inside_outside_adjusted_green_cover_ideal_moisture.png,S05__08_inside_outside_adjusted_green_cover_ideal_moisture.png,C:\Users\tshib\OneDrive\Desktop\Internship\outputs\Third trial\05_RGB_Growth_Rate_Treatment_Comparison\charts\08_inside_outside_adjusted_green_cover_ideal_moisture.png,C:\Users\tshib\OneDrive\Desktop\Internship\outputs\Third trial\10_Final_Figure_Report_Package\Third_Trial_Final_Package\04_Final_Charts\S05__08_inside_outside_adjusted_green_cover_ideal_moisture.png,74.09,Inside-versus-Outside comparison for Ideal and Moisture trays.,Yes
Charts,Script 05 - RGB Growth Rate and Treatment Comparison,Chart or evidence image,09_inside_outside_emergence_ideal_moisture.png,S05__09_inside_outside_emergence_ideal_moisture.png,C:\Users\tshib\OneDrive\Desktop\Internship\outputs\Third trial\05_RGB_Growth_Rate_Treatment_Comparison\charts\09_inside_outside_emergence_ideal_moisture.png,C:\Users\tshib\OneDrive\Desktop\Internship\outputs\Third trial\10_Final_Figure_Report_Package\Third_Trial_Final_Package\04_Final_Charts\S05__09_inside_outside_emergence_ideal_moisture.png,75.79,Inside-versus-Outside comparison for Ideal and Moisture trays.,Yes
Charts,Script 08 - MS Treatment Comparison,Chart or evidence image,01_microbes_adjusted_ndvi_trend.png,S08__01_microbes_adjusted_ndvi_trend.png,C:\Users\tshib\OneDrive\Desktop\Internship\outputs\Third trial\08_MS_Treatment_Comparison\charts\01_microbes_adjusted_ndvi_trend.png,C:\Users\tshib\OneDrive\Desktop\Internship\outputs\Third trial\10_Final_Figure_Report_Package\Third_Trial_Final_Package\04_Final_Charts\S08__01_microbes_adjusted_ndvi_trend.png,159.6,Visual chart or quality-check evidence image.,Yes
Charts,Script 08 - MS Treatment Comparison,Chart or evidence image,02_microbes_adjusted_ndre_trend.png,S08__02_microbes_adjusted_ndre_trend.png,C:\Users\tshib\OneDrive\Desktop\Internship\outputs\Third trial\08_MS_Treatment_Comparison\charts\02_microbes_adjusted_ndre_trend.png,C:\Users\tshib\OneDrive\Desktop\Internship\outputs\Third trial\10_Final_Figure_Report_Package\Third_Trial_Final_Package\04_Final_Charts\S08__02_microbes_adjusted_ndre_trend.png,142.55,Visual chart or quality-check evidence image.,Yes
Charts,Script 08 - MS Treatment Comparison,Chart or evidence image,03_treatment_adjusted_ndvi_trend.png,S08__03_treatment_adjusted_ndvi_trend.png,C:\Users\tshib\OneDrive\Desktop\Internship\outputs\Third trial\08_MS_Treatment_Comparison\charts\03_treatment_adjusted_ndvi_trend.png,C:\Users\tshib\OneDrive\Desktop\Internship\outputs\Third trial\10_Final_Figure_Report_Package\Third_Trial_Final_Package\04_Final_Charts\S08__03_treatment_adjusted_ndvi_trend.png,191.69,Visual chart or quality-check evidence image.,Yes
Charts,Script 08 - MS Treatment Comparison,Chart or evidence image,04_treatment_adjusted_ndre_trend.png,S08__04_treatment_adjusted_ndre_trend.png,C:\Users\tshib\OneDrive\Desktop\Internship\outputs\Third trial\08_MS_Treatment_Comparison\charts\04_treatment_adjusted_ndre_trend.png,C:\Users\tshib\OneDrive\Desktop\Internship\outputs\Third trial\10_Final_Figure_Report_Package\Third_Trial_Final_Package\04_Final_Charts\S08__04_treatment_adjusted_ndre_trend.png,191.8,Visual chart or quality-check evidence image.,Yes
Charts,Script 08 - MS Treatment Comparison,Chart or evidence image,05_day7_observed_vs_adjusted_ndvi_by_tray.png,S08__05_day7_observed_vs_adjusted_ndvi_by_tray.png,C:\Users\tshib\OneDrive\Desktop\Internship\outputs\Third trial\08_MS_Treatment_Comparison\charts\05_day7_observed_vs_adjusted_ndvi_by_tray.png,C:\Users\tshib\OneDrive\Desktop\Internship\outputs\Third trial\10_Final_Figure_Report_Package\Third_Trial_Final_Package\04_Final_Charts\S08__05_day7_observed_vs_adjusted_ndvi_by_tray.png,90.74,Day 7 adjusted or possible bug-eaten cell record.,Yes
Charts,Script 08 - MS Treatment Comparison,Chart or evidence image,06_day7_observed_vs_adjusted_ndre_by_tray.png,S08__06_day7_observed_vs_adjusted_ndre_by_tray.png,C:\Users\tshib\OneDrive\Desktop\Internship\outputs\Third trial\08_MS_Treatment_Comparison\charts\06_day7_observed_vs_adjusted_ndre_by_tray.png,C:\Users\tshib\OneDrive\Desktop\Internship\outputs\Third trial\10_Final_Figure_Report_Package\Third_Trial_Final_Package\04_Final_Charts\S08__06_day7_observed_vs_adjusted_ndre_by_tray.png,87.35,Day 7 adjusted or possible bug-eaten cell record.,Yes
Charts,Script 08 - MS Treatment Comparison,Chart or evidence image,07_adjusted_ms_tray_ranking.png,S08__07_adjusted_ms_tray_ranking.png,C:\Users\tshib\OneDrive\Desktop\Internship\outputs\Third trial\08_MS_Treatment_Comparison\charts\07_adjusted_ms_tray_ranking.png,C:\Users\tshib\OneDrive\Desktop\Internship\outputs\Third trial\10_Final_Figure_Report_Package\Third_Trial_Final_Package\04_Final_Charts\S08__07_adjusted_ms_tray_ranking.png,174.6,Visual chart or quality-check evidence image.,Yes
Charts,Script 08 - MS Treatment Comparison,Chart or evidence image,08_inside_outside_adjusted_ndvi_ideal_moisture.png,S08__08_inside_outside_adjusted_ndvi_ideal_moisture.png,C:\Users\tshib\OneDrive\Desktop\Internship\outputs\Third trial\08_MS_Treatment_Comparison\charts\08_inside_outside_adjusted_ndvi_ideal_moisture.png,C:\Users\tshib\OneDrive\Desktop\Internship\outputs\Third trial\10_Final_Figure_Report_Package\Third_Trial_Final_Package\04_Final_Charts\S08__08_inside_outside_adjusted_ndvi_ideal_moisture.png,67.49,Inside-versus-Outside comparison for Ideal and Moisture trays.,Yes
Charts,Script 08 - MS Treatment Comparison,Chart or evidence image,09_inside_outside_adjusted_ndre_ideal_moisture.png,S08__09_inside_outside_adjusted_ndre_ideal_moisture.png,C:\Users\tshib\OneDrive\Desktop\Internship\outputs\Third trial\08_MS_Treatment_Comparison\charts\09_inside_outside_adjusted_ndre_ideal_moisture.png,C:\Users\tshib\OneDrive\Desktop\Internship\outputs\Third trial\10_Final_Figure_Report_Package\Third_Trial_Final_Package\04_Final_Charts\S08__09_inside_outside_adjusted_ndre_ideal_moisture.png,71.43,Inside-versus-Outside comparison for Ideal and Moisture trays.,Yes
Charts,Script 08 - MS Treatment Comparison,Chart or evidence image,10_heat_phase_adjusted_ndvi.png,S08__10_heat_phase_adjusted_ndvi.png,C:\Users\tshib\OneDrive\Desktop\Internship\outputs\Third trial\08_MS_Treatment_Comparison\charts\10_heat_phase_adjusted_ndvi.png,C:\Users\tshib\OneDrive\Desktop\Internship\outputs\Third trial\10_Final_Figure_Report_Package\Third_Trial_Final_Package\04_Final_Charts\S08__10_heat_phase_adjusted_ndvi.png,164.43,Visual chart or quality-check evidence image.,Yes
Charts,Script 08 - MS Treatment Comparison,Chart or evidence image,11_moisture_environment_adjusted_ndvi.png,S08__11_moisture_environment_adjusted_ndvi.png,C:\Users\tshib\OneDrive\Desktop\Internship\outputs\Third trial\08_MS_Treatment_Comparison\charts\11_moisture_environment_adjusted_ndvi.png,C:\Users\tshib\OneDrive\Desktop\Internship\outputs\Third trial\10_Final_Figure_Report_Package\Third_Trial_Final_Package\04_Final_Charts\S08__11_moisture_environment_adjusted_ndvi.png,160.99,Visual chart or quality-check evidence image.,Yes
Charts,Script 08 - MS Treatment Comparison,Chart or evidence image,12_day7_imputed_cells_by_tray.png,S08__12_day7_imputed_cells_by_tray.png,C:\Users\tshib\OneDrive\Desktop\Internship\outputs\Third trial\08_MS_Treatment_Comparison\charts\12_day7_imputed_cells_by_tray.png,C:\Users\tshib\OneDrive\Desktop\Internship\outputs\Third trial\10_Final_Figure_Report_Package\Third_Trial_Final_Package\04_Final_Charts\S08__12_day7_imputed_cells_by_tray.png,71.7,Day 7 adjusted or possible bug-eaten cell record.,Yes
Charts,Script 09 - Final RGB + MS Synthesis,Chart or evidence image,01_final_combined_rgb_ms_tray_ranking.png,S09__01_final_combined_rgb_ms_tray_ranking.png,C:\Users\tshib\OneDrive\Desktop\Internship\outputs\Third trial\09_Final_RGB_MS_Synthesis\charts\01_final_combined_rgb_ms_tray_ranking.png,C:\Users\tshib\OneDrive\Desktop\Internship\outputs\Third trial\10_Final_Figure_Report_Package\Third_Trial_Final_Package\04_Final_Charts\S09__01_final_combined_rgb_ms_tray_ranking.png,174.94,Visual chart or quality-check evidence image.,Yes
Charts,Script 09 - Final RGB + MS Synthesis,Chart or evidence image,02_rgb_vs_ms_score_scatter.png,S09__02_rgb_vs_ms_score_scatter.png,C:\Users\tshib\OneDrive\Desktop\Internship\outputs\Third trial\09_Final_RGB_MS_Synthesis\charts\02_rgb_vs_ms_score_scatter.png,C:\Users\tshib\OneDrive\Desktop\Internship\outputs\Third trial\10_Final_Figure_Report_Package\Third_Trial_Final_Package\04_Final_Charts\S09__02_rgb_vs_ms_score_scatter.png,107.46,Visual chart or quality-check evidence image.,Yes
Charts,Script 09 - Final RGB + MS Synthesis,Chart or evidence image,03_combined_score_by_microbe_status.png,S09__03_combined_score_by_microbe_status.png,C:\Users\tshib\OneDrive\Desktop\Internship\outputs\Third trial\09_Final_RGB_MS_Synthesis\charts\03_combined_score_by_microbe_status.png,C:\Users\tshib\OneDrive\Desktop\Internship\outputs\Third trial\10_Final_Figure_Report_Package\Third_Trial_Final_Package\04_Final_Charts\S09__03_combined_score_by_microbe_status.png,71.72,Visual chart or quality-check evidence image.,Yes
Charts,Script 09 - Final RGB + MS Synthesis,Chart or evidence image,04_combined_score_by_treatment.png,S09__04_combined_score_by_treatment.png,C:\Users\tshib\OneDrive\Desktop\Internship\outputs\Third trial\09_Final_RGB_MS_Synthesis\charts\04_combined_score_by_treatment.png,C:\Users\tshib\OneDrive\Desktop\Internship\outputs\Third trial\10_Final_Figure_Report_Package\Third_Trial_Final_Package\04_Final_Charts\S09__04_combined_score_by_treatment.png,70.6,Visual chart or quality-check evidence image.,Yes
Charts,Script 09 - Final RGB + MS Synthesis,Chart or evidence image,05_inside_outside_combined_score_ideal_moisture.png,S09__05_inside_outside_combined_score_ideal_moisture.png,C:\Users\tshib\OneDrive\Desktop\Internship\outputs\Third trial\09_Final_RGB_MS_Synthesis\charts\05_inside_outside_combined_score_ideal_moisture.png,C:\Users\tshib\OneDrive\Desktop\Internship\outputs\Third trial\10_Final_Figure_Report_Package\Third_Trial_Final_Package\04_Final_Charts\S09__05_inside_outside_combined_score_ideal_moisture.png,67.06,Inside-versus-Outside comparison for Ideal and Moisture trays.,Yes
Charts,Script 09 - Final RGB + MS Synthesis,Chart or evidence image,06_day7_adjusted_cells_rgb_ms.png,S09__06_day7_adjusted_cells_rgb_ms.png,C:\Users\tshib\OneDrive\Desktop\Internship\outputs\Third trial\09_Final_RGB_MS_Synthesis\charts\06_day7_adjusted_cells_rgb_ms.png,C:\Users\tshib\OneDrive\Desktop\Internship\outputs\Third trial\10_Final_Figure_Report_Package\Third_Trial_Final_Package\04_Final_Charts\S09__06_day7_adjusted_cells_rgb_ms.png,82.7,Day 7 adjusted or possible bug-eaten cell record.,Yes
Settings and manifests,Script 04 - RGB Visible Emergence,Settings/config file,visible_emergence_settings.json,S04__visible_emergence_settings.json,C:\Users\tshib\OneDrive\Desktop\Internship\outputs\Third trial\04_Visible_Emergence\_config\visible_emergence_settings.json,C:\Users\tshib\OneDrive\Desktop\Internship\outputs\Third trial\10_Final_Figure_Report_Package\Third_Trial_Final_Package\06_Settings_and_Manifests\S04__visible_emergence_settings.json,1.43,Settings file documenting processing parameters.,Yes
Settings and manifests,Script 05 - RGB Growth Rate and Treatment Comparison,Settings/config file,rgb_growth_treatment_settings.json,S05__rgb_growth_treatment_settings.json,C:\Users\tshib\OneDrive\Desktop\Internship\outputs\Third trial\05_RGB_Growth_Rate_Treatment_Comparison\_config\rgb_growth_treatment_settings.json,C:\Users\tshib\OneDrive\Desktop\Internship\outputs\Third trial\10_Final_Figure_Report_Package\Third_Trial_Final_Package\06_Settings_and_Manifests\S05__rgb_growth_treatment_settings.json,1.68,Settings file documenting processing parameters.,Yes
Settings and manifests,Script 06 - MS Cell Grid Detection,Settings/config file,ms_grid_detection_settings.json,S06__ms_grid_detection_settings.json,C:\Users\tshib\OneDrive\Desktop\Internship\outputs\Third trial\06_MS_Cell_Grid_Detection\_config\ms_grid_detection_settings.json,C:\Users\tshib\OneDrive\Desktop\Internship\outputs\Third trial\10_Final_Figure_Report_Package\Third_Trial_Final_Package\06_Settings_and_Manifests\S06__ms_grid_detection_settings.json,1.3,Settings file documenting processing parameters.,Yes
Settings and manifests,Script 07 - MS Vegetation Indices,Settings/config file,index_settings.json,S07__index_settings.json,C:\Users\tshib\OneDrive\Desktop\Internship\outputs\Third trial\07_MS_Vegetation_Indices\_config\index_settings.json,C:\Users\tshib\OneDrive\Desktop\Internship\outputs\Third trial\10_Final_Figure_Report_Package\Third_Trial_Final_Package\06_Settings_and_Manifests\S07__index_settings.json,0.69,Settings file documenting processing parameters.,Yes
Settings and manifests,Script 08 - MS Treatment Comparison,Settings/config file,ms_treatment_comparison_settings.json,S08__ms_treatment_comparison_settings.json,C:\Users\tshib\OneDrive\Desktop\Internship\outputs\Third trial\08_MS_Treatment_Comparison\_config\ms_treatment_comparison_settings.json,C:\Users\tshib\OneDrive\Desktop\Internship\outputs\Third trial\10_Final_Figure_Report_Package\Third_Trial_Final_Package\06_Settings_and_Manifests\S08__ms_treatment_comparison_settings.json,1.76,Settings file documenting processing parameters.,Yes
Settings and manifests,Script 09 - Final RGB + MS Synthesis,Settings/config file,final_rgb_ms_synthesis_settings.json,S09__final_rgb_ms_synthesis_settings.json,C:\Users\tshib\OneDrive\Desktop\Internship\outputs\Third trial\09_Final_RGB_MS_Synthesis\_config\final_rgb_ms_synthesis_settings.json,C:\Users\tshib\OneDrive\Desktop\Internship\outputs\Third trial\10_Final_Figure_Report_Package\Third_Trial_Final_Package\06_Settings_and_Manifests\S09__final_rgb_ms_synthesis_settings.json,1.56,Settings file documenting processing parameters.,Yes
Quality evidence overlays,Script 04 - RGB Visible Emergence,Chart or evidence image,DJI_20260629154609_0011_visible_emergence_overlay.jpg,S04__DJI_20260629154609_0011_visible_emergence_overlay.jpg,C:\Users\tshib\OneDrive\Desktop\Internship\outputs\Third trial\04_Visible_Emergence\Day 1\Tray 10\overlays\DJI_20260629154609_0011_visible_emergence_overlay.jpg,C:\Users\tshib\OneDrive\Desktop\Internship\outputs\Third trial\10_Final_Figure_Report_Package\Third_Trial_Final_Package\05_Quality_Evidence_Overlays\S04__DJI_20260629154609_0011_visible_emergence_overlay.jpg,3592.77,Visual chart or quality-check evidence image.,Yes
Quality evidence overlays,Script 04 - RGB Visible Emergence,Chart or evidence image,DJI_20260629154652_0012_visible_emergence_overlay.jpg,S04__DJI_20260629154652_0012_visible_emergence_overlay.jpg,C:\Users\tshib\OneDrive\Desktop\Internship\outputs\Third trial\04_Visible_Emergence\Day 1\Tray 11\overlays\DJI_20260629154652_0012_visible_emergence_overlay.jpg,C:\Users\tshib\OneDrive\Desktop\Internship\outputs\Third trial\10_Final_Figure_Report_Package\Third_Trial_Final_Package\05_Quality_Evidence_Overlays\S04__DJI_20260629154652_0012_visible_emergence_overlay.jpg,3526.88,Visual chart or quality-check evidence image.,Yes
Quality evidence overlays,Script 04 - RGB Visible Emergence,Chart or evidence image,DJI_20260629154739_0013_visible_emergence_overlay.jpg,S04__DJI_20260629154739_0013_visible_emergence_overlay.jpg,C:\Users\tshib\OneDrive\Desktop\Internship\outputs\Third trial\04_Visible_Emergence\Day 1\Tray 12\overlays\DJI_20260629154739_0013_visible_emergence_overlay.jpg,C:\Users\tshib\OneDrive\Desktop\Internship\outputs\Third trial\10_Final_Figure_Report_Package\Third_Trial_Final_Package\05_Quality_Evidence_Overlays\S04__DJI_20260629154739_0013_visible_emergence_overlay.jpg,3355.34,Visual chart or quality-check evidence image.,Yes
Quality evidence overlays,Script 04 - RGB Visible Emergence,Chart or evidence image,DJI_20260629153749_0001_visible_emergence_overlay.jpg,S04__DJI_20260629153749_0001_visible_emergence_overlay.jpg,C:\Users\tshib\OneDrive\Desktop\Internship\outputs\Third trial\04_Visible_Emergence\Day 1\Tray 1\overlays\DJI_20260629153749_0001_visible_emergence_overlay.jpg,C:\Users\tshib\OneDrive\Desktop\Internship\outputs\Third trial\10_Final_Figure_Report_Package\Third_Trial_Final_Package\05_Quality_Evidence_Overlays\S04__DJI_20260629153749_0001_visible_emergence_overlay.jpg,3459.58,Visual chart or quality-check evidence image.,Yes
Quality evidence overlays,Script 04 - RGB Visible Emergence,Chart or evidence image,DJI_20260629153956_0003_visible_emergence_overlay.jpg,S04__DJI_20260629153956_0003_visible_emergence_overlay.jpg,C:\Users\tshib\OneDrive\Desktop\Internship\outputs\Third trial\04_Visible_Emergence\Day 1\Tray 2\overlays\DJI_20260629153956_0003_visible_emergence_overlay.jpg,C:\Users\tshib\OneDrive\Desktop\Internship\outputs\Third trial\10_Final_Figure_Report_Package\Third_Trial_Final_Package\05_Quality_Evidence_Overlays\S04__DJI_20260629153956_0003_visible_emergence_overlay.jpg,3270.36,Visual chart or quality-check evidence image.,Yes
Quality evidence overlays,Script 04 - RGB Visible Emergence,Chart or evidence image,DJI_20260629154053_0004_visible_emergence_overlay.jpg,S04__DJI_20260629154053_0004_visible_emergence_overlay.jpg,C:\Users\tshib\OneDrive\Desktop\Internship\outputs\Third trial\04_Visible_Emergence\Day 1\Tray 3\overlays\DJI_20260629154053_0004_visible_emergence_overlay.jpg,C:\Users\tshib\OneDrive\Desktop\Internship\outputs\Third trial\10_Final_Figure_Report_Package\Third_Trial_Final_Package\05_Quality_Evidence_Overlays\S04__DJI_20260629154053_0004_visible_emergence_overlay.jpg,3351.26,Visual chart or quality-check evidence image.,Yes
Quality evidence overlays,Script 04 - RGB Visible Emergence,Chart or evidence image,DJI_20260629154141_0005_visible_emergence_overlay.jpg,S04__DJI_20260629154141_0005_visible_emergence_overlay.jpg,C:\Users\tshib\OneDrive\Desktop\Internship\outputs\Third trial\04_Visible_Emergence\Day 1\Tray 4\overlays\DJI_20260629154141_0005_visible_emergence_overlay.jpg,C:\Users\tshib\OneDrive\Desktop\Internship\outputs\Third trial\10_Final_Figure_Report_Package\Third_Trial_Final_Package\05_Quality_Evidence_Overlays\S04__DJI_20260629154141_0005_visible_emergence_overlay.jpg,3416.26,Visual chart or quality-check evidence image.,Yes
Quality evidence overlays,Script 04 - RGB Visible Emergence,Chart or evidence image,DJI_20260629154235_0006_visible_emergence_overlay.jpg,S04__DJI_20260629154235_0006_visible_emergence_overlay.jpg,C:\Users\tshib\OneDrive\Desktop\Internship\outputs\Third trial\04_Visible_Emergence\Day 1\Tray 5\overlays\DJI_20260629154235_0006_visible_emergence_overlay.jpg,C:\Users\tshib\OneDrive\Desktop\Internship\outputs\Third trial\10_Final_Figure_Report_Package\Third_Trial_Final_Package\05_Quality_Evidence_Overlays\S04__DJI_20260629154235_0006_visible_emergence_overlay.jpg,3503.63,Visual chart or quality-check evidence image.,Yes
Quality evidence overlays,Script 04 - RGB Visible Emergence,Chart or evidence image,DJI_20260629154321_0007_visible_emergence_overlay.jpg,S04__DJI_20260629154321_0007_visible_emergence_overlay.jpg,C:\Users\tshib\OneDrive\Desktop\Internship\outputs\Third trial\04_Visible_Emergence\Day 1\Tray 6\overlays\DJI_20260629154321_0007_visible_emergence_overlay.jpg,C:\Users\tshib\OneDrive\Desktop\Internship\outputs\Third trial\10_Final_Figure_Report_Package\Third_Trial_Final_Package\05_Quality_Evidence_Overlays\S04__DJI_20260629154321_0007_visible_emergence_overlay.jpg,3686.16,Visual chart or quality-check evidence image.,Yes
Quality evidence overlays,Script 04 - RGB Visible Emergence,Chart or evidence image,DJI_20260629154404_0008_visible_emergence_overlay.jpg,S04__DJI_20260629154404_0008_visible_emergence_overlay.jpg,C:\Users\tshib\OneDrive\Desktop\Internship\outputs\Third trial\04_Visible_Emergence\Day 1\Tray 7\overlays\DJI_20260629154404_0008_visible_emergence_overlay.jpg,C:\Users\tshib\OneDrive\Desktop\Internship\outputs\Third trial\10_Final_Figure_Report_Package\Third_Trial_Final_Package\05_Quality_Evidence_Overlays\S04__DJI_20260629154404_0008_visible_emergence_overlay.jpg,3855.21,Visual chart or quality-check evidence image.,Yes
Quality evidence overlays,Script 04 - RGB Visible Emergence,Chart or evidence image,DJI_20260629154446_0009_visible_emergence_overlay.jpg,S04__DJI_20260629154446_0009_visible_emergence_overlay.jpg,C:\Users\tshib\OneDrive\Desktop\Internship\outputs\Third trial\04_Visible_Emergence\Day 1\Tray 8\overlays\DJI_20260629154446_0009_visible_emergence_overlay.jpg,C:\Users\tshib\OneDrive\Desktop\Internship\outputs\Third trial\10_Final_Figure_Report_Package\Third_Trial_Final_Package\05_Quality_Evidence_Overlays\S04__DJI_20260629154446_0009_visible_emergence_overlay.jpg,3592.77,Visual chart or quality-check evidence image.,Yes
Quality evidence overlays,Script 04 - RGB Visible Emergence,Chart or evidence image,DJI_20260629154539_0010_visible_emergence_overlay.jpg,S04__DJI_20260629154539_0010_visible_emergence_overlay.jpg,C:\Users\tshib\OneDrive\Desktop\Internship\outputs\Third trial\04_Visible_Emergence\Day 1\Tray 9\overlays\DJI_20260629154539_0010_visible_emergence_overlay.jpg,C:\Users\tshib\OneDrive\Desktop\Internship\outputs\Third trial\10_Final_Figure_Report_Package\Third_Trial_Final_Package\05_Quality_Evidence_Overlays\S04__DJI_20260629154539_0010_visible_emergence_overlay.jpg,3685.61,Visual chart or quality-check evidence image.,Yes
Quality evidence overlays,Script 06 - MS Cell Grid Detection,Chart or evidence image,DJI_20260629154609_0011_MS_NIR_grid_overlay.jpg,S06__DJI_20260629154609_0011_MS_NIR_grid_overlay.jpg,C:\Users\tshib\OneDrive\Desktop\Internship\outputs\Third trial\06_MS_Cell_Grid_Detection\Day 1\Tray 10\overlays\DJI_20260629154609_0011_MS_NIR_grid_overlay.jpg,C:\Users\tshib\OneDrive\Desktop\Internship\outputs\Third trial\10_Final_Figure_Report_Package\Third_Trial_Final_Package\05_Quality_Evidence_Overlays\S06__DJI_20260629154609_0011_MS_NIR_grid_overlay.jpg,667.75,Visual chart or quality-check evidence image.,Yes
Quality evidence overlays,Script 06 - MS Cell Grid Detection,Chart or evidence image,DJI_20260629154652_0012_MS_NIR_grid_overlay.jpg,S06__DJI_20260629154652_0012_MS_NIR_grid_overlay.jpg,C:\Users\tshib\OneDrive\Desktop\Internship\outputs\Third trial\06_MS_Cell_Grid_Detection\Day 1\Tray 11\overlays\DJI_20260629154652_0012_MS_NIR_grid_overlay.jpg,C:\Users\tshib\OneDrive\Desktop\Internship\outputs\Third trial\10_Final_Figure_Report_Package\Third_Trial_Final_Package\05_Quality_Evidence_Overlays\S06__DJI_20260629154652_0012_MS_NIR_grid_overlay.jpg,657.82,Visual chart or quality-check evidence image.,Yes
Quality evidence overlays,Script 06 - MS Cell Grid Detection,Chart or evidence image,DJI_20260629154739_0013_MS_NIR_grid_overlay.jpg,S06__DJI_20260629154739_0013_MS_NIR_grid_overlay.jpg,C:\Users\tshib\OneDrive\Desktop\Internship\outputs\Third trial\06_MS_Cell_Grid_Detection\Day 1\Tray 12\overlays\DJI_20260629154739_0013_MS_NIR_grid_overlay.jpg,C:\Users\tshib\OneDrive\Desktop\Internship\outputs\Third trial\10_Final_Figure_Report_Package\Third_Trial_Final_Package\05_Quality_Evidence_Overlays\S06__DJI_20260629154739_0013_MS_NIR_grid_overlay.jpg,637.16,Visual chart or quality-check evidence image.,Yes
Quality evidence overlays,Script 06 - MS Cell Grid Detection,Chart or evidence image,DJI_20260629153749_0001_MS_NIR_grid_overlay.jpg,S06__DJI_20260629153749_0001_MS_NIR_grid_overlay.jpg,C:\Users\tshib\OneDrive\Desktop\Internship\outputs\Third trial\06_MS_Cell_Grid_Detection\Day 1\Tray 1\overlays\DJI_20260629153749_0001_MS_NIR_grid_overlay.jpg,C:\Users\tshib\OneDrive\Desktop\Internship\outputs\Third trial\10_Final_Figure_Report_Package\Third_Trial_Final_Package\05_Quality_Evidence_Overlays\S06__DJI_20260629153749_0001_MS_NIR_grid_overlay.jpg,658.97,Visual chart or quality-check evidence image.,Yes
Quality evidence overlays,Script 06 - MS Cell Grid Detection,Chart or evidence image,DJI_20260629153956_0003_MS_NIR_grid_overlay.jpg,S06__DJI_20260629153956_0003_MS_NIR_grid_overlay.jpg,C:\Users\tshib\OneDrive\Desktop\Internship\outputs\Third trial\06_MS_Cell_Grid_Detection\Day 1\Tray 2\overlays\DJI_20260629153956_0003_MS_NIR_grid_overlay.jpg,C:\Users\tshib\OneDrive\Desktop\Internship\outputs\Third trial\10_Final_Figure_Report_Package\Third_Trial_Final_Package\05_Quality_Evidence_Overlays\S06__DJI_20260629153956_0003_MS_NIR_grid_overlay.jpg,659.3,Visual chart or quality-check evidence image.,Yes
Quality evidence overlays,Script 06 - MS Cell Grid Detection,Chart or evidence image,DJI_20260629154053_0004_MS_NIR_grid_overlay.jpg,S06__DJI_20260629154053_0004_MS_NIR_grid_overlay.jpg,C:\Users\tshib\OneDrive\Desktop\Internship\outputs\Third trial\06_MS_Cell_Grid_Detection\Day 1\Tray 3\overlays\DJI_20260629154053_0004_MS_NIR_grid_overlay.jpg,C:\Users\tshib\OneDrive\Desktop\Internship\outputs\Third trial\10_Final_Figure_Report_Package\Third_Trial_Final_Package\05_Quality_Evidence_Overlays\S06__DJI_20260629154053_0004_MS_NIR_grid_overlay.jpg,643.11,Visual chart or quality-check evidence image.,Yes
Quality evidence overlays,Script 06 - MS Cell Grid Detection,Chart or evidence image,DJI_20260629154141_0005_MS_NIR_grid_overlay.jpg,S06__DJI_20260629154141_0005_MS_NIR_grid_overlay.jpg,C:\Users\tshib\OneDrive\Desktop\Internship\outputs\Third trial\06_MS_Cell_Grid_Detection\Day 1\Tray 4\overlays\DJI_20260629154141_0005_MS_NIR_grid_overlay.jpg,C:\Users\tshib\OneDrive\Desktop\Internship\outputs\Third trial\10_Final_Figure_Report_Package\Third_Trial_Final_Package\05_Quality_Evidence_Overlays\S06__DJI_20260629154141_0005_MS_NIR_grid_overlay.jpg,650.52,Visual chart or quality-check evidence image.,Yes
Quality evidence overlays,Script 06 - MS Cell Grid Detection,Chart or evidence image,DJI_20260629154235_0006_MS_NIR_grid_overlay.jpg,S06__DJI_20260629154235_0006_MS_NIR_grid_overlay.jpg,C:\Users\tshib\OneDrive\Desktop\Internship\outputs\Third trial\06_MS_Cell_Grid_Detection\Day 1\Tray 5\overlays\DJI_20260629154235_0006_MS_NIR_grid_overlay.jpg,C:\Users\tshib\OneDrive\Desktop\Internship\outputs\Third trial\10_Final_Figure_Report_Package\Third_Trial_Final_Package\05_Quality_Evidence_Overlays\S06__DJI_20260629154235_0006_MS_NIR_grid_overlay.jpg,633.33,Visual chart or quality-check evidence image.,Yes
Quality evidence overlays,Script 06 - MS Cell Grid Detection,Chart or evidence image,DJI_20260629154321_0007_MS_NIR_grid_overlay.jpg,S06__DJI_20260629154321_0007_MS_NIR_grid_overlay.jpg,C:\Users\tshib\OneDrive\Desktop\Internship\outputs\Third trial\06_MS_Cell_Grid_Detection\Day 1\Tray 6\overlays\DJI_20260629154321_0007_MS_NIR_grid_overlay.jpg,C:\Users\tshib\OneDrive\Desktop\Internship\outputs\Third trial\10_Final_Figure_Report_Package\Third_Trial_Final_Package\05_Quality_Evidence_Overlays\S06__DJI_20260629154321_0007_MS_NIR_grid_overlay.jpg,655.0,Visual chart or quality-check evidence image.,Yes
Quality evidence overlays,Script 06 - MS Cell Grid Detection,Chart or evidence image,DJI_20260629154404_0008_MS_NIR_grid_overlay.jpg,S06__DJI_20260629154404_0008_MS_NIR_grid_overlay.jpg,C:\Users\tshib\OneDrive\Desktop\Internship\outputs\Third trial\06_MS_Cell_Grid_Detection\Day 1\Tray 7\overlays\DJI_20260629154404_0008_MS_NIR_grid_overlay.jpg,C:\Users\tshib\OneDrive\Desktop\Internship\outputs\Third trial\10_Final_Figure_Report_Package\Third_Trial_Final_Package\05_Quality_Evidence_Overlays\S06__DJI_20260629154404_0008_MS_NIR_grid_overlay.jpg,684.85,Visual chart or quality-check evidence image.,Yes
Quality evidence overlays,Script 06 - MS Cell Grid Detection,Chart or evidence image,DJI_20260629154446_0009_MS_NIR_grid_overlay.jpg,S06__DJI_20260629154446_0009_MS_NIR_grid_overlay.jpg,C:\Users\tshib\OneDrive\Desktop\Internship\outputs\Third trial\06_MS_Cell_Grid_Detection\Day 1\Tray 8\overlays\DJI_20260629154446_0009_MS_NIR_grid_overlay.jpg,C:\Users\tshib\OneDrive\Desktop\Internship\outputs\Third trial\10_Final_Figure_Report_Package\Third_Trial_Final_Package\05_Quality_Evidence_Overlays\S06__DJI_20260629154446_0009_MS_NIR_grid_overlay.jpg,652.81,Visual chart or quality-check evidence image.,Yes
Quality evidence overlays,Script 06 - MS Cell Grid Detection,Chart or evidence image,DJI_20260629154539_0010_MS_NIR_grid_overlay.jpg,S06__DJI_20260629154539_0010_MS_NIR_grid_overlay.jpg,C:\Users\tshib\OneDrive\Desktop\Internship\outputs\Third trial\06_MS_Cell_Grid_Detection\Day 1\Tray 9\overlays\DJI_20260629154539_0010_MS_NIR_grid_overlay.jpg,C:\Users\tshib\OneDrive\Desktop\Internship\outputs\Third trial\10_Final_Figure_Report_Package\Third_Trial_Final_Package\05_Quality_Evidence_Overlays\S06__DJI_20260629154539_0010_MS_NIR_grid_overlay.jpg,667.74,Visual chart or quality-check evidence image.,Yes
Quality evidence overlays,Script 07 - MS Vegetation Indices,Chart or evidence image,DJI_20260629154609_0011_ndre_polygon_overlay.png,S07__DJI_20260629154609_0011_ndre_polygon_overlay.png,C:\Users\tshib\OneDrive\Desktop\Internship\outputs\Third trial\07_MS_Vegetation_Indices\Day 1\Tray 10\DJI_20260629154609_0011_ndre_polygon_overlay.png,C:\Users\tshib\OneDrive\Desktop\Internship\outputs\Third trial\10_Final_Figure_Report_Package\Third_Trial_Final_Package\05_Quality_Evidence_Overlays\S07__DJI_20260629154609_0011_ndre_polygon_overlay.png,2098.08,Visual chart or quality-check evidence image.,Yes
Quality evidence overlays,Script 07 - MS Vegetation Indices,Chart or evidence image,DJI_20260629154609_0011_ndvi_polygon_overlay.png,S07__DJI_20260629154609_0011_ndvi_polygon_overlay.png,C:\Users\tshib\OneDrive\Desktop\Internship\outputs\Third trial\07_MS_Vegetation_Indices\Day 1\Tray 10\DJI_20260629154609_0011_ndvi_polygon_overlay.png,C:\Users\tshib\OneDrive\Desktop\Internship\outputs\Third trial\10_Final_Figure_Report_Package\Third_Trial_Final_Package\05_Quality_Evidence_Overlays\S07__DJI_20260629154609_0011_ndvi_polygon_overlay.png,1991.21,Visual chart or quality-check evidence image.,Yes
Quality evidence overlays,Script 07 - MS Vegetation Indices,Chart or evidence image,DJI_20260629154652_0012_ndre_polygon_overlay.png,S07__DJI_20260629154652_0012_ndre_polygon_overlay.png,C:\Users\tshib\OneDrive\Desktop\Internship\outputs\Third trial\07_MS_Vegetation_Indices\Day 1\Tray 11\DJI_20260629154652_0012_ndre_polygon_overlay.png,C:\Users\tshib\OneDrive\Desktop\Internship\outputs\Third trial\10_Final_Figure_Report_Package\Third_Trial_Final_Package\05_Quality_Evidence_Overlays\S07__DJI_20260629154652_0012_ndre_polygon_overlay.png,1990.57,Visual chart or quality-check evidence image.,Yes
Quality evidence overlays,Script 07 - MS Vegetation Indices,Chart or evidence image,DJI_20260629154652_0012_ndvi_polygon_overlay.png,S07__DJI_20260629154652_0012_ndvi_polygon_overlay.png,C:\Users\tshib\OneDrive\Desktop\Internship\outputs\Third trial\07_MS_Vegetation_Indices\Day 1\Tray 11\DJI_20260629154652_0012_ndvi_polygon_overlay.png,C:\Users\tshib\OneDrive\Desktop\Internship\outputs\Third trial\10_Final_Figure_Report_Package\Third_Trial_Final_Package\05_Quality_Evidence_Overlays\S07__DJI_20260629154652_0012_ndvi_polygon_overlay.png,1907.32,Visual chart or quality-check evidence image.,Yes
Quality evidence overlays,Script 07 - MS Vegetation Indices,Chart or evidence image,DJI_20260629154739_0013_ndre_polygon_overlay.png,S07__DJI_20260629154739_0013_ndre_polygon_overlay.png,C:\Users\tshib\OneDrive\Desktop\Internship\outputs\Third trial\07_MS_Vegetation_Indices\Day 1\Tray 12\DJI_20260629154739_0013_ndre_polygon_overlay.png,C:\Users\tshib\OneDrive\Desktop\Internship\outputs\Third trial\10_Final_Figure_Report_Package\Third_Trial_Final_Package\05_Quality_Evidence_Overlays\S07__DJI_20260629154739_0013_ndre_polygon_overlay.png,1959.09,Visual chart or quality-check evidence image.,Yes
Quality evidence overlays,Script 07 - MS Vegetation Indices,Chart or evidence image,DJI_20260629154739_0013_ndvi_polygon_overlay.png,S07__DJI_20260629154739_0013_ndvi_polygon_overlay.png,C:\Users\tshib\OneDrive\Desktop\Internship\outputs\Third trial\07_MS_Vegetation_Indices\Day 1\Tray 12\DJI_20260629154739_0013_ndvi_polygon_overlay.png,C:\Users\tshib\OneDrive\Desktop\Internship\outputs\Third trial\10_Final_Figure_Report_Package\Third_Trial_Final_Package\05_Quality_Evidence_Overlays\S07__DJI_20260629154739_0013_ndvi_polygon_overlay.png,1877.28,Visual chart or quality-check evidence image.,Yes
Quality evidence overlays,Script 07 - MS Vegetation Indices,Chart or evidence image,DJI_20260629153749_0001_ndre_polygon_overlay.png,S07__DJI_20260629153749_0001_ndre_polygon_overlay.png,C:\Users\tshib\OneDrive\Desktop\Internship\outputs\Third trial\07_MS_Vegetation_Indices\Day 1\Tray 1\DJI_20260629153749_0001_ndre_polygon_overlay.png,C:\Users\tshib\OneDrive\Desktop\Internship\outputs\Third trial\10_Final_Figure_Report_Package\Third_Trial_Final_Package\05_Quality_Evidence_Overlays\S07__DJI_20260629153749_0001_ndre_polygon_overlay.png,2031.48,Visual chart or quality-check evidence image.,Yes
Quality evidence overlays,Script 07 - MS Vegetation Indices,Chart or evidence image,DJI_20260629153749_0001_ndvi_polygon_overlay.png,S07__DJI_20260629153749_0001_ndvi_polygon_overlay.png,C:\Users\tshib\OneDrive\Desktop\Internship\outputs\Third trial\07_MS_Vegetation_Indices\Day 1\Tray 1\DJI_20260629153749_0001_ndvi_polygon_overlay.png,C:\Users\tshib\OneDrive\Desktop\Internship\outputs\Third trial\10_Final_Figure_Report_Package\Third_Trial_Final_Package\05_Quality_Evidence_Overlays\S07__DJI_20260629153749_0001_ndvi_polygon_overlay.png,1937.69,Visual chart or quality-check evidence image.,Yes
Quality evidence overlays,Script 07 - MS Vegetation Indices,Chart or evidence image,DJI_20260629153956_0003_ndre_polygon_overlay.png,S07__DJI_20260629153956_0003_ndre_polygon_overlay.png,C:\Users\tshib\OneDrive\Desktop\Internship\outputs\Third trial\07_MS_Vegetation_Indices\Day 1\Tray 2\DJI_20260629153956_0003_ndre_polygon_overlay.png,C:\Users\tshib\OneDrive\Desktop\Internship\outputs\Third trial\10_Final_Figure_Report_Package\Third_Trial_Final_Package\05_Quality_Evidence_Overlays\S07__DJI_20260629153956_0003_ndre_polygon_overlay.png,1976.78,Visual chart or quality-check evidence image.,Yes
Quality evidence overlays,Script 07 - MS Vegetation Indices,Chart or evidence image,DJI_20260629153956_0003_ndvi_polygon_overlay.png,S07__DJI_20260629153956_0003_ndvi_polygon_overlay.png,C:\Users\tshib\OneDrive\Desktop\Internship\outputs\Third trial\07_MS_Vegetation_Indices\Day 1\Tray 2\DJI_20260629153956_0003_ndvi_polygon_overlay.png,C:\Users\tshib\OneDrive\Desktop\Internship\outputs\Third trial\10_Final_Figure_Report_Package\Third_Trial_Final_Package\05_Quality_Evidence_Overlays\S07__DJI_20260629153956_0003_ndvi_polygon_overlay.png,1894.84,Visual chart or quality-check evidence image.,Yes
Quality evidence overlays,Script 07 - MS Vegetation Indices,Chart or evidence image,DJI_20260629154053_0004_ndre_polygon_overlay.png,S07__DJI_20260629154053_0004_ndre_polygon_overlay.png,C:\Users\tshib\OneDrive\Desktop\Internship\outputs\Third trial\07_MS_Vegetation_Indices\Day 1\Tray 3\DJI_20260629154053_0004_ndre_polygon_overlay.png,C:\Users\tshib\OneDrive\Desktop\Internship\outputs\Third trial\10_Final_Figure_Report_Package\Third_Trial_Final_Package\05_Quality_Evidence_Overlays\S07__DJI_20260629154053_0004_ndre_polygon_overlay.png,1965.2,Visual chart or quality-check evidence image.,Yes
Quality evidence overlays,Script 07 - MS Vegetation Indices,Chart or evidence image,DJI_20260629154053_0004_ndvi_polygon_overlay.png,S07__DJI_20260629154053_0004_ndvi_polygon_overlay.png,C:\Users\tshib\OneDrive\Desktop\Internship\outputs\Third trial\07_MS_Vegetation_Indices\Day 1\Tray 3\DJI_20260629154053_0004_ndvi_polygon_overlay.png,C:\Users\tshib\OneDrive\Desktop\Internship\outputs\Third trial\10_Final_Figure_Report_Package\Third_Trial_Final_Package\05_Quality_Evidence_Overlays\S07__DJI_20260629154053_0004_ndvi_polygon_overlay.png,1881.23,Visual chart or quality-check evidence image.,Yes
