day_order,day,calendar_date,days_since_day1,days_since_planting,days_since_previous_photo,tray,tray_no,capture_id,grid_status,cells_processed,cells_with_valid_ndvi,cells_with_valid_ndre,mean_cell_ndvi,median_cell_ndvi,mean_cell_ndre,median_cell_ndre,mean_ndvi_positive_fraction,mean_ndre_positive_fraction,npz_path,ndvi_preview_path,ndre_preview_path,ndvi_overlay_path,ndre_overlay_path,status,notes
1,Day 1,2026-06-29,0,2,0,Tray 1,1,DJI_20260629153749_0001,PASS_AUTO,70,70,70,0.3155516102910042,0.3522470146417618,-0.032957606183689286,-0.05784175917506218,0.9207418423142893,0.4165123306854837,Day 1\Tray 1\DJI_20260629153749_0001_relative_indices.npz,Day 1\Tray 1\DJI_20260629153749_0001_ndvi_preview.png,Day 1\Tray 1\DJI_20260629153749_0001_ndre_preview.png,Day 1\Tray 1\DJI_20260629153749_0001_ndvi_polygon_overlay.png,Day 1\Tray 1\DJI_20260629153749_0001_ndre_polygon_overlay.png,PASS,All 70 polygons processed.
1,Day 1,2026-06-29,0,2,0,Tray 2,2,DJI_20260629153956_0003,PASS_AUTO,70,70,70,0.313541265470641,0.30867065489292145,-0.04902722604040589,-0.08549707010388374,0.938726258181292,0.37848516489035067,Day 1\Tray 2\DJI_20260629153956_0003_relative_indices.npz,Day 1\Tray 2\DJI_20260629153956_0003_ndvi_preview.png,Day 1\Tray 2\DJI_20260629153956_0003_ndre_preview.png,Day 1\Tray 2\DJI_20260629153956_0003_ndvi_polygon_overlay.png,Day 1\Tray 2\DJI_20260629153956_0003_ndre_polygon_overlay.png,PASS,All 70 polygons processed.
1,Day 1,2026-06-29,0,2,0,Tray 3,3,DJI_20260629154053_0004,PASS_AUTO,70,70,70,0.30556707850524356,0.28812263906002045,-0.06393493395298719,-0.11617690324783325,0.9276861258797047,0.3526724664330137,Day 1\Tray 3\DJI_20260629154053_0004_relative_indices.npz,Day 1\Tray 3\DJI_20260629154053_0004_ndvi_preview.png,Day 1\Tray 3\DJI_20260629154053_0004_ndre_preview.png,Day 1\Tray 3\DJI_20260629154053_0004_ndvi_polygon_overlay.png,Day 1\Tray 3\DJI_20260629154053_0004_ndre_polygon_overlay.png,PASS,All 70 polygons processed.
1,Day 1,2026-06-29,0,2,0,Tray 4,4,DJI_20260629154141_0005,PASS_AUTO,70,70,70,0.30672124453953337,0.2868060767650604,-0.06009448074868747,-0.10802949965000153,0.9346643599776471,0.34350191690262954,Day 1\Tray 4\DJI_20260629154141_0005_relative_indices.npz,Day 1\Tray 4\DJI_20260629154141_0005_ndvi_preview.png,Day 1\Tray 4\DJI_20260629154141_0005_ndre_preview.png,Day 1\Tray 4\DJI_20260629154141_0005_ndvi_polygon_overlay.png,Day 1\Tray 4\DJI_20260629154141_0005_ndre_polygon_overlay.png,PASS,All 70 polygons processed.
1,Day 1,2026-06-29,0,2,0,Tray 5,5,DJI_20260629154235_0006,PASS_AUTO,70,70,70,0.32747816273144315,0.36932501196861267,-0.023735688354229623,-0.04852059856057167,0.9150408866771207,0.4382215237617815,Day 1\Tray 5\DJI_20260629154235_0006_relative_indices.npz,Day 1\Tray 5\DJI_20260629154235_0006_ndvi_preview.png,Day 1\Tray 5\DJI_20260629154235_0006_ndre_preview.png,Day 1\Tray 5\DJI_20260629154235_0006_ndvi_polygon_overlay.png,Day 1\Tray 5\DJI_20260629154235_0006_ndre_polygon_overlay.png,PASS,All 70 polygons processed.
1,Day 1,2026-06-29,0,2,0,Tray 6,6,DJI_20260629154321_0007,PASS_AUTO,70,70,70,0.33191394337585994,0.38529951870441437,-0.009047908325114155,-0.017931115813553333,0.9136219922585306,0.484172778454458,Day 1\Tray 6\DJI_20260629154321_0007_relative_indices.npz,Day 1\Tray 6\DJI_20260629154321_0007_ndvi_preview.png,Day 1\Tray 6\DJI_20260629154321_0007_ndre_preview.png,Day 1\Tray 6\DJI_20260629154321_0007_ndvi_polygon_overlay.png,Day 1\Tray 6\DJI_20260629154321_0007_ndre_polygon_overlay.png,PASS,All 70 polygons processed.
1,Day 1,2026-06-29,0,2,0,Tray 7,7,DJI_20260629154404_0008,PASS_AUTO,70,70,70,0.33116555554526195,0.38022580742836,-0.0197859533742303,-0.034357890486717224,0.9282253318822071,0.45615631777635535,Day 1\Tray 7\DJI_20260629154404_0008_relative_indices.npz,Day 1\Tray 7\DJI_20260629154404_0008_ndvi_preview.png,Day 1\Tray 7\DJI_20260629154404_0008_ndre_preview.png,Day 1\Tray 7\DJI_20260629154404_0008_ndvi_polygon_overlay.png,Day 1\Tray 7\DJI_20260629154404_0008_ndre_polygon_overlay.png,PASS,All 70 polygons processed.
1,Day 1,2026-06-29,0,2,0,Tray 8,8,DJI_20260629154446_0009,PASS_AUTO,70,70,70,0.32537889608315057,0.371684193611145,-0.033527125719202945,-0.06041967496275902,0.9172751882030631,0.43333091437732285,Day 1\Tray 8\DJI_20260629154446_0009_relative_indices.npz,Day 1\Tray 8\DJI_20260629154446_0009_ndvi_preview.png,Day 1\Tray 8\DJI_20260629154446_0009_ndre_preview.png,Day 1\Tray 8\DJI_20260629154446_0009_ndvi_polygon_overlay.png,Day 1\Tray 8\DJI_20260629154446_0009_ndre_polygon_overlay.png,PASS,All 70 polygons processed.
1,Day 1,2026-06-29,0,2,0,Tray 9,9,DJI_20260629154539_0010,PASS_AUTO,70,70,70,0.3412440082856587,0.3975341022014618,-0.004818751334512074,-0.007772953016683459,0.9207540100488456,0.48243509766291875,Day 1\Tray 9\DJI_20260629154539_0010_relative_indices.npz,Day 1\Tray 9\DJI_20260629154539_0010_ndvi_preview.png,Day 1\Tray 9\DJI_20260629154539_0010_ndre_preview.png,Day 1\Tray 9\DJI_20260629154539_0010_ndvi_polygon_overlay.png,Day 1\Tray 9\DJI_20260629154539_0010_ndre_polygon_overlay.png,PASS,All 70 polygons processed.
1,Day 1,2026-06-29,0,2,0,Tray 10,10,DJI_20260629154609_0011,PASS_AUTO,70,70,70,0.3199477642774582,0.3720933198928833,-0.02440313044810734,-0.03345755860209465,0.9137136430588343,0.45686206170968635,Day 1\Tray 10\DJI_20260629154609_0011_relative_indices.npz,Day 1\Tray 10\DJI_20260629154609_0011_ndvi_preview.png,Day 1\Tray 10\DJI_20260629154609_0011_ndre_preview.png,Day 1\Tray 10\DJI_20260629154609_0011_ndvi_polygon_overlay.png,Day 1\Tray 10\DJI_20260629154609_0011_ndre_polygon_overlay.png,PASS,All 70 polygons processed.
1,Day 1,2026-06-29,0,2,0,Tray 11,11,DJI_20260629154652_0012,PASS_AUTO,70,70,70,0.3162529728242329,0.3126016706228256,-0.048390753410889636,-0.08631730824708939,0.9336802218549628,0.38242091327461886,Day 1\Tray 11\DJI_20260629154652_0012_relative_indices.npz,Day 1\Tray 11\DJI_20260629154652_0012_ndvi_preview.png,Day 1\Tray 11\DJI_20260629154652_0012_ndre_preview.png,Day 1\Tray 11\DJI_20260629154652_0012_ndvi_polygon_overlay.png,Day 1\Tray 11\DJI_20260629154652_0012_ndre_polygon_overlay.png,PASS,All 70 polygons processed.
1,Day 1,2026-06-29,0,2,0,Tray 12,12,DJI_20260629154739_0013,PASS_AUTO,70,70,70,0.32340262319360463,0.3119864910840988,-0.04489244702937348,-0.08755182474851608,0.9386823665118159,0.37800723363421285,Day 1\Tray 12\DJI_20260629154739_0013_relative_indices.npz,Day 1\Tray 12\DJI_20260629154739_0013_ndvi_preview.png,Day 1\Tray 12\DJI_20260629154739_0013_ndre_preview.png,Day 1\Tray 12\DJI_20260629154739_0013_ndvi_polygon_overlay.png,Day 1\Tray 12\DJI_20260629154739_0013_ndre_polygon_overlay.png,PASS,All 70 polygons processed.
2,Day 2,2026-06-30,1,3,1,Tray 1,1,DJI_20260630132402_0001,PASS_AUTO,70,70,70,0.3097604689853532,0.3645824193954468,-0.02527438006363809,-0.04119520075619221,0.892939992625384,0.41847175812498427,Day 2\Tray 1\DJI_20260630132402_0001_relative_indices.npz,Day 2\Tray 1\DJI_20260630132402_0001_ndvi_preview.png,Day 2\Tray 1\DJI_20260630132402_0001_ndre_preview.png,Day 2\Tray 1\DJI_20260630132402_0001_ndvi_polygon_overlay.png,Day 2\Tray 1\DJI_20260630132402_0001_ndre_polygon_overlay.png,PASS,All 70 polygons processed.
2,Day 2,2026-06-30,1,3,1,Tray 2,2,DJI_20260630132440_0002,PASS_AUTO,70,70,70,0.3078411393931934,0.3165830075740814,-0.025774642118319337,-0.04858386144042015,0.8943435461790245,0.42051202340204097,Day 2\Tray 2\DJI_20260630132440_0002_relative_indices.npz,Day 2\Tray 2\DJI_20260630132440_0002_ndvi_preview.png,Day 2\Tray 2\DJI_20260630132440_0002_ndre_preview.png,Day 2\Tray 2\DJI_20260630132440_0002_ndvi_polygon_overlay.png,Day 2\Tray 2\DJI_20260630132440_0002_ndre_polygon_overlay.png,PASS,All 70 polygons processed.
2,Day 2,2026-06-30,1,3,1,Tray 3,3,DJI_20260630132506_0003,PASS_AUTO,70,70,70,0.28233109201703754,0.27996906638145447,-0.07889240634228502,-0.09105446562170982,0.9004957298442753,0.3316613690112134,Day 2\Tray 3\DJI_20260630132506_0003_relative_indices.npz,Day 2\Tray 3\DJI_20260630132506_0003_ndvi_preview.png,Day 2\Tray 3\DJI_20260630132506_0003_ndre_preview.png,Day 2\Tray 3\DJI_20260630132506_0003_ndvi_polygon_overlay.png,Day 2\Tray 3\DJI_20260630132506_0003_ndre_polygon_overlay.png,PASS,All 70 polygons processed.
2,Day 2,2026-06-30,1,3,1,Tray 4,4,DJI_20260630132544_0004,PASS_AUTO,70,70,70,0.2987387838108199,0.26233792304992676,-0.04715925922750362,-0.07044832780957222,0.9004209295485871,0.3697117903422756,Day 2\Tray 4\DJI_20260630132544_0004_relative_indices.npz,Day 2\Tray 4\DJI_20260630132544_0004_ndvi_preview.png,Day 2\Tray 4\DJI_20260630132544_0004_ndre_preview.png,Day 2\Tray 4\DJI_20260630132544_0004_ndvi_polygon_overlay.png,Day 2\Tray 4\DJI_20260630132544_0004_ndre_polygon_overlay.png,PASS,All 70 polygons processed.
2,Day 2,2026-06-30,1,3,1,Tray 5,5,DJI_20260630132609_0005,PASS_AUTO,70,70,70,0.3028740099498204,0.3583918511867523,-0.03130425352179113,-0.040771618485450745,0.8800424234515313,0.4428452220463779,Day 2\Tray 5\DJI_20260630132609_0005_relative_indices.npz,Day 2\Tray 5\DJI_20260630132609_0005_ndvi_preview.png,Day 2\Tray 5\DJI_20260630132609_0005_ndre_preview.png,Day 2\Tray 5\DJI_20260630132609_0005_ndvi_polygon_overlay.png,Day 2\Tray 5\DJI_20260630132609_0005_ndre_polygon_overlay.png,PASS,All 70 polygons processed.
2,Day 2,2026-06-30,1,3,1,Tray 6,6,DJI_20260630132636_0006,PASS_AUTO,70,70,70,0.32000582005296435,0.4082539975643158,-0.0054101466242822685,0.0006037261337041855,0.8887541630339212,0.497372385976857,Day 2\Tray 6\DJI_20260630132636_0006_relative_indices.npz,Day 2\Tray 6\DJI_20260630132636_0006_ndvi_preview.png,Day 2\Tray 6\DJI_20260630132636_0006_ndre_preview.png,Day 2\Tray 6\DJI_20260630132636_0006_ndvi_polygon_overlay.png,Day 2\Tray 6\DJI_20260630132636_0006_ndre_polygon_overlay.png,PASS,All 70 polygons processed.
2,Day 2,2026-06-30,1,3,1,Tray 7,7,DJI_20260630132722_0007,PASS_AUTO,70,70,70,0.33160459995269775,0.41599972546100616,-0.004653188161319122,0.009053326211869717,0.8968060671958941,0.5041250390320244,Day 2\Tray 7\DJI_20260630132722_0007_relative_indices.npz,Day 2\Tray 7\DJI_20260630132722_0007_ndvi_preview.png,Day 2\Tray 7\DJI_20260630132722_0007_ndre_preview.png,Day 2\Tray 7\DJI_20260630132722_0007_ndvi_polygon_overlay.png,Day 2\Tray 7\DJI_20260630132722_0007_ndre_polygon_overlay.png,PASS,All 70 polygons processed.
2,Day 2,2026-06-30,1,3,1,Tray 8,8,DJI_20260630132807_0008,PASS_AUTO,70,70,70,0.31401834722076144,0.38654546439647675,-0.014739590157738089,-0.024309545755386353,0.8949064572775658,0.46706921716000754,Day 2\Tray 8\DJI_20260630132807_0008_relative_indices.npz,Day 2\Tray 8\DJI_20260630132807_0008_ndvi_preview.png,Day 2\Tray 8\DJI_20260630132807_0008_ndre_preview.png,Day 2\Tray 8\DJI_20260630132807_0008_ndvi_polygon_overlay.png,Day 2\Tray 8\DJI_20260630132807_0008_ndre_polygon_overlay.png,PASS,All 70 polygons processed.
2,Day 2,2026-06-30,1,3,1,Tray 9,9,DJI_20260630132830_0009,PASS_AUTO,70,70,70,0.32903079092502596,0.4088381379842758,-0.014075050597810852,-0.023124470375478268,0.8965670041884812,0.4823433458765328,Day 2\Tray 9\DJI_20260630132830_0009_relative_indices.npz,Day 2\Tray 9\DJI_20260630132830_0009_ndvi_preview.png,Day 2\Tray 9\DJI_20260630132830_0009_ndre_preview.png,Day 2\Tray 9\DJI_20260630132830_0009_ndvi_polygon_overlay.png,Day 2\Tray 9\DJI_20260630132830_0009_ndre_polygon_overlay.png,PASS,All 70 polygons processed.
2,Day 2,2026-06-30,1,3,1,Tray 10,10,DJI_20260630132857_0010,PASS_AUTO,70,70,70,0.31278786872114456,0.3796708732843399,-0.03678564615547657,-0.04497618414461613,0.902518972614697,0.4270869781275696,Day 2\Tray 10\DJI_20260630132857_0010_relative_indices.npz,Day 2\Tray 10\DJI_20260630132857_0010_ndvi_preview.png,Day 2\Tray 10\DJI_20260630132857_0010_ndre_preview.png,Day 2\Tray 10\DJI_20260630132857_0010_ndvi_polygon_overlay.png,Day 2\Tray 10\DJI_20260630132857_0010_ndre_polygon_overlay.png,PASS,All 70 polygons processed.
2,Day 2,2026-06-30,1,3,1,Tray 11,11,DJI_20260630132921_0011,PASS_AUTO,70,70,70,0.30752046150820594,0.3243267685174942,-0.035559335179693466,-0.06565557047724724,0.9030171082597362,0.41301698388736846,Day 2\Tray 11\DJI_20260630132921_0011_relative_indices.npz,Day 2\Tray 11\DJI_20260630132921_0011_ndvi_preview.png,Day 2\Tray 11\DJI_20260630132921_0011_ndre_preview.png,Day 2\Tray 11\DJI_20260630132921_0011_ndvi_polygon_overlay.png,Day 2\Tray 11\DJI_20260630132921_0011_ndre_polygon_overlay.png,PASS,All 70 polygons processed.
2,Day 2,2026-06-30,1,3,1,Tray 12,12,DJI_20260630133116_0012,PASS_AUTO,70,70,70,0.30342844341482433,0.2905401289463043,-0.05573191520358835,-0.08714409545063972,0.9115365843856618,0.3746392159450707,Day 2\Tray 12\DJI_20260630133116_0012_relative_indices.npz,Day 2\Tray 12\DJI_20260630133116_0012_ndvi_preview.png,Day 2\Tray 12\DJI_20260630133116_0012_ndre_preview.png,Day 2\Tray 12\DJI_20260630133116_0012_ndvi_polygon_overlay.png,Day 2\Tray 12\DJI_20260630133116_0012_ndre_polygon_overlay.png,PASS,All 70 polygons processed.
3,Day 3,2026-07-01,2,4,1,Tray 1,1,DJI_20260701112247_0001,PASS_AUTO,70,70,70,0.3123185828328133,0.3563503473997116,-0.03559347306311663,-0.0377341452986002,0.9230686689815705,0.4530951861892193,Day 3\Tray 1\DJI_20260701112247_0001_relative_indices.npz,Day 3\Tray 1\DJI_20260701112247_0001_ndvi_preview.png,Day 3\Tray 1\DJI_20260701112247_0001_ndre_preview.png,Day 3\Tray 1\DJI_20260701112247_0001_ndvi_polygon_overlay.png,Day 3\Tray 1\DJI_20260701112247_0001_ndre_polygon_overlay.png,PASS,All 70 polygons processed.
3,Day 3,2026-07-01,2,4,1,Tray 2,2,DJI_20260701112419_0002,PASS_AUTO,70,70,70,0.29459331418786733,0.28431420028209686,-0.03881882833915629,-0.08496260643005371,0.9172334472516015,0.42809025342156504,Day 3\Tray 2\DJI_20260701112419_0002_relative_indices.npz,Day 3\Tray 2\DJI_20260701112419_0002_ndvi_preview.png,Day 3\Tray 2\DJI_20260701112419_0002_ndre_preview.png,Day 3\Tray 2\DJI_20260701112419_0002_ndvi_polygon_overlay.png,Day 3\Tray 2\DJI_20260701112419_0002_ndre_polygon_overlay.png,PASS,All 70 polygons processed.
3,Day 3,2026-07-01,2,4,1,Tray 3,3,DJI_20260701112502_0003,PASS_AUTO,70,70,70,0.29282978773117063,0.29268255829811096,-0.0519988595508039,-0.1026649959385395,0.9170912371951786,0.41748727644363237,Day 3\Tray 3\DJI_20260701112502_0003_relative_indices.npz,Day 3\Tray 3\DJI_20260701112502_0003_ndvi_preview.png,Day 3\Tray 3\DJI_20260701112502_0003_ndre_preview.png,Day 3\Tray 3\DJI_20260701112502_0003_ndvi_polygon_overlay.png,Day 3\Tray 3\DJI_20260701112502_0003_ndre_polygon_overlay.png,PASS,All 70 polygons processed.
3,Day 3,2026-07-01,2,4,1,Tray 4,4,DJI_20260701112636_0004,PASS_AUTO,70,70,70,0.27869496835129604,0.21918179094791412,-0.07279029547103814,-0.14521429687738419,0.9172533488423742,0.3708257158986105,Day 3\Tray 4\DJI_20260701112636_0004_relative_indices.npz,Day 3\Tray 4\DJI_20260701112636_0004_ndvi_preview.png,Day 3\Tray 4\DJI_20260701112636_0004_ndre_preview.png,Day 3\Tray 4\DJI_20260701112636_0004_ndvi_polygon_overlay.png,Day 3\Tray 4\DJI_20260701112636_0004_ndre_polygon_overlay.png,PASS,All 70 polygons processed.
3,Day 3,2026-07-01,2,4,1,Tray 5,5,DJI_20260701112716_0005,PASS_AUTO,70,70,70,0.30166712701320647,0.3689682334661484,-0.04038580766479884,-0.03992244601249695,0.9023364022824344,0.46312038176115766,Day 3\Tray 5\DJI_20260701112716_0005_relative_indices.npz,Day 3\Tray 5\DJI_20260701112716_0005_ndvi_preview.png,Day 3\Tray 5\DJI_20260701112716_0005_ndre_preview.png,Day 3\Tray 5\DJI_20260701112716_0005_ndvi_polygon_overlay.png,Day 3\Tray 5\DJI_20260701112716_0005_ndre_polygon_overlay.png,PASS,All 70 polygons processed.
3,Day 3,2026-07-01,2,4,1,Tray 6,6,DJI_20260701112808_0006,PASS_AUTO,70,70,70,0.32308618809495654,0.41408197581768036,-0.008192783442791552,0.04090693034231663,0.9026388683595122,0.5333962813444794,Day 3\Tray 6\DJI_20260701112808_0006_relative_indices.npz,Day 3\Tray 6\DJI_20260701112808_0006_ndvi_preview.png,Day 3\Tray 6\DJI_20260701112808_0006_ndre_preview.png,Day 3\Tray 6\DJI_20260701112808_0006_ndvi_polygon_overlay.png,Day 3\Tray 6\DJI_20260701112808_0006_ndre_polygon_overlay.png,PASS,All 70 polygons processed.
3,Day 3,2026-07-01,2,4,1,Tray 7,7,DJI_20260701112855_0007,PASS_AUTO,70,70,70,0.3188032099178859,0.4090276062488556,-0.004281642640125938,0.04687291011214256,0.9094944336162583,0.542093385062936,Day 3\Tray 7\DJI_20260701112855_0007_relative_indices.npz,Day 3\Tray 7\DJI_20260701112855_0007_ndvi_preview.png,Day 3\Tray 7\DJI_20260701112855_0007_ndre_preview.png,Day 3\Tray 7\DJI_20260701112855_0007_ndvi_polygon_overlay.png,Day 3\Tray 7\DJI_20260701112855_0007_ndre_polygon_overlay.png,PASS,All 70 polygons processed.
3,Day 3,2026-07-01,2,4,1,Tray 8,8,DJI_20260701112943_0008,PASS_AUTO,70,70,70,0.3056237531559808,0.3823053240776062,-0.026557165367661843,-0.026417101733386517,0.9096770513354908,0.483786898607849,Day 3\Tray 8\DJI_20260701112943_0008_relative_indices.npz,Day 3\Tray 8\DJI_20260701112943_0008_ndvi_preview.png,Day 3\Tray 8\DJI_20260701112943_0008_ndre_preview.png,Day 3\Tray 8\DJI_20260701112943_0008_ndvi_polygon_overlay.png,Day 3\Tray 8\DJI_20260701112943_0008_ndre_polygon_overlay.png,PASS,All 70 polygons processed.
3,Day 3,2026-07-01,2,4,1,Tray 9,9,DJI_20260701113026_0009,PASS_AUTO,70,70,70,0.32258273575987134,0.40517643094062805,-0.02206677544028415,-0.004122283309698105,0.9105998928898771,0.4985353728558852,Day 3\Tray 9\DJI_20260701113026_0009_relative_indices.npz,Day 3\Tray 9\DJI_20260701113026_0009_ndvi_preview.png,Day 3\Tray 9\DJI_20260701113026_0009_ndre_preview.png,Day 3\Tray 9\DJI_20260701113026_0009_ndvi_polygon_overlay.png,Day 3\Tray 9\DJI_20260701113026_0009_ndre_polygon_overlay.png,PASS,All 70 polygons processed.
3,Day 3,2026-07-01,2,4,1,Tray 10,10,DJI_20260701113054_0010,PASS_AUTO,70,70,70,0.30430070204394205,0.37837859988212585,-0.03383408729652209,-0.015435678884387016,0.9091981356628478,0.48355460396830413,Day 3\Tray 10\DJI_20260701113054_0010_relative_indices.npz,Day 3\Tray 10\DJI_20260701113054_0010_ndvi_preview.png,Day 3\Tray 10\DJI_20260701113054_0010_ndre_preview.png,Day 3\Tray 10\DJI_20260701113054_0010_ndvi_polygon_overlay.png,Day 3\Tray 10\DJI_20260701113054_0010_ndre_polygon_overlay.png,PASS,All 70 polygons processed.
3,Day 3,2026-07-01,2,4,1,Tray 11,11,DJI_20260701113143_0011,PASS_AUTO,70,70,70,0.28960208935397014,0.2968810647726059,-0.05663988388675664,-0.09836168587207794,0.9072252098514139,0.4222702149923436,Day 3\Tray 11\DJI_20260701113143_0011_relative_indices.npz,Day 3\Tray 11\DJI_20260701113143_0011_ndvi_preview.png,Day 3\Tray 11\DJI_20260701113143_0011_ndre_preview.png,Day 3\Tray 11\DJI_20260701113143_0011_ndvi_polygon_overlay.png,Day 3\Tray 11\DJI_20260701113143_0011_ndre_polygon_overlay.png,PASS,All 70 polygons processed.
3,Day 3,2026-07-01,2,4,1,Tray 12,12,DJI_20260701113255_0012,PASS_AUTO,70,70,70,0.290922446336065,0.25608813762664795,-0.054645782842167784,-0.11970857158303261,0.919227608849456,0.4039672837126763,Day 3\Tray 12\DJI_20260701113255_0012_relative_indices.npz,Day 3\Tray 12\DJI_20260701113255_0012_ndvi_preview.png,Day 3\Tray 12\DJI_20260701113255_0012_ndre_preview.png,Day 3\Tray 12\DJI_20260701113255_0012_ndvi_polygon_overlay.png,Day 3\Tray 12\DJI_20260701113255_0012_ndre_polygon_overlay.png,PASS,All 70 polygons processed.
4,Day 4,2026-07-02,3,5,1,Tray 1,1,DJI_20260702125244_0001,PASS_AUTO,70,70,70,0.32089827230998447,0.3411354124546051,-0.03653019096652445,-0.07346484437584877,0.9231269430158277,0.41795886879500066,Day 4\Tray 1\DJI_20260702125244_0001_relative_indices.npz,Day 4\Tray 1\DJI_20260702125244_0001_ndvi_preview.png,Day 4\Tray 1\DJI_20260702125244_0001_ndre_preview.png,Day 4\Tray 1\DJI_20260702125244_0001_ndvi_polygon_overlay.png,Day 4\Tray 1\DJI_20260702125244_0001_ndre_polygon_overlay.png,PASS,All 70 polygons processed.
4,Day 4,2026-07-02,3,5,1,Tray 2,2,DJI_20260702125421_0002,PASS_AUTO,70,70,70,0.28702170721122194,0.25066472589969635,-0.0630533813099776,-0.12265805155038834,0.9060798956662054,0.38354324439164605,Day 4\Tray 2\DJI_20260702125421_0002_relative_indices.npz,Day 4\Tray 2\DJI_20260702125421_0002_ndvi_preview.png,Day 4\Tray 2\DJI_20260702125421_0002_ndre_preview.png,Day 4\Tray 2\DJI_20260702125421_0002_ndvi_polygon_overlay.png,Day 4\Tray 2\DJI_20260702125421_0002_ndre_polygon_overlay.png,PASS,All 70 polygons processed.
4,Day 4,2026-07-02,3,5,1,Tray 3,3,DJI_20260702125513_0003,PASS_AUTO,70,70,70,0.3016995549201965,0.29515863955020905,-0.04745643085001835,-0.08326813951134682,0.9147486784036005,0.3877246819814742,Day 4\Tray 3\DJI_20260702125513_0003_relative_indices.npz,Day 4\Tray 3\DJI_20260702125513_0003_ndvi_preview.png,Day 4\Tray 3\DJI_20260702125513_0003_ndre_preview.png,Day 4\Tray 3\DJI_20260702125513_0003_ndvi_polygon_overlay.png,Day 4\Tray 3\DJI_20260702125513_0003_ndre_polygon_overlay.png,PASS,All 70 polygons processed.
4,Day 4,2026-07-02,3,5,1,Tray 4,4,DJI_20260702125620_0004,PASS_AUTO,70,70,70,0.3112360328435898,0.2585451900959015,-0.05021151735314301,-0.10548694431781769,0.9320432154279605,0.37454983093128524,Day 4\Tray 4\DJI_20260702125620_0004_relative_indices.npz,Day 4\Tray 4\DJI_20260702125620_0004_ndvi_preview.png,Day 4\Tray 4\DJI_20260702125620_0004_ndre_preview.png,Day 4\Tray 4\DJI_20260702125620_0004_ndvi_polygon_overlay.png,Day 4\Tray 4\DJI_20260702125620_0004_ndre_polygon_overlay.png,PASS,All 70 polygons processed.
4,Day 4,2026-07-02,3,5,1,Tray 5,5,DJI_20260702125757_0005,PASS_AUTO,70,70,70,0.32292388464723315,0.37676969170570374,-0.032154057399436296,-0.06555202975869179,0.9212815772133898,0.4474321870055091,Day 4\Tray 5\DJI_20260702125757_0005_relative_indices.npz,Day 4\Tray 5\DJI_20260702125757_0005_ndvi_preview.png,Day 4\Tray 5\DJI_20260702125757_0005_ndre_preview.png,Day 4\Tray 5\DJI_20260702125757_0005_ndvi_polygon_overlay.png,Day 4\Tray 5\DJI_20260702125757_0005_ndre_polygon_overlay.png,PASS,All 70 polygons processed.
4,Day 4,2026-07-02,3,5,1,Tray 6,6,DJI_20260702125916_0006,PASS_AUTO,70,70,70,0.3395406263215201,0.41897256672382355,-0.012001502972062943,-0.011841981206089258,0.9254313158167172,0.4907670961774789,Day 4\Tray 6\DJI_20260702125916_0006_relative_indices.npz,Day 4\Tray 6\DJI_20260702125916_0006_ndvi_preview.png,Day 4\Tray 6\DJI_20260702125916_0006_ndre_preview.png,Day 4\Tray 6\DJI_20260702125916_0006_ndvi_polygon_overlay.png,Day 4\Tray 6\DJI_20260702125916_0006_ndre_polygon_overlay.png,PASS,All 70 polygons processed.
4,Day 4,2026-07-02,3,5,1,Tray 7,7,DJI_20260702125959_0007,PASS_AUTO,70,70,70,0.3258682293551309,0.39528778195381165,-0.012276785201733479,-0.027353004552423954,0.9044505816018336,0.47473242814566174,Day 4\Tray 7\DJI_20260702125959_0007_relative_indices.npz,Day 4\Tray 7\DJI_20260702125959_0007_ndvi_preview.png,Day 4\Tray 7\DJI_20260702125959_0007_ndre_preview.png,Day 4\Tray 7\DJI_20260702125959_0007_ndvi_polygon_overlay.png,Day 4\Tray 7\DJI_20260702125959_0007_ndre_polygon_overlay.png,PASS,All 70 polygons processed.
4,Day 4,2026-07-02,3,5,1,Tray 8,8,DJI_20260702130043_0008,PASS_AUTO,70,70,70,0.32484418834958756,0.3691094368696213,-0.02445615809390022,-0.046464232727885246,0.915465570734268,0.466018151957555,Day 4\Tray 8\DJI_20260702130043_0008_relative_indices.npz,Day 4\Tray 8\DJI_20260702130043_0008_ndvi_preview.png,Day 4\Tray 8\DJI_20260702130043_0008_ndre_preview.png,Day 4\Tray 8\DJI_20260702130043_0008_ndvi_polygon_overlay.png,Day 4\Tray 8\DJI_20260702130043_0008_ndre_polygon_overlay.png,PASS,All 70 polygons processed.
4,Day 4,2026-07-02,3,5,1,Tray 9,9,DJI_20260702130152_0009,PASS_AUTO,70,70,70,0.3335990594966071,0.3989769220352173,-0.015972742640380084,-0.03623416647315025,0.9105897955002004,0.4750563116761278,Day 4\Tray 9\DJI_20260702130152_0009_relative_indices.npz,Day 4\Tray 9\DJI_20260702130152_0009_ndvi_preview.png,Day 4\Tray 9\DJI_20260702130152_0009_ndre_preview.png,Day 4\Tray 9\DJI_20260702130152_0009_ndvi_polygon_overlay.png,Day 4\Tray 9\DJI_20260702130152_0009_ndre_polygon_overlay.png,PASS,All 70 polygons processed.
4,Day 4,2026-07-02,3,5,1,Tray 10,10,DJI_20260702130251_0010,PASS_AUTO,70,70,70,0.319060400554112,0.3808319866657257,-0.031623592713731344,-0.04488670639693737,0.9146015444209695,0.4466463584508099,Day 4\Tray 10\DJI_20260702130251_0010_relative_indices.npz,Day 4\Tray 10\DJI_20260702130251_0010_ndvi_preview.png,Day 4\Tray 10\DJI_20260702130251_0010_ndre_preview.png,Day 4\Tray 10\DJI_20260702130251_0010_ndvi_polygon_overlay.png,Day 4\Tray 10\DJI_20260702130251_0010_ndre_polygon_overlay.png,PASS,All 70 polygons processed.
4,Day 4,2026-07-02,3,5,1,Tray 11,11,DJI_20260702130331_0011,PASS_AUTO,70,70,70,0.29762655134711946,0.27958881855010986,-0.05541050287761858,-0.09520480409264565,0.9078006515818908,0.3848604635423763,Day 4\Tray 11\DJI_20260702130331_0011_relative_indices.npz,Day 4\Tray 11\DJI_20260702130331_0011_ndvi_preview.png,Day 4\Tray 11\DJI_20260702130331_0011_ndre_preview.png,Day 4\Tray 11\DJI_20260702130331_0011_ndvi_polygon_overlay.png,Day 4\Tray 11\DJI_20260702130331_0011_ndre_polygon_overlay.png,PASS,All 70 polygons processed.
4,Day 4,2026-07-02,3,5,1,Tray 12,12,DJI_20260702130419_0012,PASS_AUTO,70,70,70,0.2926594789539065,0.24291209131479263,-0.06351178615753139,-0.12677998840808868,0.9202343617809671,0.37815614178485746,Day 4\Tray 12\DJI_20260702130419_0012_relative_indices.npz,Day 4\Tray 12\DJI_20260702130419_0012_ndvi_preview.png,Day 4\Tray 12\DJI_20260702130419_0012_ndre_preview.png,Day 4\Tray 12\DJI_20260702130419_0012_ndvi_polygon_overlay.png,Day 4\Tray 12\DJI_20260702130419_0012_ndre_polygon_overlay.png,PASS,All 70 polygons processed.
5,Day 5,2026-07-03,4,6,1,Tray 1,1,DJI_20260703124705_0001,PASS_AUTO,70,70,70,0.30652368260281426,0.30268681049346924,-0.021991574029172106,-0.021135826595127583,0.8932871553377237,0.37512365441097834,Day 5\Tray 1\DJI_20260703124705_0001_relative_indices.npz,Day 5\Tray 1\DJI_20260703124705_0001_ndvi_preview.png,Day 5\Tray 1\DJI_20260703124705_0001_ndre_preview.png,Day 5\Tray 1\DJI_20260703124705_0001_ndvi_polygon_overlay.png,Day 5\Tray 1\DJI_20260703124705_0001_ndre_polygon_overlay.png,PASS,All 70 polygons processed.
5,Day 5,2026-07-03,4,6,1,Tray 2,2,DJI_20260703124740_0002,PASS_AUTO,70,70,70,0.2884472470198359,0.24991299211978912,-0.027017261003077563,-0.019925279542803764,0.8835053925327346,0.3558175372958817,Day 5\Tray 2\DJI_20260703124740_0002_relative_indices.npz,Day 5\Tray 2\DJI_20260703124740_0002_ndvi_preview.png,Day 5\Tray 2\DJI_20260703124740_0002_ndre_preview.png,Day 5\Tray 2\DJI_20260703124740_0002_ndvi_polygon_overlay.png,Day 5\Tray 2\DJI_20260703124740_0002_ndre_polygon_overlay.png,PASS,All 70 polygons processed.
5,Day 5,2026-07-03,4,6,1,Tray 3,3,DJI_20260703125319_0003,PASS_AUTO,70,70,70,0.29926172324589323,0.2865646928548813,-0.04604091607699437,-0.05388057790696621,0.9021725770359154,0.3673447816043889,Day 5\Tray 3\DJI_20260703125319_0003_relative_indices.npz,Day 5\Tray 3\DJI_20260703125319_0003_ndvi_preview.png,Day 5\Tray 3\DJI_20260703125319_0003_ndre_preview.png,Day 5\Tray 3\DJI_20260703125319_0003_ndvi_polygon_overlay.png,Day 5\Tray 3\DJI_20260703125319_0003_ndre_polygon_overlay.png,PASS,All 70 polygons processed.
5,Day 5,2026-07-03,4,6,1,Tray 4,4,DJI_20260703125401_0004,PASS_AUTO,70,70,70,0.3013803720474243,0.25510285794734955,-0.047863273643555915,-0.05991983413696289,0.8959714696885616,0.3495974499714077,Day 5\Tray 4\DJI_20260703125401_0004_relative_indices.npz,Day 5\Tray 4\DJI_20260703125401_0004_ndvi_preview.png,Day 5\Tray 4\DJI_20260703125401_0004_ndre_preview.png,Day 5\Tray 4\DJI_20260703125401_0004_ndvi_polygon_overlay.png,Day 5\Tray 4\DJI_20260703125401_0004_ndre_polygon_overlay.png,PASS,All 70 polygons processed.
5,Day 5,2026-07-03,4,6,1,Tray 5,5,DJI_20260703125433_0005,PASS_AUTO,70,70,70,0.30650248910699573,0.3374628722667694,-0.033345116721466186,-0.04263349436223507,0.8858813220136496,0.39953654848633186,Day 5\Tray 5\DJI_20260703125433_0005_relative_indices.npz,Day 5\Tray 5\DJI_20260703125433_0005_ndvi_preview.png,Day 5\Tray 5\DJI_20260703125433_0005_ndre_preview.png,Day 5\Tray 5\DJI_20260703125433_0005_ndvi_polygon_overlay.png,Day 5\Tray 5\DJI_20260703125433_0005_ndre_polygon_overlay.png,PASS,All 70 polygons processed.
5,Day 5,2026-07-03,4,6,1,Tray 6,6,DJI_20260703125521_0006,PASS_AUTO,70,70,70,0.30496732145547867,0.3674391657114029,-0.023751919935914755,-0.025384249165654182,0.8790475078895565,0.44166119597454806,Day 5\Tray 6\DJI_20260703125521_0006_relative_indices.npz,Day 5\Tray 6\DJI_20260703125521_0006_ndvi_preview.png,Day 5\Tray 6\DJI_20260703125521_0006_ndre_preview.png,Day 5\Tray 6\DJI_20260703125521_0006_ndvi_polygon_overlay.png,Day 5\Tray 6\DJI_20260703125521_0006_ndre_polygon_overlay.png,PASS,All 70 polygons processed.
5,Day 5,2026-07-03,4,6,1,Tray 7,7,DJI_20260703125555_0007,PASS_AUTO,70,70,70,0.3098223796912602,0.3799569606781006,-0.015192804736683944,-0.021404556930065155,0.8874239343296793,0.4606107873937916,Day 5\Tray 7\DJI_20260703125555_0007_relative_indices.npz,Day 5\Tray 7\DJI_20260703125555_0007_ndvi_preview.png,Day 5\Tray 7\DJI_20260703125555_0007_ndre_preview.png,Day 5\Tray 7\DJI_20260703125555_0007_ndvi_polygon_overlay.png,Day 5\Tray 7\DJI_20260703125555_0007_ndre_polygon_overlay.png,PASS,All 70 polygons processed.
5,Day 5,2026-07-03,4,6,1,Tray 8,8,DJI_20260703125615_0008,PASS_AUTO,70,70,70,0.2973239660263062,0.31138506531715393,-0.037190359888232445,-0.038430895656347275,0.8795685824839641,0.4024433725524658,Day 5\Tray 8\DJI_20260703125615_0008_relative_indices.npz,Day 5\Tray 8\DJI_20260703125615_0008_ndvi_preview.png,Day 5\Tray 8\DJI_20260703125615_0008_ndre_preview.png,Day 5\Tray 8\DJI_20260703125615_0008_ndvi_polygon_overlay.png,Day 5\Tray 8\DJI_20260703125615_0008_ndre_polygon_overlay.png,PASS,All 70 polygons processed.
5,Day 5,2026-07-03,4,6,1,Tray 9,9,DJI_20260703125656_0009,PASS_AUTO,70,70,70,0.32689841389656066,0.3843693435192108,-0.00704843334304834,-0.024633045308291912,0.9031807104156098,0.4649929723110069,Day 5\Tray 9\DJI_20260703125656_0009_relative_indices.npz,Day 5\Tray 9\DJI_20260703125656_0009_ndvi_preview.png,Day 5\Tray 9\DJI_20260703125656_0009_ndre_preview.png,Day 5\Tray 9\DJI_20260703125656_0009_ndvi_polygon_overlay.png,Day 5\Tray 9\DJI_20260703125656_0009_ndre_polygon_overlay.png,PASS,All 70 polygons processed.
5,Day 5,2026-07-03,4,6,1,Tray 10,10,DJI_20260703125724_0010,PASS_AUTO,70,70,70,0.3031196883746556,0.34350356459617615,-0.02949790618399025,-0.045336244627833366,0.8954130896367433,0.41382733685991485,Day 5\Tray 10\DJI_20260703125724_0010_relative_indices.npz,Day 5\Tray 10\DJI_20260703125724_0010_ndvi_preview.png,Day 5\Tray 10\DJI_20260703125724_0010_ndre_preview.png,Day 5\Tray 10\DJI_20260703125724_0010_ndvi_polygon_overlay.png,Day 5\Tray 10\DJI_20260703125724_0010_ndre_polygon_overlay.png,PASS,All 70 polygons processed.
5,Day 5,2026-07-03,4,6,1,Tray 11,11,DJI_20260703125745_0011,PASS_AUTO,70,70,70,0.30606793335505894,0.2864331156015396,-0.045951968072248356,-0.07212993502616882,0.9003462459648641,0.37241343727227416,Day 5\Tray 11\DJI_20260703125745_0011_relative_indices.npz,Day 5\Tray 11\DJI_20260703125745_0011_ndvi_preview.png,Day 5\Tray 11\DJI_20260703125745_0011_ndre_preview.png,Day 5\Tray 11\DJI_20260703125745_0011_ndvi_polygon_overlay.png,Day 5\Tray 11\DJI_20260703125745_0011_ndre_polygon_overlay.png,PASS,All 70 polygons processed.
5,Day 5,2026-07-03,4,6,1,Tray 12,12,DJI_20260703125807_0012,PASS_AUTO,70,70,70,0.30627146916730064,0.28479062020778656,-0.04494098551305277,-0.06273924931883812,0.8993539339241865,0.3704236227429422,Day 5\Tray 12\DJI_20260703125807_0012_relative_indices.npz,Day 5\Tray 12\DJI_20260703125807_0012_ndvi_preview.png,Day 5\Tray 12\DJI_20260703125807_0012_ndre_preview.png,Day 5\Tray 12\DJI_20260703125807_0012_ndvi_polygon_overlay.png,Day 5\Tray 12\DJI_20260703125807_0012_ndre_polygon_overlay.png,PASS,All 70 polygons processed.
6,Day 6,2026-07-04,5,7,1,Tray 1,1,DJI_20260704134522_0001,PASS_AUTO,70,70,70,0.29289962564195904,0.2662792056798935,-0.05810072813183069,-0.07848301529884338,0.8970813536502045,0.346288865769882,Day 6\Tray 1\DJI_20260704134522_0001_relative_indices.npz,Day 6\Tray 1\DJI_20260704134522_0001_ndvi_preview.png,Day 6\Tray 1\DJI_20260704134522_0001_ndre_preview.png,Day 6\Tray 1\DJI_20260704134522_0001_ndvi_polygon_overlay.png,Day 6\Tray 1\DJI_20260704134522_0001_ndre_polygon_overlay.png,PASS,All 70 polygons processed.
6,Day 6,2026-07-04,5,7,1,Tray 2,2,DJI_20260704134551_0002,PASS_AUTO,70,70,70,0.30064065754413605,0.2645828276872635,-0.053076033746557574,-0.07212986052036285,0.900598853151819,0.3572491418972943,Day 6\Tray 2\DJI_20260704134551_0002_relative_indices.npz,Day 6\Tray 2\DJI_20260704134551_0002_ndvi_preview.png,Day 6\Tray 2\DJI_20260704134551_0002_ndre_preview.png,Day 6\Tray 2\DJI_20260704134551_0002_ndvi_polygon_overlay.png,Day 6\Tray 2\DJI_20260704134551_0002_ndre_polygon_overlay.png,PASS,All 70 polygons processed.
6,Day 6,2026-07-04,5,7,1,Tray 3,3,DJI_20260704134620_0003,PASS_AUTO,70,70,70,0.30500300526618956,0.2772965431213379,-0.04746714441904,-0.07262135297060013,0.9034030465373176,0.3761848568664981,Day 6\Tray 3\DJI_20260704134620_0003_relative_indices.npz,Day 6\Tray 3\DJI_20260704134620_0003_ndvi_preview.png,Day 6\Tray 3\DJI_20260704134620_0003_ndre_preview.png,Day 6\Tray 3\DJI_20260704134620_0003_ndvi_polygon_overlay.png,Day 6\Tray 3\DJI_20260704134620_0003_ndre_polygon_overlay.png,PASS,All 70 polygons processed.
6,Day 6,2026-07-04,5,7,1,Tray 4,4,DJI_20260704134702_0004,PASS_AUTO,70,70,70,0.2968490149293627,0.24526820331811905,-0.05571936423491154,-0.07862506806850433,0.8998084121417974,0.35076998084250105,Day 6\Tray 4\DJI_20260704134702_0004_relative_indices.npz,Day 6\Tray 4\DJI_20260704134702_0004_ndvi_preview.png,Day 6\Tray 4\DJI_20260704134702_0004_ndre_preview.png,Day 6\Tray 4\DJI_20260704134702_0004_ndvi_polygon_overlay.png,Day 6\Tray 4\DJI_20260704134702_0004_ndre_polygon_overlay.png,PASS,All 70 polygons processed.
6,Day 6,2026-07-04,5,7,1,Tray 5,5,DJI_20260704134723_0005,PASS_AUTO,70,70,70,0.3060092662061964,0.3360319882631302,-0.04010371480004064,-0.059237344190478325,0.8937583591912036,0.3930614454728284,Day 6\Tray 5\DJI_20260704134723_0005_relative_indices.npz,Day 6\Tray 5\DJI_20260704134723_0005_ndvi_preview.png,Day 6\Tray 5\DJI_20260704134723_0005_ndre_preview.png,Day 6\Tray 5\DJI_20260704134723_0005_ndvi_polygon_overlay.png,Day 6\Tray 5\DJI_20260704134723_0005_ndre_polygon_overlay.png,PASS,All 70 polygons processed.
6,Day 6,2026-07-04,5,7,1,Tray 6,6,DJI_20260704134748_0006,PASS_AUTO,70,70,70,0.31366727011544365,0.37241536378860474,-0.022383604067103338,-0.041928183287382126,0.9057717133838383,0.424088553159739,Day 6\Tray 6\DJI_20260704134748_0006_relative_indices.npz,Day 6\Tray 6\DJI_20260704134748_0006_ndvi_preview.png,Day 6\Tray 6\DJI_20260704134748_0006_ndre_preview.png,Day 6\Tray 6\DJI_20260704134748_0006_ndvi_polygon_overlay.png,Day 6\Tray 6\DJI_20260704134748_0006_ndre_polygon_overlay.png,PASS,All 70 polygons processed.
6,Day 6,2026-07-04,5,7,1,Tray 7,7,DJI_20260704134820_0007,PASS_AUTO,70,70,70,0.3130244144371578,0.37790557742118835,-0.026588426709973387,-0.039713894948363304,0.8953766338445726,0.4421272928375338,Day 6\Tray 7\DJI_20260704134820_0007_relative_indices.npz,Day 6\Tray 7\DJI_20260704134820_0007_ndvi_preview.png,Day 6\Tray 7\DJI_20260704134820_0007_ndre_preview.png,Day 6\Tray 7\DJI_20260704134820_0007_ndvi_polygon_overlay.png,Day 6\Tray 7\DJI_20260704134820_0007_ndre_polygon_overlay.png,PASS,All 70 polygons processed.
6,Day 6,2026-07-04,5,7,1,Tray 8,8,DJI_20260704134909_0008,PASS_AUTO,70,70,70,0.31161575189658575,0.3337254971265793,-0.0356991004273628,-0.04854322783648968,0.896281672207902,0.40492840984133205,Day 6\Tray 8\DJI_20260704134909_0008_relative_indices.npz,Day 6\Tray 8\DJI_20260704134909_0008_ndvi_preview.png,Day 6\Tray 8\DJI_20260704134909_0008_ndre_preview.png,Day 6\Tray 8\DJI_20260704134909_0008_ndvi_polygon_overlay.png,Day 6\Tray 8\DJI_20260704134909_0008_ndre_polygon_overlay.png,PASS,All 70 polygons processed.
6,Day 6,2026-07-04,5,7,1,Tray 9,9,DJI_20260704134957_0009,PASS_AUTO,70,70,70,0.29933166929653715,0.3505348414182663,-0.04018549729870366,-0.05588861554861069,0.876657269592412,0.4218655980553565,Day 6\Tray 9\DJI_20260704134957_0009_relative_indices.npz,Day 6\Tray 9\DJI_20260704134957_0009_ndvi_preview.png,Day 6\Tray 9\DJI_20260704134957_0009_ndre_preview.png,Day 6\Tray 9\DJI_20260704134957_0009_ndvi_polygon_overlay.png,Day 6\Tray 9\DJI_20260704134957_0009_ndre_polygon_overlay.png,PASS,All 70 polygons processed.
6,Day 6,2026-07-04,5,7,1,Tray 10,10,DJI_20260704135020_0010,PASS_AUTO,70,70,70,0.3123409780008452,0.3386707305908203,-0.02494293301466054,-0.046384721994400024,0.9053041176780513,0.4161115463830045,Day 6\Tray 10\DJI_20260704135020_0010_relative_indices.npz,Day 6\Tray 10\DJI_20260704135020_0010_ndvi_preview.png,Day 6\Tray 10\DJI_20260704135020_0010_ndre_preview.png,Day 6\Tray 10\DJI_20260704135020_0010_ndvi_polygon_overlay.png,Day 6\Tray 10\DJI_20260704135020_0010_ndre_polygon_overlay.png,PASS,All 70 polygons processed.
6,Day 6,2026-07-04,5,7,1,Tray 11,11,DJI_20260704135050_0011,PASS_AUTO,70,70,70,0.29853131685938156,0.28849467635154724,-0.04516246228345803,-0.07003159448504448,0.8967282336851718,0.3844886732212602,Day 6\Tray 11\DJI_20260704135050_0011_relative_indices.npz,Day 6\Tray 11\DJI_20260704135050_0011_ndvi_preview.png,Day 6\Tray 11\DJI_20260704135050_0011_ndre_preview.png,Day 6\Tray 11\DJI_20260704135050_0011_ndvi_polygon_overlay.png,Day 6\Tray 11\DJI_20260704135050_0011_ndre_polygon_overlay.png,PASS,All 70 polygons processed.
6,Day 6,2026-07-04,5,7,1,Tray 12,12,DJI_20260704135127_0012,PASS_AUTO,70,70,70,0.29970670895917073,0.25011034309864044,-0.049403247583125316,-0.0750148817896843,0.9063114065900357,0.35240912868598034,Day 6\Tray 12\DJI_20260704135127_0012_relative_indices.npz,Day 6\Tray 12\DJI_20260704135127_0012_ndvi_preview.png,Day 6\Tray 12\DJI_20260704135127_0012_ndre_preview.png,Day 6\Tray 12\DJI_20260704135127_0012_ndvi_polygon_overlay.png,Day 6\Tray 12\DJI_20260704135127_0012_ndre_polygon_overlay.png,PASS,All 70 polygons processed.
7,Day 7,2026-07-07,8,10,3,Tray 1,1,DJI_20260707125025_0001,PASS_AUTO,70,70,70,0.3007961577602795,0.3115455359220505,-0.046832462080887385,-0.058928586542606354,0.9007877939066214,0.37521899319232893,Day 7\Tray 1\DJI_20260707125025_0001_relative_indices.npz,Day 7\Tray 1\DJI_20260707125025_0001_ndvi_preview.png,Day 7\Tray 1\DJI_20260707125025_0001_ndre_preview.png,Day 7\Tray 1\DJI_20260707125025_0001_ndvi_polygon_overlay.png,Day 7\Tray 1\DJI_20260707125025_0001_ndre_polygon_overlay.png,PASS,All 70 polygons processed.
7,Day 7,2026-07-07,8,10,3,Tray 2,2,DJI_20260707125114_0002,PASS_AUTO,70,70,70,0.28722527154854366,0.2567063570022583,-0.07348630242049695,-0.07710284739732742,0.8952419432009816,0.32485535054821024,Day 7\Tray 2\DJI_20260707125114_0002_relative_indices.npz,Day 7\Tray 2\DJI_20260707125114_0002_ndvi_preview.png,Day 7\Tray 2\DJI_20260707125114_0002_ndre_preview.png,Day 7\Tray 2\DJI_20260707125114_0002_ndvi_polygon_overlay.png,Day 7\Tray 2\DJI_20260707125114_0002_ndre_polygon_overlay.png,PASS,All 70 polygons processed.
7,Day 7,2026-07-07,8,10,3,Tray 3,3,DJI_20260707125152_0003,PASS_AUTO,70,70,70,0.27670564417328153,0.2384815439581871,-0.08113991974719933,-0.0911651998758316,0.8960164759959718,0.31474132337313876,Day 7\Tray 3\DJI_20260707125152_0003_relative_indices.npz,Day 7\Tray 3\DJI_20260707125152_0003_ndvi_preview.png,Day 7\Tray 3\DJI_20260707125152_0003_ndre_preview.png,Day 7\Tray 3\DJI_20260707125152_0003_ndvi_polygon_overlay.png,Day 7\Tray 3\DJI_20260707125152_0003_ndre_polygon_overlay.png,PASS,All 70 polygons processed.
7,Day 7,2026-07-07,8,10,3,Tray 4,4,DJI_20260707125241_0004,PASS_AUTO,70,70,70,0.29053903775555745,0.23749470710754395,-0.06990859540445464,-0.07720638439059258,0.9017949903367057,0.3193254189953926,Day 7\Tray 4\DJI_20260707125241_0004_relative_indices.npz,Day 7\Tray 4\DJI_20260707125241_0004_ndvi_preview.png,Day 7\Tray 4\DJI_20260707125241_0004_ndre_preview.png,Day 7\Tray 4\DJI_20260707125241_0004_ndvi_polygon_overlay.png,Day 7\Tray 4\DJI_20260707125241_0004_ndre_polygon_overlay.png,PASS,All 70 polygons processed.
7,Day 7,2026-07-07,8,10,3,Tray 5,5,DJI_20260707125327_0005,PASS_AUTO,70,70,70,0.2927301000271525,0.30007342994213104,-0.04054176548628935,-0.050236357375979424,0.8870202018294927,0.3949479694918726,Day 7\Tray 5\DJI_20260707125327_0005_relative_indices.npz,Day 7\Tray 5\DJI_20260707125327_0005_ndvi_preview.png,Day 7\Tray 5\DJI_20260707125327_0005_ndre_preview.png,Day 7\Tray 5\DJI_20260707125327_0005_ndvi_polygon_overlay.png,Day 7\Tray 5\DJI_20260707125327_0005_ndre_polygon_overlay.png,PASS,All 70 polygons processed.
7,Day 7,2026-07-07,8,10,3,Tray 6,6,DJI_20260707125404_0006,PASS_AUTO,70,70,70,0.29232979927744185,0.3186882734298706,-0.05988421331026724,-0.06189406290650368,0.8898442375094043,0.3692301659529062,Day 7\Tray 6\DJI_20260707125404_0006_relative_indices.npz,Day 7\Tray 6\DJI_20260707125404_0006_ndvi_preview.png,Day 7\Tray 6\DJI_20260707125404_0006_ndre_preview.png,Day 7\Tray 6\DJI_20260707125404_0006_ndvi_polygon_overlay.png,Day 7\Tray 6\DJI_20260707125404_0006_ndre_polygon_overlay.png,PASS,All 70 polygons processed.
7,Day 7,2026-07-07,8,10,3,Tray 7,7,DJI_20260707125452_0007,PASS_AUTO,70,70,70,0.29242185418094907,0.30880972743034363,-0.058132503421178885,-0.057452624663710594,0.8917313798519718,0.3657362766354,Day 7\Tray 7\DJI_20260707125452_0007_relative_indices.npz,Day 7\Tray 7\DJI_20260707125452_0007_ndvi_preview.png,Day 7\Tray 7\DJI_20260707125452_0007_ndre_preview.png,Day 7\Tray 7\DJI_20260707125452_0007_ndvi_polygon_overlay.png,Day 7\Tray 7\DJI_20260707125452_0007_ndre_polygon_overlay.png,PASS,All 70 polygons processed.
7,Day 7,2026-07-07,8,10,3,Tray 8,8,DJI_20260707125545_0008,PASS_AUTO,70,70,70,0.30998500372682297,0.3197006434202194,-0.049814415270728725,-0.060057589784264565,0.9143943004657483,0.36563241328024837,Day 7\Tray 8\DJI_20260707125545_0008_relative_indices.npz,Day 7\Tray 8\DJI_20260707125545_0008_ndvi_preview.png,Day 7\Tray 8\DJI_20260707125545_0008_ndre_preview.png,Day 7\Tray 8\DJI_20260707125545_0008_ndvi_polygon_overlay.png,Day 7\Tray 8\DJI_20260707125545_0008_ndre_polygon_overlay.png,PASS,All 70 polygons processed.
7,Day 7,2026-07-07,8,10,3,Tray 9,9,DJI_20260707125629_0009,PASS_AUTO,70,70,70,0.28865330134119305,0.3342028856277466,-0.05107070420469557,-0.05511951819062233,0.8867982563697131,0.388775493212834,Day 7\Tray 9\DJI_20260707125629_0009_relative_indices.npz,Day 7\Tray 9\DJI_20260707125629_0009_ndvi_preview.png,Day 7\Tray 9\DJI_20260707125629_0009_ndre_preview.png,Day 7\Tray 9\DJI_20260707125629_0009_ndvi_polygon_overlay.png,Day 7\Tray 9\DJI_20260707125629_0009_ndre_polygon_overlay.png,PASS,All 70 polygons processed.
7,Day 7,2026-07-07,8,10,3,Tray 10,10,DJI_20260707125716_0010,PASS_AUTO,70,70,70,0.2972265822546823,0.30021946132183075,-0.05320655110159091,-0.06644099578261375,0.9028691056898362,0.3669517893280101,Day 7\Tray 10\DJI_20260707125716_0010_relative_indices.npz,Day 7\Tray 10\DJI_20260707125716_0010_ndvi_preview.png,Day 7\Tray 10\DJI_20260707125716_0010_ndre_preview.png,Day 7\Tray 10\DJI_20260707125716_0010_ndvi_polygon_overlay.png,Day 7\Tray 10\DJI_20260707125716_0010_ndre_polygon_overlay.png,PASS,All 70 polygons processed.
7,Day 7,2026-07-07,8,10,3,Tray 11,11,DJI_20260707125749_0011,PASS_AUTO,70,70,70,0.2839480383055551,0.26088978350162506,-0.06526508017310075,-0.0752418227493763,0.8962788461497178,0.3463167329946885,Day 7\Tray 11\DJI_20260707125749_0011_relative_indices.npz,Day 7\Tray 11\DJI_20260707125749_0011_ndvi_preview.png,Day 7\Tray 11\DJI_20260707125749_0011_ndre_preview.png,Day 7\Tray 11\DJI_20260707125749_0011_ndvi_polygon_overlay.png,Day 7\Tray 11\DJI_20260707125749_0011_ndre_polygon_overlay.png,PASS,All 70 polygons processed.
7,Day 7,2026-07-07,8,10,3,Tray 12,12,DJI_20260707125838_0012,PASS_AUTO,70,70,70,0.28879697237695967,0.243557408452034,-0.06536877903022936,-0.08484043926000595,0.9022242772242447,0.32468798327618764,Day 7\Tray 12\DJI_20260707125838_0012_relative_indices.npz,Day 7\Tray 12\DJI_20260707125838_0012_ndvi_preview.png,Day 7\Tray 12\DJI_20260707125838_0012_ndre_preview.png,Day 7\Tray 12\DJI_20260707125838_0012_ndvi_polygon_overlay.png,Day 7\Tray 12\DJI_20260707125838_0012_ndre_polygon_overlay.png,PASS,All 70 polygons processed.
