day_order,day,calendar_date,days_since_planting,days_since_day1,days_since_previous_photo,tray,tray_no,label_code,microbe_status,treatment,label_environment,observed_environment,environment_type,watering_rule,heat_phase,moisture_watered_today,moisture_phase,day7_bug_rule_applies,capture_id,raw_green_cells,raw_green_percent,tracked_emerged_cells,tracked_emergence_percent,newly_emerged_today,newly_emerged_percent,carried_forward_cells,mean_green_area_percent,mean_rgb_green_cover_percent,possible_day7_bug_eaten_cells,overlay_path,mask_path,status,notes
1,Day 1,29/06/2026,2,0,,Tray 1,1,N/M,No Microbes,Ideal,Inside,Inside,Fixed,Daily watering,N/A,Daily watering,Daily watering control,No,DJI_20260629153749_0001,0,0,0,0,0,0,0,0.000283858,0.000283858,0,Day 1\Tray 1\overlays\DJI_20260629153749_0001_visible_emergence_overlay.jpg,Day 1\Tray 1\masks\DJI_20260629153749_0001_green_mask.png,PASS,Observed values only; no Day 7 imputation performed.
1,Day 1,29/06/2026,2,0,,Tray 2,2,N/M,No Microbes,Ideal,Outside,Outside,Fixed,Daily watering,N/A,Daily watering,Daily watering control,No,DJI_20260629153956_0003,0,0,0,0,0,0,0,0.000137787,0.000137787,0,Day 1\Tray 2\overlays\DJI_20260629153956_0003_visible_emergence_overlay.jpg,Day 1\Tray 2\masks\DJI_20260629153956_0003_green_mask.png,PASS,Observed values only; no Day 7 imputation performed.
1,Day 1,29/06/2026,2,0,,Tray 3,3,N/M,No Microbes,Moisture,Outside,Outside,Fixed,Scheduled watering,N/A,No,After Day 0 watering; not watered,No,DJI_20260629154053_0004,1,1.4285714285714286,1,1.4285714285714286,1,1.4285714285714286,0,0.00070568,0.00070568,0,Day 1\Tray 3\overlays\DJI_20260629154053_0004_visible_emergence_overlay.jpg,Day 1\Tray 3\masks\DJI_20260629154053_0004_green_mask.png,PASS,Observed values only; no Day 7 imputation performed.
1,Day 1,29/06/2026,2,0,,Tray 4,4,N/M,No Microbes,Heat,Dynamic,Inside,Dynamic,Daily watering,Inside before heat exposure,Daily watering,Daily watering control,No,DJI_20260629154141_0005,4,5.714285714285714,4,5.714285714285714,4,5.714285714285714,0,0.009600434,0.009600434,0,Day 1\Tray 4\overlays\DJI_20260629154141_0005_visible_emergence_overlay.jpg,Day 1\Tray 4\masks\DJI_20260629154141_0005_green_mask.png,PASS,Observed values only; no Day 7 imputation performed.
1,Day 1,29/06/2026,2,0,,Tray 5,5,M,Microbes,Moisture,Inside,Inside,Fixed,Scheduled watering,N/A,No,After Day 0 watering; not watered,No,DJI_20260629154235_0006,2,2.857142857142857,2,2.857142857142857,2,2.857142857142857,0,0.001661183,0.001661183,0,Day 1\Tray 5\overlays\DJI_20260629154235_0006_visible_emergence_overlay.jpg,Day 1\Tray 5\masks\DJI_20260629154235_0006_green_mask.png,PASS,Observed values only; no Day 7 imputation performed.
1,Day 1,29/06/2026,2,0,,Tray 6,6,M,Microbes,Heat,Dynamic,Inside,Dynamic,Daily watering,Inside before heat exposure,Daily watering,Daily watering control,No,DJI_20260629154321_0007,3,4.285714285714286,3,4.285714285714286,3,4.285714285714286,0,0.004187806,0.004187806,0,Day 1\Tray 6\overlays\DJI_20260629154321_0007_visible_emergence_overlay.jpg,Day 1\Tray 6\masks\DJI_20260629154321_0007_green_mask.png,PASS,Observed values only; no Day 7 imputation performed.
1,Day 1,29/06/2026,2,0,,Tray 7,7,M,Microbes,Ideal,Outside,Outside,Fixed,Daily watering,N/A,Daily watering,Daily watering control,No,DJI_20260629154404_0008,3,4.285714285714286,3,4.285714285714286,3,4.285714285714286,0,0.003526229,0.003526229,0,Day 1\Tray 7\overlays\DJI_20260629154404_0008_visible_emergence_overlay.jpg,Day 1\Tray 7\masks\DJI_20260629154404_0008_green_mask.png,PASS,Observed values only; no Day 7 imputation performed.
1,Day 1,29/06/2026,2,0,,Tray 8,8,M,Microbes,Heat,Dynamic,Inside,Dynamic,Daily watering,Inside before heat exposure,Daily watering,Daily watering control,No,DJI_20260629154446_0009,3,4.285714285714286,3,4.285714285714286,3,4.285714285714286,0,0.00321702,0.00321702,0,Day 1\Tray 8\overlays\DJI_20260629154446_0009_visible_emergence_overlay.jpg,Day 1\Tray 8\masks\DJI_20260629154446_0009_green_mask.png,PASS,Observed values only; no Day 7 imputation performed.
1,Day 1,29/06/2026,2,0,,Tray 9,9,M,Microbes,Ideal,Inside,Inside,Fixed,Daily watering,N/A,Daily watering,Daily watering control,No,DJI_20260629154539_0010,8,11.428571428571429,8,11.428571428571429,8,11.428571428571429,0,0.016324104,0.016324104,0,Day 1\Tray 9\overlays\DJI_20260629154539_0010_visible_emergence_overlay.jpg,Day 1\Tray 9\masks\DJI_20260629154539_0010_green_mask.png,PASS,Observed values only; no Day 7 imputation performed.
1,Day 1,29/06/2026,2,0,,Tray 10,10,M,Microbes,Moisture,Outside,Outside,Fixed,Scheduled watering,N/A,No,After Day 0 watering; not watered,No,DJI_20260629154609_0011,2,2.857142857142857,2,2.857142857142857,2,2.857142857142857,0,0.001094126,0.001094126,0,Day 1\Tray 10\overlays\DJI_20260629154609_0011_visible_emergence_overlay.jpg,Day 1\Tray 10\masks\DJI_20260629154609_0011_green_mask.png,PASS,Observed values only; no Day 7 imputation performed.
1,Day 1,29/06/2026,2,0,,Tray 11,11,N/M,No Microbes,Heat,Dynamic,Inside,Dynamic,Daily watering,Inside before heat exposure,Daily watering,Daily watering control,No,DJI_20260629154652_0012,2,2.857142857142857,2,2.857142857142857,2,2.857142857142857,0,0.00147005,0.00147005,0,Day 1\Tray 11\overlays\DJI_20260629154652_0012_visible_emergence_overlay.jpg,Day 1\Tray 11\masks\DJI_20260629154652_0012_green_mask.png,PASS,Observed values only; no Day 7 imputation performed.
1,Day 1,29/06/2026,2,0,,Tray 12,12,N/M,No Microbes,Moisture,Inside,Inside,Fixed,Scheduled watering,N/A,No,After Day 0 watering; not watered,No,DJI_20260629154739_0013,2,2.857142857142857,2,2.857142857142857,2,2.857142857142857,0,0.001340858,0.001340858,0,Day 1\Tray 12\overlays\DJI_20260629154739_0013_visible_emergence_overlay.jpg,Day 1\Tray 12\masks\DJI_20260629154739_0013_green_mask.png,PASS,Observed values only; no Day 7 imputation performed.
2,Day 2,30/06/2026,3,1,1,Tray 1,1,N/M,No Microbes,Ideal,Inside,Inside,Fixed,Daily watering,N/A,Daily watering,Daily watering control,No,DJI_20260630132402_0001,54,77.14285714285715,54,77.14285714285715,54,77.14285714285715,0,0.32979988506085356,0.32979988506085356,0,Day 2\Tray 1\overlays\DJI_20260630132402_0001_visible_emergence_overlay.jpg,Day 2\Tray 1\masks\DJI_20260630132402_0001_green_mask.png,PASS,Observed values only; no Day 7 imputation performed.
2,Day 2,30/06/2026,3,1,1,Tray 2,2,N/M,No Microbes,Ideal,Outside,Outside,Fixed,Daily watering,N/A,Daily watering,Daily watering control,No,DJI_20260630132440_0002,28,40,28,40,28,40,0,0.1399503408111998,0.1399503408111998,0,Day 2\Tray 2\overlays\DJI_20260630132440_0002_visible_emergence_overlay.jpg,Day 2\Tray 2\masks\DJI_20260630132440_0002_green_mask.png,PASS,Observed values only; no Day 7 imputation performed.
2,Day 2,30/06/2026,3,1,1,Tray 3,3,N/M,No Microbes,Moisture,Outside,Outside,Fixed,Scheduled watering,N/A,No,Dry period after Day 0 watering,No,DJI_20260630132506_0003,20,28.57142857142857,21,30,20,28.57142857142857,1,0.049886717,0.049886717,0,Day 2\Tray 3\overlays\DJI_20260630132506_0003_visible_emergence_overlay.jpg,Day 2\Tray 3\masks\DJI_20260630132506_0003_green_mask.png,PASS,Observed values only; no Day 7 imputation performed.
2,Day 2,30/06/2026,3,1,1,Tray 4,4,N/M,No Microbes,Heat,Dynamic,Inside,Dynamic,Daily watering,Inside before heat exposure,Daily watering,Daily watering control,No,DJI_20260630132544_0004,65,92.85714285714286,65,92.85714285714286,61,87.14285714285714,0,0.7743059848645321,0.7743059848645321,0,Day 2\Tray 4\overlays\DJI_20260630132544_0004_visible_emergence_overlay.jpg,Day 2\Tray 4\masks\DJI_20260630132544_0004_green_mask.png,PASS,Observed values only; no Day 7 imputation performed.
2,Day 2,30/06/2026,3,1,1,Tray 5,5,M,Microbes,Moisture,Inside,Inside,Fixed,Scheduled watering,N/A,No,Dry period after Day 0 watering,No,DJI_20260630132609_0005,52,74.28571428571429,52,74.28571428571429,50,71.42857142857143,0,0.37444718186227693,0.37444718186227693,0,Day 2\Tray 5\overlays\DJI_20260630132609_0005_visible_emergence_overlay.jpg,Day 2\Tray 5\masks\DJI_20260630132609_0005_green_mask.png,PASS,Observed values only; no Day 7 imputation performed.
2,Day 2,30/06/2026,3,1,1,Tray 6,6,M,Microbes,Heat,Dynamic,Inside,Dynamic,Daily watering,Inside before heat exposure,Daily watering,Daily watering control,No,DJI_20260630132636_0006,56,80,56,80,53,75.71428571428571,0,0.6189022463854371,0.6189022463854371,0,Day 2\Tray 6\overlays\DJI_20260630132636_0006_visible_emergence_overlay.jpg,Day 2\Tray 6\masks\DJI_20260630132636_0006_green_mask.png,PASS,Observed values only; no Day 7 imputation performed.
2,Day 2,30/06/2026,3,1,1,Tray 7,7,M,Microbes,Ideal,Outside,Outside,Fixed,Daily watering,N/A,Daily watering,Daily watering control,No,DJI_20260630132722_0007,19,27.142857142857142,22,31.428571428571427,19,27.142857142857142,3,0.066167003,0.066167003,0,Day 2\Tray 7\overlays\DJI_20260630132722_0007_visible_emergence_overlay.jpg,Day 2\Tray 7\masks\DJI_20260630132722_0007_green_mask.png,PASS,Observed values only; no Day 7 imputation performed.
2,Day 2,30/06/2026,3,1,1,Tray 8,8,M,Microbes,Heat,Dynamic,Inside,Dynamic,Daily watering,Inside before heat exposure,Daily watering,Daily watering control,No,DJI_20260630132807_0008,43,61.42857142857143,43,61.42857142857143,40,57.14285714285714,0,0.3883508478679946,0.3883508478679946,0,Day 2\Tray 8\overlays\DJI_20260630132807_0008_visible_emergence_overlay.jpg,Day 2\Tray 8\masks\DJI_20260630132807_0008_green_mask.png,PASS,Observed values only; no Day 7 imputation performed.
2,Day 2,30/06/2026,3,1,1,Tray 9,9,M,Microbes,Ideal,Inside,Inside,Fixed,Daily watering,N/A,Daily watering,Daily watering control,No,DJI_20260630132830_0009,59,84.28571428571429,59,84.28571428571429,51,72.85714285714285,0,0.7989436356687424,0.7989436356687424,0,Day 2\Tray 9\overlays\DJI_20260630132830_0009_visible_emergence_overlay.jpg,Day 2\Tray 9\masks\DJI_20260630132830_0009_green_mask.png,PASS,Observed values only; no Day 7 imputation performed.
2,Day 2,30/06/2026,3,1,1,Tray 10,10,M,Microbes,Moisture,Outside,Outside,Fixed,Scheduled watering,N/A,No,Dry period after Day 0 watering,No,DJI_20260630132857_0010,7,10,9,12.857142857142856,7,10,2,0.013145203721751144,0.013145203721751144,0,Day 2\Tray 10\overlays\DJI_20260630132857_0010_visible_emergence_overlay.jpg,Day 2\Tray 10\masks\DJI_20260630132857_0010_green_mask.png,PASS,Observed values only; no Day 7 imputation performed.
2,Day 2,30/06/2026,3,1,1,Tray 11,11,N/M,No Microbes,Heat,Dynamic,Inside,Dynamic,Daily watering,Inside before heat exposure,Daily watering,Daily watering control,No,DJI_20260630132921_0011,63,90,63,90,61,87.14285714285714,0,0.7482635972373264,0.7482635972373264,0,Day 2\Tray 11\overlays\DJI_20260630132921_0011_visible_emergence_overlay.jpg,Day 2\Tray 11\masks\DJI_20260630132921_0011_green_mask.png,PASS,Observed values only; no Day 7 imputation performed.
2,Day 2,30/06/2026,3,1,1,Tray 12,12,N/M,No Microbes,Moisture,Inside,Inside,Fixed,Scheduled watering,N/A,No,Dry period after Day 0 watering,No,DJI_20260630133116_0012,31,44.285714285714285,32,45.714285714285715,30,42.857142857142854,1,0.1184615406568711,0.1184615406568711,0,Day 2\Tray 12\overlays\DJI_20260630133116_0012_visible_emergence_overlay.jpg,Day 2\Tray 12\masks\DJI_20260630133116_0012_green_mask.png,PASS,Observed values only; no Day 7 imputation performed.
3,Day 3,1/07/2026,4,2,1,Tray 1,1,N/M,No Microbes,Ideal,Inside,Inside,Fixed,Daily watering,N/A,Daily watering,Daily watering control,No,DJI_20260701112247_0001,70,100,70,100,16,22.857142857142858,0,1.4804235573858582,1.4804235573858582,0,Day 3\Tray 1\overlays\DJI_20260701112247_0001_visible_emergence_overlay.jpg,Day 3\Tray 1\masks\DJI_20260701112247_0001_green_mask.png,PASS,Observed values only; no Day 7 imputation performed.
3,Day 3,1/07/2026,4,2,1,Tray 2,2,N/M,No Microbes,Ideal,Outside,Outside,Fixed,Daily watering,N/A,Daily watering,Daily watering control,No,DJI_20260701112419_0002,61,87.14285714285714,61,87.14285714285714,33,47.14285714285714,0,1.0740969611279574,1.0740969611279574,0,Day 3\Tray 2\overlays\DJI_20260701112419_0002_visible_emergence_overlay.jpg,Day 3\Tray 2\masks\DJI_20260701112419_0002_green_mask.png,PASS,Observed values only; no Day 7 imputation performed.
3,Day 3,1/07/2026,4,2,1,Tray 3,3,N/M,No Microbes,Moisture,Outside,Outside,Fixed,Scheduled watering,N/A,Yes,Watered on Day 3,No,DJI_20260701112502_0003,61,87.14285714285714,61,87.14285714285714,40,57.14285714285714,0,0.718056455,0.718056455,0,Day 3\Tray 3\overlays\DJI_20260701112502_0003_visible_emergence_overlay.jpg,Day 3\Tray 3\masks\DJI_20260701112502_0003_green_mask.png,PASS,Observed values only; no Day 7 imputation performed.
3,Day 3,1/07/2026,4,2,1,Tray 4,4,N/M,No Microbes,Heat,Dynamic,Outside,Dynamic,Daily watering,Moved outside; heat exposure begins,Daily watering,Daily watering control,No,DJI_20260701112636_0004,70,100,70,100,5,7.142857142857142,0,1.574425108177521,1.574425108177521,0,Day 3\Tray 4\overlays\DJI_20260701112636_0004_visible_emergence_overlay.jpg,Day 3\Tray 4\masks\DJI_20260701112636_0004_green_mask.png,PASS,Observed values only; no Day 7 imputation performed.
3,Day 3,1/07/2026,4,2,1,Tray 5,5,M,Microbes,Moisture,Inside,Inside,Fixed,Scheduled watering,N/A,Yes,Watered on Day 3,No,DJI_20260701112716_0005,70,100,70,100,18,25.71428571428571,0,1.6033273339037302,1.6033273339037302,0,Day 3\Tray 5\overlays\DJI_20260701112716_0005_visible_emergence_overlay.jpg,Day 3\Tray 5\masks\DJI_20260701112716_0005_green_mask.png,PASS,Observed values only; no Day 7 imputation performed.
3,Day 3,1/07/2026,4,2,1,Tray 6,6,M,Microbes,Heat,Dynamic,Outside,Dynamic,Daily watering,Moved outside; heat exposure begins,Daily watering,Daily watering control,No,DJI_20260701112808_0006,65,92.85714285714286,65,92.85714285714286,9,12.857142857142856,0,1.4650011748638467,1.4650011748638467,0,Day 3\Tray 6\overlays\DJI_20260701112808_0006_visible_emergence_overlay.jpg,Day 3\Tray 6\masks\DJI_20260701112808_0006_green_mask.png,PASS,Observed values only; no Day 7 imputation performed.
3,Day 3,1/07/2026,4,2,1,Tray 7,7,M,Microbes,Ideal,Outside,Outside,Fixed,Daily watering,N/A,Daily watering,Daily watering control,No,DJI_20260701112855_0007,60,85.71428571428571,61,87.14285714285714,39,55.714285714285715,1,0.8028897908146321,0.8028897908146321,0,Day 3\Tray 7\overlays\DJI_20260701112855_0007_visible_emergence_overlay.jpg,Day 3\Tray 7\masks\DJI_20260701112855_0007_green_mask.png,PASS,Observed values only; no Day 7 imputation performed.
3,Day 3,1/07/2026,4,2,1,Tray 8,8,M,Microbes,Heat,Dynamic,Outside,Dynamic,Daily watering,Moved outside; heat exposure begins,Daily watering,Daily watering control,No,DJI_20260701112943_0008,66,94.28571428571428,66,94.28571428571428,23,32.857142857142854,0,1.238837195240094,1.238837195240094,0,Day 3\Tray 8\overlays\DJI_20260701112943_0008_visible_emergence_overlay.jpg,Day 3\Tray 8\masks\DJI_20260701112943_0008_green_mask.png,PASS,Observed values only; no Day 7 imputation performed.
3,Day 3,1/07/2026,4,2,1,Tray 9,9,M,Microbes,Ideal,Inside,Inside,Fixed,Daily watering,N/A,Daily watering,Daily watering control,No,DJI_20260701113026_0009,66,94.28571428571428,66,94.28571428571428,7,10,0,1.9054700590186904,1.9054700590186904,0,Day 3\Tray 9\overlays\DJI_20260701113026_0009_visible_emergence_overlay.jpg,Day 3\Tray 9\masks\DJI_20260701113026_0009_green_mask.png,PASS,Observed values only; no Day 7 imputation performed.
3,Day 3,1/07/2026,4,2,1,Tray 10,10,M,Microbes,Moisture,Outside,Outside,Fixed,Scheduled watering,N/A,Yes,Watered on Day 3,No,DJI_20260701113054_0010,46,65.71428571428571,48,68.57142857142857,39,55.714285714285715,2,0.3954564677267099,0.3954564677267099,0,Day 3\Tray 10\overlays\DJI_20260701113054_0010_visible_emergence_overlay.jpg,Day 3\Tray 10\masks\DJI_20260701113054_0010_green_mask.png,PASS,Observed values only; no Day 7 imputation performed.
3,Day 3,1/07/2026,4,2,1,Tray 11,11,N/M,No Microbes,Heat,Dynamic,Outside,Dynamic,Daily watering,Moved outside; heat exposure begins,Daily watering,Daily watering control,No,DJI_20260701113143_0011,69,98.57142857142858,69,98.57142857142858,6,8.571428571428571,0,1.515090062752817,1.515090062752817,0,Day 3\Tray 11\overlays\DJI_20260701113143_0011_visible_emergence_overlay.jpg,Day 3\Tray 11\masks\DJI_20260701113143_0011_green_mask.png,PASS,Observed values only; no Day 7 imputation performed.
3,Day 3,1/07/2026,4,2,1,Tray 12,12,N/M,No Microbes,Moisture,Inside,Inside,Fixed,Scheduled watering,N/A,Yes,Watered on Day 3,No,DJI_20260701113255_0012,64,91.42857142857143,65,92.85714285714286,33,47.14285714285714,1,0.9698267686392453,0.9698267686392453,0,Day 3\Tray 12\overlays\DJI_20260701113255_0012_visible_emergence_overlay.jpg,Day 3\Tray 12\masks\DJI_20260701113255_0012_green_mask.png,PASS,Observed values only; no Day 7 imputation performed.
4,Day 4,2/07/2026,5,3,1,Tray 1,1,N/M,No Microbes,Ideal,Inside,Inside,Fixed,Daily watering,N/A,Daily watering,Daily watering control,No,DJI_20260702125244_0001,70,100,70,100,0,0,0,2.895996382098244,2.895996382098244,0,Day 4\Tray 1\overlays\DJI_20260702125244_0001_visible_emergence_overlay.jpg,Day 4\Tray 1\masks\DJI_20260702125244_0001_green_mask.png,PASS,Observed values only; no Day 7 imputation performed.
4,Day 4,2/07/2026,5,3,1,Tray 2,2,N/M,No Microbes,Ideal,Outside,Outside,Fixed,Daily watering,N/A,Daily watering,Daily watering control,No,DJI_20260702125421_0002,63,90,63,90,2,2.857142857142857,0,1.968627889020498,1.968627889020498,0,Day 4\Tray 2\overlays\DJI_20260702125421_0002_visible_emergence_overlay.jpg,Day 4\Tray 2\masks\DJI_20260702125421_0002_green_mask.png,PASS,Observed values only; no Day 7 imputation performed.
4,Day 4,2/07/2026,5,3,1,Tray 3,3,N/M,No Microbes,Moisture,Outside,Outside,Fixed,Scheduled watering,N/A,No,Dry period after Day 3 watering,No,DJI_20260702125513_0003,64,91.42857142857143,65,92.85714285714286,4,5.714285714285714,1,1.1709389478646042,1.1709389478646042,0,Day 4\Tray 3\overlays\DJI_20260702125513_0003_visible_emergence_overlay.jpg,Day 4\Tray 3\masks\DJI_20260702125513_0003_green_mask.png,PASS,Observed values only; no Day 7 imputation performed.
4,Day 4,2/07/2026,5,3,1,Tray 4,4,N/M,No Microbes,Heat,Dynamic,Outside,Dynamic,Daily watering,Outside heat exposure,Daily watering,Daily watering control,No,DJI_20260702125620_0004,70,100,70,100,0,0,0,2.8634265456324144,2.8634265456324144,0,Day 4\Tray 4\overlays\DJI_20260702125620_0004_visible_emergence_overlay.jpg,Day 4\Tray 4\masks\DJI_20260702125620_0004_green_mask.png,PASS,Observed values only; no Day 7 imputation performed.
4,Day 4,2/07/2026,5,3,1,Tray 5,5,M,Microbes,Moisture,Inside,Inside,Fixed,Scheduled watering,N/A,No,Dry period after Day 3 watering,No,DJI_20260702125757_0005,70,100,70,100,0,0,0,3.14050088,3.14050088,0,Day 4\Tray 5\overlays\DJI_20260702125757_0005_visible_emergence_overlay.jpg,Day 4\Tray 5\masks\DJI_20260702125757_0005_green_mask.png,PASS,Observed values only; no Day 7 imputation performed.
4,Day 4,2/07/2026,5,3,1,Tray 6,6,M,Microbes,Heat,Dynamic,Outside,Dynamic,Daily watering,Outside heat exposure,Daily watering,Daily watering control,No,DJI_20260702125916_0006,67,95.71428571428572,67,95.71428571428572,2,2.857142857142857,0,2.827615495062532,2.827615495062532,0,Day 4\Tray 6\overlays\DJI_20260702125916_0006_visible_emergence_overlay.jpg,Day 4\Tray 6\masks\DJI_20260702125916_0006_green_mask.png,PASS,Observed values only; no Day 7 imputation performed.
4,Day 4,2/07/2026,5,3,1,Tray 7,7,M,Microbes,Ideal,Outside,Outside,Fixed,Daily watering,N/A,Daily watering,Daily watering control,No,DJI_20260702125959_0007,66,94.28571428571428,66,94.28571428571428,5,7.142857142857142,0,1.6757885398587113,1.6757885398587113,0,Day 4\Tray 7\overlays\DJI_20260702125959_0007_visible_emergence_overlay.jpg,Day 4\Tray 7\masks\DJI_20260702125959_0007_green_mask.png,PASS,Observed values only; no Day 7 imputation performed.
4,Day 4,2/07/2026,5,3,1,Tray 8,8,M,Microbes,Heat,Dynamic,Outside,Dynamic,Daily watering,Outside heat exposure,Daily watering,Daily watering control,No,DJI_20260702130043_0008,69,98.57142857142858,69,98.57142857142858,3,4.285714285714286,0,2.3375697633275485,2.3375697633275485,0,Day 4\Tray 8\overlays\DJI_20260702130043_0008_visible_emergence_overlay.jpg,Day 4\Tray 8\masks\DJI_20260702130043_0008_green_mask.png,PASS,Observed values only; no Day 7 imputation performed.
4,Day 4,2/07/2026,5,3,1,Tray 9,9,M,Microbes,Ideal,Inside,Inside,Fixed,Daily watering,N/A,Daily watering,Daily watering control,No,DJI_20260702130152_0009,67,95.71428571428572,67,95.71428571428572,1,1.4285714285714286,0,2.853117379964976,2.853117379964976,0,Day 4\Tray 9\overlays\DJI_20260702130152_0009_visible_emergence_overlay.jpg,Day 4\Tray 9\masks\DJI_20260702130152_0009_green_mask.png,PASS,Observed values only; no Day 7 imputation performed.
4,Day 4,2/07/2026,5,3,1,Tray 10,10,M,Microbes,Moisture,Outside,Outside,Fixed,Scheduled watering,N/A,No,Dry period after Day 3 watering,No,DJI_20260702130251_0010,58,82.85714285714286,60,85.71428571428571,12,17.142857142857142,2,0.8488495890952816,0.8488495890952816,0,Day 4\Tray 10\overlays\DJI_20260702130251_0010_visible_emergence_overlay.jpg,Day 4\Tray 10\masks\DJI_20260702130251_0010_green_mask.png,PASS,Observed values only; no Day 7 imputation performed.
4,Day 4,2/07/2026,5,3,1,Tray 11,11,N/M,No Microbes,Heat,Dynamic,Outside,Dynamic,Daily watering,Outside heat exposure,Daily watering,Daily watering control,No,DJI_20260702130331_0011,69,98.57142857142858,69,98.57142857142858,0,0,0,2.398273745193616,2.398273745193616,0,Day 4\Tray 11\overlays\DJI_20260702130331_0011_visible_emergence_overlay.jpg,Day 4\Tray 11\masks\DJI_20260702130331_0011_green_mask.png,PASS,Observed values only; no Day 7 imputation performed.
4,Day 4,2/07/2026,5,3,1,Tray 12,12,N/M,No Microbes,Moisture,Inside,Inside,Fixed,Scheduled watering,N/A,No,Dry period after Day 3 watering,No,DJI_20260702130419_0012,68,97.14285714285714,69,98.57142857142858,4,5.714285714285714,1,1.7862876075727436,1.7862876075727436,0,Day 4\Tray 12\overlays\DJI_20260702130419_0012_visible_emergence_overlay.jpg,Day 4\Tray 12\masks\DJI_20260702130419_0012_green_mask.png,PASS,Observed values only; no Day 7 imputation performed.
5,Day 5,3/07/2026,6,4,1,Tray 1,1,N/M,No Microbes,Ideal,Inside,Inside,Fixed,Daily watering,N/A,Daily watering,Daily watering control,No,DJI_20260703124705_0001,70,100,70,100,0,0,0,3.7016306821091347,3.7016306821091347,0,Day 5\Tray 1\overlays\DJI_20260703124705_0001_visible_emergence_overlay.jpg,Day 5\Tray 1\masks\DJI_20260703124705_0001_green_mask.png,PASS,Observed values only; no Day 7 imputation performed.
5,Day 5,3/07/2026,6,4,1,Tray 2,2,N/M,No Microbes,Ideal,Outside,Outside,Fixed,Daily watering,N/A,Daily watering,Daily watering control,No,DJI_20260703124740_0002,63,90,63,90,0,0,0,2.490666762854618,2.490666762854618,0,Day 5\Tray 2\overlays\DJI_20260703124740_0002_visible_emergence_overlay.jpg,Day 5\Tray 2\masks\DJI_20260703124740_0002_green_mask.png,PASS,Observed values only; no Day 7 imputation performed.
5,Day 5,3/07/2026,6,4,1,Tray 3,3,N/M,No Microbes,Moisture,Outside,Outside,Fixed,Scheduled watering,N/A,No,Dry period after Day 3 watering,No,DJI_20260703125319_0003,65,92.85714285714286,66,94.28571428571428,1,1.4285714285714286,1,1.6487286733505824,1.6487286733505824,0,Day 5\Tray 3\overlays\DJI_20260703125319_0003_visible_emergence_overlay.jpg,Day 5\Tray 3\masks\DJI_20260703125319_0003_green_mask.png,PASS,Observed values only; no Day 7 imputation performed.
5,Day 5,3/07/2026,6,4,1,Tray 4,4,N/M,No Microbes,Heat,Dynamic,Outside,Dynamic,Daily watering,Outside heat exposure,Daily watering,Daily watering control,No,DJI_20260703125401_0004,70,100,70,100,0,0,0,3.427914879749048,3.427914879749048,0,Day 5\Tray 4\overlays\DJI_20260703125401_0004_visible_emergence_overlay.jpg,Day 5\Tray 4\masks\DJI_20260703125401_0004_green_mask.png,PASS,Observed values only; no Day 7 imputation performed.
5,Day 5,3/07/2026,6,4,1,Tray 5,5,M,Microbes,Moisture,Inside,Inside,Fixed,Scheduled watering,N/A,No,Dry period after Day 3 watering,No,DJI_20260703125433_0005,70,100,70,100,0,0,0,3.9418256494755717,3.9418256494755717,0,Day 5\Tray 5\overlays\DJI_20260703125433_0005_visible_emergence_overlay.jpg,Day 5\Tray 5\masks\DJI_20260703125433_0005_green_mask.png,PASS,Observed values only; no Day 7 imputation performed.
5,Day 5,3/07/2026,6,4,1,Tray 6,6,M,Microbes,Heat,Dynamic,Outside,Dynamic,Daily watering,Outside heat exposure,Daily watering,Daily watering control,No,DJI_20260703125521_0006,67,95.71428571428572,67,95.71428571428572,0,0,0,3.399929637,3.399929637,0,Day 5\Tray 6\overlays\DJI_20260703125521_0006_visible_emergence_overlay.jpg,Day 5\Tray 6\masks\DJI_20260703125521_0006_green_mask.png,PASS,Observed values only; no Day 7 imputation performed.
5,Day 5,3/07/2026,6,4,1,Tray 7,7,M,Microbes,Ideal,Outside,Outside,Fixed,Daily watering,N/A,Daily watering,Daily watering control,No,DJI_20260703125555_0007,66,94.28571428571428,67,95.71428571428572,1,1.4285714285714286,1,2.444838319277472,2.444838319277472,0,Day 5\Tray 7\overlays\DJI_20260703125555_0007_visible_emergence_overlay.jpg,Day 5\Tray 7\masks\DJI_20260703125555_0007_green_mask.png,PASS,Observed values only; no Day 7 imputation performed.
5,Day 5,3/07/2026,6,4,1,Tray 8,8,M,Microbes,Heat,Dynamic,Outside,Dynamic,Daily watering,Outside heat exposure,Daily watering,Daily watering control,No,DJI_20260703125615_0008,69,98.57142857142858,69,98.57142857142858,0,0,0,3.085068661,3.085068661,0,Day 5\Tray 8\overlays\DJI_20260703125615_0008_visible_emergence_overlay.jpg,Day 5\Tray 8\masks\DJI_20260703125615_0008_green_mask.png,PASS,Observed values only; no Day 7 imputation performed.
5,Day 5,3/07/2026,6,4,1,Tray 9,9,M,Microbes,Ideal,Inside,Inside,Fixed,Daily watering,N/A,Daily watering,Daily watering control,No,DJI_20260703125656_0009,67,95.71428571428572,67,95.71428571428572,0,0,0,3.5769808516996036,3.5769808516996036,0,Day 5\Tray 9\overlays\DJI_20260703125656_0009_visible_emergence_overlay.jpg,Day 5\Tray 9\masks\DJI_20260703125656_0009_green_mask.png,PASS,Observed values only; no Day 7 imputation performed.
5,Day 5,3/07/2026,6,4,1,Tray 10,10,M,Microbes,Moisture,Outside,Outside,Fixed,Scheduled watering,N/A,No,Dry period after Day 3 watering,No,DJI_20260703125724_0010,65,92.85714285714286,66,94.28571428571428,6,8.571428571428571,1,1.2478141217216523,1.2478141217216523,0,Day 5\Tray 10\overlays\DJI_20260703125724_0010_visible_emergence_overlay.jpg,Day 5\Tray 10\masks\DJI_20260703125724_0010_green_mask.png,PASS,Observed values only; no Day 7 imputation performed.
5,Day 5,3/07/2026,6,4,1,Tray 11,11,N/M,No Microbes,Heat,Dynamic,Outside,Dynamic,Daily watering,Outside heat exposure,Daily watering,Daily watering control,No,DJI_20260703125745_0011,69,98.57142857142858,69,98.57142857142858,0,0,0,2.9291871805664744,2.9291871805664744,0,Day 5\Tray 11\overlays\DJI_20260703125745_0011_visible_emergence_overlay.jpg,Day 5\Tray 11\masks\DJI_20260703125745_0011_green_mask.png,PASS,Observed values only; no Day 7 imputation performed.
5,Day 5,3/07/2026,6,4,1,Tray 12,12,N/M,No Microbes,Moisture,Inside,Inside,Fixed,Scheduled watering,N/A,No,Dry period after Day 3 watering,No,DJI_20260703125807_0012,68,97.14285714285714,69,98.57142857142858,0,0,1,2.2509072256693696,2.2509072256693696,0,Day 5\Tray 12\overlays\DJI_20260703125807_0012_visible_emergence_overlay.jpg,Day 5\Tray 12\masks\DJI_20260703125807_0012_green_mask.png,PASS,Observed values only; no Day 7 imputation performed.
6,Day 6,4/07/2026,7,5,1,Tray 1,1,N/M,No Microbes,Ideal,Inside,Inside,Fixed,Daily watering,N/A,Daily watering,Daily watering control,No,DJI_20260704134522_0001,69,98.57142857142858,70,100,0,0,1,4.974537206820173,4.974537206820173,0,Day 6\Tray 1\overlays\DJI_20260704134522_0001_visible_emergence_overlay.jpg,Day 6\Tray 1\masks\DJI_20260704134522_0001_green_mask.png,PASS,Observed values only; no Day 7 imputation performed.
6,Day 6,4/07/2026,7,5,1,Tray 2,2,N/M,No Microbes,Ideal,Outside,Outside,Fixed,Daily watering,N/A,Daily watering,Daily watering control,No,DJI_20260704134551_0002,64,91.42857142857143,64,91.42857142857143,1,1.4285714285714286,0,2.9628984700131067,2.9628984700131067,0,Day 6\Tray 2\overlays\DJI_20260704134551_0002_visible_emergence_overlay.jpg,Day 6\Tray 2\masks\DJI_20260704134551_0002_green_mask.png,PASS,Observed values only; no Day 7 imputation performed.
6,Day 6,4/07/2026,7,5,1,Tray 3,3,N/M,No Microbes,Moisture,Outside,Outside,Fixed,Scheduled watering,N/A,Yes,Watered on Day 6,No,DJI_20260704134620_0003,66,94.28571428571428,67,95.71428571428572,1,1.4285714285714286,1,2.396484264673477,2.396484264673477,0,Day 6\Tray 3\overlays\DJI_20260704134620_0003_visible_emergence_overlay.jpg,Day 6\Tray 3\masks\DJI_20260704134620_0003_green_mask.png,PASS,Observed values only; no Day 7 imputation performed.
6,Day 6,4/07/2026,7,5,1,Tray 4,4,N/M,No Microbes,Heat,Dynamic,Inside,Dynamic,Daily watering,Moved inside; recovery begins,Daily watering,Daily watering control,No,DJI_20260704134702_0004,52,74.28571428571429,70,100,0,0,18,2.9167406354695977,2.9167406354695977,0,Day 6\Tray 4\overlays\DJI_20260704134702_0004_visible_emergence_overlay.jpg,Day 6\Tray 4\masks\DJI_20260704134702_0004_green_mask.png,PASS,Observed values only; no Day 7 imputation performed.
6,Day 6,4/07/2026,7,5,1,Tray 5,5,M,Microbes,Moisture,Inside,Inside,Fixed,Scheduled watering,N/A,Yes,Watered on Day 6,No,DJI_20260704134723_0005,70,100,70,100,0,0,0,5.0392601551488205,5.0392601551488205,0,Day 6\Tray 5\overlays\DJI_20260704134723_0005_visible_emergence_overlay.jpg,Day 6\Tray 5\masks\DJI_20260704134723_0005_green_mask.png,PASS,Observed values only; no Day 7 imputation performed.
6,Day 6,4/07/2026,7,5,1,Tray 6,6,M,Microbes,Heat,Dynamic,Inside,Dynamic,Daily watering,Moved inside; recovery begins,Daily watering,Daily watering control,No,DJI_20260704134748_0006,68,97.14285714285714,68,97.14285714285714,1,1.4285714285714286,0,4.9559186301610545,4.9559186301610545,0,Day 6\Tray 6\overlays\DJI_20260704134748_0006_visible_emergence_overlay.jpg,Day 6\Tray 6\masks\DJI_20260704134748_0006_green_mask.png,PASS,Observed values only; no Day 7 imputation performed.
6,Day 6,4/07/2026,7,5,1,Tray 7,7,M,Microbes,Ideal,Outside,Outside,Fixed,Daily watering,N/A,Daily watering,Daily watering control,No,DJI_20260704134820_0007,68,97.14285714285714,68,97.14285714285714,1,1.4285714285714286,0,3.331463242823467,3.331463242823467,0,Day 6\Tray 7\overlays\DJI_20260704134820_0007_visible_emergence_overlay.jpg,Day 6\Tray 7\masks\DJI_20260704134820_0007_green_mask.png,PASS,Observed values only; no Day 7 imputation performed.
6,Day 6,4/07/2026,7,5,1,Tray 8,8,M,Microbes,Heat,Dynamic,Inside,Dynamic,Daily watering,Moved inside; recovery begins,Daily watering,Daily watering control,No,DJI_20260704134909_0008,62,88.57142857142857,70,100,1,1.4285714285714286,8,4.050652258291716,4.050652258291716,0,Day 6\Tray 8\overlays\DJI_20260704134909_0008_visible_emergence_overlay.jpg,Day 6\Tray 8\masks\DJI_20260704134909_0008_green_mask.png,PASS,Observed values only; no Day 7 imputation performed.
6,Day 6,4/07/2026,7,5,1,Tray 9,9,M,Microbes,Ideal,Inside,Inside,Fixed,Daily watering,N/A,Daily watering,Daily watering control,No,DJI_20260704134957_0009,53,75.71428571428571,67,95.71428571428572,0,0,14,2.5508693216708256,2.5508693216708256,0,Day 6\Tray 9\overlays\DJI_20260704134957_0009_visible_emergence_overlay.jpg,Day 6\Tray 9\masks\DJI_20260704134957_0009_green_mask.png,PASS,Observed values only; no Day 7 imputation performed.
6,Day 6,4/07/2026,7,5,1,Tray 10,10,M,Microbes,Moisture,Outside,Outside,Fixed,Scheduled watering,N/A,Yes,Watered on Day 6,No,DJI_20260704135020_0010,67,95.71428571428572,67,95.71428571428572,1,1.4285714285714286,0,1.7540522417306716,1.7540522417306716,0,Day 6\Tray 10\overlays\DJI_20260704135020_0010_visible_emergence_overlay.jpg,Day 6\Tray 10\masks\DJI_20260704135020_0010_green_mask.png,PASS,Observed values only; no Day 7 imputation performed.
6,Day 6,4/07/2026,7,5,1,Tray 11,11,N/M,No Microbes,Heat,Dynamic,Inside,Dynamic,Daily watering,Moved inside; recovery begins,Daily watering,Daily watering control,No,DJI_20260704135050_0011,52,74.28571428571429,69,98.57142857142858,0,0,17,2.446249436902026,2.446249436902026,0,Day 6\Tray 11\overlays\DJI_20260704135050_0011_visible_emergence_overlay.jpg,Day 6\Tray 11\masks\DJI_20260704135050_0011_green_mask.png,PASS,Observed values only; no Day 7 imputation performed.
6,Day 6,4/07/2026,7,5,1,Tray 12,12,N/M,No Microbes,Moisture,Inside,Inside,Fixed,Scheduled watering,N/A,Yes,Watered on Day 6,No,DJI_20260704135127_0012,68,97.14285714285714,69,98.57142857142858,0,0,1,3.027833694565768,3.027833694565768,0,Day 6\Tray 12\overlays\DJI_20260704135127_0012_visible_emergence_overlay.jpg,Day 6\Tray 12\masks\DJI_20260704135127_0012_green_mask.png,PASS,Observed values only; no Day 7 imputation performed.
7,Day 7,7/07/2026,10,8,3,Tray 1,1,N/M,No Microbes,Ideal,Inside,Inside,Fixed,Daily watering,N/A,Daily watering,Daily watering control,Yes,DJI_20260707125025_0001,10,14.285714285714285,70,100,0,0,60,0.099301268,0.099301268,60,Day 7\Tray 1\overlays\DJI_20260707125025_0001_visible_emergence_overlay.jpg,Day 7\Tray 1\masks\DJI_20260707125025_0001_green_mask.png,PASS,Observed values only; no Day 7 imputation performed.
7,Day 7,7/07/2026,10,8,3,Tray 2,2,N/M,No Microbes,Ideal,Outside,Outside,Fixed,Daily watering,N/A,Daily watering,Daily watering control,Yes,DJI_20260707125114_0002,65,92.85714285714286,65,92.85714285714286,1,1.4285714285714286,0,4.026672971167272,4.026672971167272,0,Day 7\Tray 2\overlays\DJI_20260707125114_0002_visible_emergence_overlay.jpg,Day 7\Tray 2\masks\DJI_20260707125114_0002_green_mask.png,PASS,Observed values only; no Day 7 imputation performed.
7,Day 7,7/07/2026,10,8,3,Tray 3,3,N/M,No Microbes,Moisture,Outside,Outside,Fixed,Scheduled watering,N/A,No,Unwatered after Day 6; final photo,Yes,DJI_20260707125152_0003,65,92.85714285714286,67,95.71428571428572,0,0,2,3.6315599166376673,3.6315599166376673,2,Day 7\Tray 3\overlays\DJI_20260707125152_0003_visible_emergence_overlay.jpg,Day 7\Tray 3\masks\DJI_20260707125152_0003_green_mask.png,PASS,Observed values only; no Day 7 imputation performed.
7,Day 7,7/07/2026,10,8,3,Tray 4,4,N/M,No Microbes,Heat,Dynamic,Inside,Dynamic,Daily watering,Inside recovery; final photo,Daily watering,Daily watering control,Yes,DJI_20260707125241_0004,52,74.28571428571429,70,100,0,0,18,3.5739008021188448,3.5739008021188448,18,Day 7\Tray 4\overlays\DJI_20260707125241_0004_visible_emergence_overlay.jpg,Day 7\Tray 4\masks\DJI_20260707125241_0004_green_mask.png,PASS,Observed values only; no Day 7 imputation performed.
7,Day 7,7/07/2026,10,8,3,Tray 5,5,M,Microbes,Moisture,Inside,Inside,Fixed,Scheduled watering,N/A,No,Unwatered after Day 6; final photo,Yes,DJI_20260707125327_0005,25,35.714285714285715,70,100,0,0,45,0.9386016742469447,0.9386016742469447,45,Day 7\Tray 5\overlays\DJI_20260707125327_0005_visible_emergence_overlay.jpg,Day 7\Tray 5\masks\DJI_20260707125327_0005_green_mask.png,PASS,Observed values only; no Day 7 imputation performed.
7,Day 7,7/07/2026,10,8,3,Tray 6,6,M,Microbes,Heat,Dynamic,Inside,Dynamic,Daily watering,Inside recovery; final photo,Daily watering,Daily watering control,Yes,DJI_20260707125404_0006,68,97.14285714285714,68,97.14285714285714,0,0,0,7.160083007174419,7.160083007174419,0,Day 7\Tray 6\overlays\DJI_20260707125404_0006_visible_emergence_overlay.jpg,Day 7\Tray 6\masks\DJI_20260707125404_0006_green_mask.png,PASS,Observed values only; no Day 7 imputation performed.
7,Day 7,7/07/2026,10,8,3,Tray 7,7,M,Microbes,Ideal,Outside,Outside,Fixed,Daily watering,N/A,Daily watering,Daily watering control,Yes,DJI_20260707125452_0007,66,94.28571428571428,68,97.14285714285714,0,0,2,6.4594685905518405,6.4594685905518405,2,Day 7\Tray 7\overlays\DJI_20260707125452_0007_visible_emergence_overlay.jpg,Day 7\Tray 7\masks\DJI_20260707125452_0007_green_mask.png,PASS,Observed values only; no Day 7 imputation performed.
7,Day 7,7/07/2026,10,8,3,Tray 8,8,M,Microbes,Heat,Dynamic,Inside,Dynamic,Daily watering,Inside recovery; final photo,Daily watering,Daily watering control,Yes,DJI_20260707125545_0008,62,88.57142857142857,70,100,0,0,8,6.048075358196107,6.048075358196107,8,Day 7\Tray 8\overlays\DJI_20260707125545_0008_visible_emergence_overlay.jpg,Day 7\Tray 8\masks\DJI_20260707125545_0008_green_mask.png,PASS,Observed values only; no Day 7 imputation performed.
7,Day 7,7/07/2026,10,8,3,Tray 9,9,M,Microbes,Ideal,Inside,Inside,Fixed,Daily watering,N/A,Daily watering,Daily watering control,Yes,DJI_20260707125629_0009,31,44.285714285714285,67,95.71428571428572,0,0,36,1.162386730267202,1.162386730267202,36,Day 7\Tray 9\overlays\DJI_20260707125629_0009_visible_emergence_overlay.jpg,Day 7\Tray 9\masks\DJI_20260707125629_0009_green_mask.png,PASS,Observed values only; no Day 7 imputation performed.
7,Day 7,7/07/2026,10,8,3,Tray 10,10,M,Microbes,Moisture,Outside,Outside,Fixed,Scheduled watering,N/A,No,Unwatered after Day 6; final photo,Yes,DJI_20260707125716_0010,67,95.71428571428572,67,95.71428571428572,0,0,0,3.0903016365391056,3.0903016365391056,0,Day 7\Tray 10\overlays\DJI_20260707125716_0010_visible_emergence_overlay.jpg,Day 7\Tray 10\masks\DJI_20260707125716_0010_green_mask.png,PASS,Observed values only; no Day 7 imputation performed.
7,Day 7,7/07/2026,10,8,3,Tray 11,11,N/M,No Microbes,Heat,Dynamic,Inside,Dynamic,Daily watering,Inside recovery; final photo,Daily watering,Daily watering control,Yes,DJI_20260707125749_0011,51,72.85714285714285,69,98.57142857142858,0,0,18,2.8387972860270425,2.8387972860270425,18,Day 7\Tray 11\overlays\DJI_20260707125749_0011_visible_emergence_overlay.jpg,Day 7\Tray 11\masks\DJI_20260707125749_0011_green_mask.png,PASS,Observed values only; no Day 7 imputation performed.
7,Day 7,7/07/2026,10,8,3,Tray 12,12,N/M,No Microbes,Moisture,Inside,Inside,Fixed,Scheduled watering,N/A,No,Unwatered after Day 6; final photo,Yes,DJI_20260707125838_0012,60,85.71428571428571,69,98.57142857142858,0,0,9,5.8600362570770015,5.8600362570770015,9,Day 7\Tray 12\overlays\DJI_20260707125838_0012_visible_emergence_overlay.jpg,Day 7\Tray 12\masks\DJI_20260707125838_0012_green_mask.png,PASS,Observed values only; no Day 7 imputation performed.
