filename,treatment,day,row,col,cell_id,x1,y1,x2,y2,roi_x1,roi_y1,roi_x2,roi_y2,green_pixels,total_pixels,green_ratio,mean_green_strength,max_green_strength,largest_green_cluster,germinated_estimate
microbes_day_01_standardized.jpg,Microbes,1,1,1,R01_C01,0,0,120,120,14,14,106,106,0,8464,0.0,0.0,0.0,0,False
microbes_day_01_standardized.jpg,Microbes,1,1,2,R01_C02,120,0,240,120,134,14,226,106,0,8464,0.0,0.0,0.0,0,False
microbes_day_01_standardized.jpg,Microbes,1,1,3,R01_C03,240,0,360,120,254,14,346,106,107,8464,0.012641776937618147,61.03738317757009,102.0,70,True
microbes_day_01_standardized.jpg,Microbes,1,1,4,R01_C04,360,0,480,120,374,14,466,106,9,8464,0.0010633270321361058,75.44444444444444,87.0,5,False
microbes_day_01_standardized.jpg,Microbes,1,1,5,R01_C05,480,0,600,120,494,14,586,106,36,8464,0.004253308128544423,75.41666666666667,113.0,22,True
microbes_day_01_standardized.jpg,Microbes,1,1,6,R01_C06,600,0,720,120,614,14,706,106,0,8464,0.0,0.0,0.0,0,False
microbes_day_01_standardized.jpg,Microbes,1,1,7,R01_C07,720,0,840,120,734,14,826,106,27,8464,0.0031899810964083177,82.74074074074075,106.0,17,True
microbes_day_01_standardized.jpg,Microbes,1,1,8,R01_C08,840,0,960,120,854,14,946,106,97,8464,0.011460302457466919,74.38144329896907,96.0,90,True
microbes_day_01_standardized.jpg,Microbes,1,1,9,R01_C09,960,0,1080,120,974,14,1066,106,0,8464,0.0,0.0,0.0,0,False
microbes_day_01_standardized.jpg,Microbes,1,1,10,R01_C10,1080,0,1200,120,1094,14,1186,106,11,8464,0.0012996219281663517,81.18181818181819,89.0,5,False
microbes_day_01_standardized.jpg,Microbes,1,2,1,R02_C01,0,120,120,240,14,134,106,226,0,8464,0.0,0.0,0.0,0,False
microbes_day_01_standardized.jpg,Microbes,1,2,2,R02_C02,120,120,240,240,134,134,226,226,0,8464,0.0,0.0,0.0,0,False
microbes_day_01_standardized.jpg,Microbes,1,2,3,R02_C03,240,120,360,240,254,134,346,226,0,8464,0.0,0.0,0.0,0,False
microbes_day_01_standardized.jpg,Microbes,1,2,4,R02_C04,360,120,480,240,374,134,466,226,0,8464,0.0,0.0,0.0,0,False
microbes_day_01_standardized.jpg,Microbes,1,2,5,R02_C05,480,120,600,240,494,134,586,226,30,8464,0.003544423440453686,70.9,91.0,30,True
microbes_day_01_standardized.jpg,Microbes,1,2,6,R02_C06,600,120,720,240,614,134,706,226,0,8464,0.0,0.0,0.0,0,False
microbes_day_01_standardized.jpg,Microbes,1,2,7,R02_C07,720,120,840,240,734,134,826,226,17,8464,0.002008506616257089,83.58823529411765,106.0,13,True
microbes_day_01_standardized.jpg,Microbes,1,2,8,R02_C08,840,120,960,240,854,134,946,226,0,8464,0.0,0.0,0.0,0,False
microbes_day_01_standardized.jpg,Microbes,1,2,9,R02_C09,960,120,1080,240,974,134,1066,226,0,8464,0.0,0.0,0.0,0,False
microbes_day_01_standardized.jpg,Microbes,1,2,10,R02_C10,1080,120,1200,240,1094,134,1186,226,13,8464,0.0015359168241965973,84.92307692307692,99.0,8,False
microbes_day_01_standardized.jpg,Microbes,1,3,1,R03_C01,0,240,120,360,14,254,106,346,0,8464,0.0,0.0,0.0,0,False
microbes_day_01_standardized.jpg,Microbes,1,3,2,R03_C02,120,240,240,360,134,254,226,346,1,8464,0.00011814744801512288,38.0,38.0,1,False
microbes_day_01_standardized.jpg,Microbes,1,3,3,R03_C03,240,240,360,360,254,254,346,346,72,8464,0.008506616257088847,69.86111111111111,100.0,41,True
microbes_day_01_standardized.jpg,Microbes,1,3,4,R03_C04,360,240,480,360,374,254,466,346,0,8464,0.0,0.0,0.0,0,False
microbes_day_01_standardized.jpg,Microbes,1,3,5,R03_C05,480,240,600,360,494,254,586,346,7,8464,0.0008270321361058601,62.57142857142857,111.0,7,False
microbes_day_01_standardized.jpg,Microbes,1,3,6,R03_C06,600,240,720,360,614,254,706,346,0,8464,0.0,0.0,0.0,0,False
microbes_day_01_standardized.jpg,Microbes,1,3,7,R03_C07,720,240,840,360,734,254,826,346,0,8464,0.0,0.0,0.0,0,False
microbes_day_01_standardized.jpg,Microbes,1,3,8,R03_C08,840,240,960,360,854,254,946,346,0,8464,0.0,0.0,0.0,0,False
microbes_day_01_standardized.jpg,Microbes,1,3,9,R03_C09,960,240,1080,360,974,254,1066,346,0,8464,0.0,0.0,0.0,0,False
microbes_day_01_standardized.jpg,Microbes,1,3,10,R03_C10,1080,240,1200,360,1094,254,1186,346,58,8464,0.006852551984877127,58.94827586206897,81.0,33,True
microbes_day_01_standardized.jpg,Microbes,1,4,1,R04_C01,0,360,120,480,14,374,106,466,9,8464,0.0010633270321361058,38.44444444444444,48.0,9,False
microbes_day_01_standardized.jpg,Microbes,1,4,2,R04_C02,120,360,240,480,134,374,226,466,0,8464,0.0,0.0,0.0,0,False
microbes_day_01_standardized.jpg,Microbes,1,4,3,R04_C03,240,360,360,480,254,374,346,466,71,8464,0.008388468809073724,64.73239436619718,89.0,71,True
microbes_day_01_standardized.jpg,Microbes,1,4,4,R04_C04,360,360,480,480,374,374,466,466,96,8464,0.011342155009451797,70.05208333333333,99.0,48,True
microbes_day_01_standardized.jpg,Microbes,1,4,5,R04_C05,480,360,600,480,494,374,586,466,30,8464,0.003544423440453686,76.66666666666667,98.0,30,True
microbes_day_01_standardized.jpg,Microbes,1,4,6,R04_C06,600,360,720,480,614,374,706,466,0,8464,0.0,0.0,0.0,0,False
microbes_day_01_standardized.jpg,Microbes,1,4,7,R04_C07,720,360,840,480,734,374,826,466,18,8464,0.0021266540642722116,95.77777777777777,119.0,18,True
microbes_day_01_standardized.jpg,Microbes,1,4,8,R04_C08,840,360,960,480,854,374,946,466,0,8464,0.0,0.0,0.0,0,False
microbes_day_01_standardized.jpg,Microbes,1,4,9,R04_C09,960,360,1080,480,974,374,1066,466,91,8464,0.010751417769376182,67.42857142857143,97.0,46,True
microbes_day_01_standardized.jpg,Microbes,1,4,10,R04_C10,1080,360,1200,480,1094,374,1186,466,19,8464,0.0022448015122873348,77.6842105263158,86.0,19,True
microbes_day_01_standardized.jpg,Microbes,1,5,1,R05_C01,0,480,120,600,14,494,106,586,44,8464,0.005198487712665407,62.06818181818182,84.0,29,True
microbes_day_01_standardized.jpg,Microbes,1,5,2,R05_C02,120,480,240,600,134,494,226,586,51,8464,0.006025519848771267,58.19607843137255,88.0,24,True
microbes_day_01_standardized.jpg,Microbes,1,5,3,R05_C03,240,480,360,600,254,494,346,586,114,8464,0.013468809073724008,61.35087719298246,86.0,57,True
microbes_day_01_standardized.jpg,Microbes,1,5,4,R05_C04,360,480,480,600,374,494,466,586,0,8464,0.0,0.0,0.0,0,False
microbes_day_01_standardized.jpg,Microbes,1,5,5,R05_C05,480,480,600,600,494,494,586,586,58,8464,0.006852551984877127,86.39655172413794,115.0,30,True
microbes_day_01_standardized.jpg,Microbes,1,5,6,R05_C06,600,480,720,600,614,494,706,586,0,8464,0.0,0.0,0.0,0,False
microbes_day_01_standardized.jpg,Microbes,1,5,7,R05_C07,720,480,840,600,734,494,826,586,0,8464,0.0,0.0,0.0,0,False
microbes_day_01_standardized.jpg,Microbes,1,5,8,R05_C08,840,480,960,600,854,494,946,586,0,8464,0.0,0.0,0.0,0,False
microbes_day_01_standardized.jpg,Microbes,1,5,9,R05_C09,960,480,1080,600,974,494,1066,586,1,8464,0.00011814744801512288,16.0,16.0,1,False
microbes_day_01_standardized.jpg,Microbes,1,5,10,R05_C10,1080,480,1200,600,1094,494,1186,586,0,8464,0.0,0.0,0.0,0,False
microbes_day_01_standardized.jpg,Microbes,1,6,1,R06_C01,0,600,120,720,14,614,106,706,0,8464,0.0,0.0,0.0,0,False
microbes_day_01_standardized.jpg,Microbes,1,6,2,R06_C02,120,600,240,720,134,614,226,706,0,8464,0.0,0.0,0.0,0,False
microbes_day_01_standardized.jpg,Microbes,1,6,3,R06_C03,240,600,360,720,254,614,346,706,0,8464,0.0,0.0,0.0,0,False
microbes_day_01_standardized.jpg,Microbes,1,6,4,R06_C04,360,600,480,720,374,614,466,706,25,8464,0.002953686200378072,66.32,86.0,17,True
microbes_day_01_standardized.jpg,Microbes,1,6,5,R06_C05,480,600,600,720,494,614,586,706,39,8464,0.004607750472589792,76.35897435897436,96.0,26,True
microbes_day_01_standardized.jpg,Microbes,1,6,6,R06_C06,600,600,720,720,614,614,706,706,33,8464,0.0038988657844990547,80.39393939393939,104.0,33,True
microbes_day_01_standardized.jpg,Microbes,1,6,7,R06_C07,720,600,840,720,734,614,826,706,0,8464,0.0,0.0,0.0,0,False
microbes_day_01_standardized.jpg,Microbes,1,6,8,R06_C08,840,600,960,720,854,614,946,706,0,8464,0.0,0.0,0.0,0,False
microbes_day_01_standardized.jpg,Microbes,1,6,9,R06_C09,960,600,1080,720,974,614,1066,706,68,8464,0.008034026465028356,84.72058823529412,114.0,47,True
microbes_day_01_standardized.jpg,Microbes,1,6,10,R06_C10,1080,600,1200,720,1094,614,1186,706,6,8464,0.0007088846880907373,93.16666666666667,96.0,6,False
microbes_day_01_standardized.jpg,Microbes,1,7,1,R07_C01,0,720,120,840,14,734,106,826,0,8464,0.0,0.0,0.0,0,False
microbes_day_01_standardized.jpg,Microbes,1,7,2,R07_C02,120,720,240,840,134,734,226,826,5,8464,0.0005907372400756144,82.8,98.0,5,False
microbes_day_01_standardized.jpg,Microbes,1,7,3,R07_C03,240,720,360,840,254,734,346,826,15,8464,0.001772211720226843,68.06666666666666,78.0,14,True
microbes_day_01_standardized.jpg,Microbes,1,7,4,R07_C04,360,720,480,840,374,734,466,826,0,8464,0.0,0.0,0.0,0,False
microbes_day_01_standardized.jpg,Microbes,1,7,5,R07_C05,480,720,600,840,494,734,586,826,62,8464,0.007325141776937618,76.35483870967742,100.0,35,True
microbes_day_01_standardized.jpg,Microbes,1,7,6,R07_C06,600,720,720,840,614,734,706,826,49,8464,0.0057892249527410206,60.97959183673469,84.0,49,True
microbes_day_01_standardized.jpg,Microbes,1,7,7,R07_C07,720,720,840,840,734,734,826,826,0,8464,0.0,0.0,0.0,0,False
microbes_day_01_standardized.jpg,Microbes,1,7,8,R07_C08,840,720,960,840,854,734,946,826,9,8464,0.0010633270321361058,89.55555555555556,107.0,5,False
microbes_day_01_standardized.jpg,Microbes,1,7,9,R07_C09,960,720,1080,840,974,734,1066,826,0,8464,0.0,0.0,0.0,0,False
microbes_day_01_standardized.jpg,Microbes,1,7,10,R07_C10,1080,720,1200,840,1094,734,1186,826,0,8464,0.0,0.0,0.0,0,False
microbes_day_03_standardized.jpg,Microbes,3,1,1,R01_C01,0,0,120,120,14,14,106,106,0,8464,0.0,0.0,0.0,0,False
microbes_day_03_standardized.jpg,Microbes,3,1,2,R01_C02,120,0,240,120,134,14,226,106,87,8464,0.01027882797731569,78.816091954023,106.0,73,True
microbes_day_03_standardized.jpg,Microbes,3,1,3,R01_C03,240,0,360,120,254,14,346,106,206,8464,0.024338374291115312,63.63106796116505,113.0,181,True
microbes_day_03_standardized.jpg,Microbes,3,1,4,R01_C04,360,0,480,120,374,14,466,106,132,8464,0.015595463137996219,82.06060606060606,107.0,73,True
microbes_day_03_standardized.jpg,Microbes,3,1,5,R01_C05,480,0,600,120,494,14,586,106,109,8464,0.012878071833648393,63.137614678899084,89.0,61,True
microbes_day_03_standardized.jpg,Microbes,3,1,6,R01_C06,600,0,720,120,614,14,706,106,0,8464,0.0,0.0,0.0,0,False
microbes_day_03_standardized.jpg,Microbes,3,1,7,R01_C07,720,0,840,120,734,14,826,106,167,8464,0.01973062381852552,65.37724550898204,92.0,89,True
microbes_day_03_standardized.jpg,Microbes,3,1,8,R01_C08,840,0,960,120,854,14,946,106,139,8464,0.01642249527410208,72.86330935251799,91.0,115,True
microbes_day_03_standardized.jpg,Microbes,3,1,9,R01_C09,960,0,1080,120,974,14,1066,106,0,8464,0.0,0.0,0.0,0,False
microbes_day_03_standardized.jpg,Microbes,3,1,10,R01_C10,1080,0,1200,120,1094,14,1186,106,71,8464,0.008388468809073724,58.605633802816904,76.0,31,True
microbes_day_03_standardized.jpg,Microbes,3,2,1,R02_C01,0,120,120,240,14,134,106,226,67,8464,0.007915879017013232,75.56716417910448,98.0,34,True
microbes_day_03_standardized.jpg,Microbes,3,2,2,R02_C02,120,120,240,240,134,134,226,226,0,8464,0.0,0.0,0.0,0,False
microbes_day_03_standardized.jpg,Microbes,3,2,3,R02_C03,240,120,360,240,254,134,346,226,0,8464,0.0,0.0,0.0,0,False
microbes_day_03_standardized.jpg,Microbes,3,2,4,R02_C04,360,120,480,240,374,134,466,226,19,8464,0.0022448015122873348,76.0,94.0,12,True
microbes_day_03_standardized.jpg,Microbes,3,2,5,R02_C05,480,120,600,240,494,134,586,226,156,8464,0.018431001890359167,87.57692307692308,125.0,92,True
microbes_day_03_standardized.jpg,Microbes,3,2,6,R02_C06,600,120,720,240,614,134,706,226,23,8464,0.002717391304347826,78.56521739130434,103.0,12,True
microbes_day_03_standardized.jpg,Microbes,3,2,7,R02_C07,720,120,840,240,734,134,826,226,141,8464,0.016658790170132325,59.56028368794326,87.0,83,True
microbes_day_03_standardized.jpg,Microbes,3,2,8,R02_C08,840,120,960,240,854,134,946,226,50,8464,0.005907372400756144,69.2,89.0,32,True
microbes_day_03_standardized.jpg,Microbes,3,2,9,R02_C09,960,120,1080,240,974,134,1066,226,79,8464,0.009333648393194708,60.70886075949367,81.0,51,True
microbes_day_03_standardized.jpg,Microbes,3,2,10,R02_C10,1080,120,1200,240,1094,134,1186,226,76,8464,0.008979206049149339,54.921052631578945,73.0,41,True
microbes_day_03_standardized.jpg,Microbes,3,3,1,R03_C01,0,240,120,360,14,254,106,346,34,8464,0.004017013232514178,90.55882352941177,116.0,18,True
microbes_day_03_standardized.jpg,Microbes,3,3,2,R03_C02,120,240,240,360,134,254,226,346,0,8464,0.0,0.0,0.0,0,False
microbes_day_03_standardized.jpg,Microbes,3,3,3,R03_C03,240,240,360,360,254,254,346,346,174,8464,0.02055765595463138,75.75287356321839,101.0,92,True
microbes_day_03_standardized.jpg,Microbes,3,3,4,R03_C04,360,240,480,360,374,254,466,346,124,8464,0.014650283553875236,78.12903225806451,104.0,73,True
microbes_day_03_standardized.jpg,Microbes,3,3,5,R03_C05,480,240,600,360,494,254,586,346,114,8464,0.013468809073724008,71.5,95.0,58,True
microbes_day_03_standardized.jpg,Microbes,3,3,6,R03_C06,600,240,720,360,614,254,706,346,0,8464,0.0,0.0,0.0,0,False
microbes_day_03_standardized.jpg,Microbes,3,3,7,R03_C07,720,240,840,360,734,254,826,346,98,8464,0.011578449905482041,76.59183673469387,104.0,56,True
microbes_day_03_standardized.jpg,Microbes,3,3,8,R03_C08,840,240,960,360,854,254,946,346,0,8464,0.0,0.0,0.0,0,False
microbes_day_03_standardized.jpg,Microbes,3,3,9,R03_C09,960,240,1080,360,974,254,1066,346,0,8464,0.0,0.0,0.0,0,False
microbes_day_03_standardized.jpg,Microbes,3,3,10,R03_C10,1080,240,1200,360,1094,254,1186,346,0,8464,0.0,0.0,0.0,0,False
microbes_day_03_standardized.jpg,Microbes,3,4,1,R04_C01,0,360,120,480,14,374,106,466,20,8464,0.0023629489603024575,94.7,107.0,11,True
microbes_day_03_standardized.jpg,Microbes,3,4,2,R04_C02,120,360,240,480,134,374,226,466,32,8464,0.003780718336483932,80.5,102.0,12,True
microbes_day_03_standardized.jpg,Microbes,3,4,3,R04_C03,240,360,360,480,254,374,346,466,212,8464,0.02504725897920605,73.67924528301887,114.0,118,True
microbes_day_03_standardized.jpg,Microbes,3,4,4,R04_C04,360,360,480,480,374,374,466,466,246,8464,0.029064272211720227,76.23170731707317,106.0,128,True
microbes_day_03_standardized.jpg,Microbes,3,4,5,R04_C05,480,360,600,480,494,374,586,466,96,8464,0.011342155009451797,73.19791666666667,104.0,48,True
microbes_day_03_standardized.jpg,Microbes,3,4,6,R04_C06,600,360,720,480,614,374,706,466,121,8464,0.014295841209829867,77.48760330578513,102.0,63,True
microbes_day_03_standardized.jpg,Microbes,3,4,7,R04_C07,720,360,840,480,734,374,826,466,104,8464,0.012287334593572778,75.1826923076923,101.0,57,True
microbes_day_03_standardized.jpg,Microbes,3,4,8,R04_C08,840,360,960,480,854,374,946,466,72,8464,0.008506616257088847,67.27777777777777,113.0,54,True
microbes_day_03_standardized.jpg,Microbes,3,4,9,R04_C09,960,360,1080,480,974,374,1066,466,15,8464,0.001772211720226843,75.06666666666666,84.0,12,True
microbes_day_03_standardized.jpg,Microbes,3,4,10,R04_C10,1080,360,1200,480,1094,374,1186,466,0,8464,0.0,0.0,0.0,0,False
microbes_day_03_standardized.jpg,Microbes,3,5,1,R05_C01,0,480,120,600,14,494,106,586,124,8464,0.014650283553875236,71.8225806451613,96.0,54,True
microbes_day_03_standardized.jpg,Microbes,3,5,2,R05_C02,120,480,240,600,134,494,226,586,144,8464,0.017013232514177693,65.14583333333333,92.0,78,True
microbes_day_03_standardized.jpg,Microbes,3,5,3,R05_C03,240,480,360,600,254,494,346,586,188,8464,0.0222117202268431,85.67021276595744,118.0,89,True
microbes_day_03_standardized.jpg,Microbes,3,5,4,R05_C04,360,480,480,600,374,494,466,586,116,8464,0.013705103969754254,73.36206896551724,98.0,60,True
microbes_day_03_standardized.jpg,Microbes,3,5,5,R05_C05,480,480,600,600,494,494,586,586,241,8464,0.028473534971644614,78.44813278008299,119.0,125,True
microbes_day_03_standardized.jpg,Microbes,3,5,6,R05_C06,600,480,720,600,614,494,706,586,128,8464,0.015122873345935728,82.859375,108.0,69,True
microbes_day_03_standardized.jpg,Microbes,3,5,7,R05_C07,720,480,840,600,734,494,826,586,92,8464,0.010869565217391304,77.6304347826087,119.0,55,True
microbes_day_03_standardized.jpg,Microbes,3,5,8,R05_C08,840,480,960,600,854,494,946,586,0,8464,0.0,0.0,0.0,0,False
microbes_day_03_standardized.jpg,Microbes,3,5,9,R05_C09,960,480,1080,600,974,494,1066,586,57,8464,0.006734404536862004,59.63157894736842,80.0,41,True
microbes_day_03_standardized.jpg,Microbes,3,5,10,R05_C10,1080,480,1200,600,1094,494,1186,586,9,8464,0.0010633270321361058,56.44444444444444,76.0,5,False
microbes_day_03_standardized.jpg,Microbes,3,6,1,R06_C01,0,600,120,720,14,614,106,706,0,8464,0.0,0.0,0.0,0,False
microbes_day_03_standardized.jpg,Microbes,3,6,2,R06_C02,120,600,240,720,134,614,226,706,42,8464,0.00496219281663516,75.28571428571429,98.0,21,True
microbes_day_03_standardized.jpg,Microbes,3,6,3,R06_C03,240,600,360,720,254,614,346,706,0,8464,0.0,0.0,0.0,0,False
microbes_day_03_standardized.jpg,Microbes,3,6,4,R06_C04,360,600,480,720,374,614,466,706,118,8464,0.013941398865784499,82.17796610169492,107.0,65,True
microbes_day_03_standardized.jpg,Microbes,3,6,5,R06_C05,480,600,600,720,494,614,586,706,228,8464,0.026937618147448016,90.80701754385964,116.0,118,True
microbes_day_03_standardized.jpg,Microbes,3,6,6,R06_C06,600,600,720,720,614,614,706,706,128,8464,0.015122873345935728,89.8828125,115.0,69,True
microbes_day_03_standardized.jpg,Microbes,3,6,7,R06_C07,720,600,840,720,734,614,826,706,0,8464,0.0,0.0,0.0,0,False
microbes_day_03_standardized.jpg,Microbes,3,6,8,R06_C08,840,600,960,720,854,614,946,706,17,8464,0.002008506616257089,55.23529411764706,72.0,17,True
microbes_day_03_standardized.jpg,Microbes,3,6,9,R06_C09,960,600,1080,720,974,614,1066,706,248,8464,0.02930056710775047,63.66129032258065,98.0,151,True
microbes_day_03_standardized.jpg,Microbes,3,6,10,R06_C10,1080,600,1200,720,1094,614,1186,706,24,8464,0.002835538752362949,72.0,85.0,11,True
microbes_day_03_standardized.jpg,Microbes,3,7,1,R07_C01,0,720,120,840,14,734,106,826,8,8464,0.000945179584120983,65.0,76.0,8,False
microbes_day_03_standardized.jpg,Microbes,3,7,2,R07_C02,120,720,240,840,134,734,226,826,86,8464,0.010160680529300567,77.19767441860465,103.0,47,True
microbes_day_03_standardized.jpg,Microbes,3,7,3,R07_C03,240,720,360,840,254,734,346,826,131,8464,0.015477315689981097,61.16793893129771,94.0,69,True
microbes_day_03_standardized.jpg,Microbes,3,7,4,R07_C04,360,720,480,840,374,734,466,826,0,8464,0.0,0.0,0.0,0,False
microbes_day_03_standardized.jpg,Microbes,3,7,5,R07_C05,480,720,600,840,494,734,586,826,187,8464,0.022093572778827977,79.83957219251337,122.0,113,True
microbes_day_03_standardized.jpg,Microbes,3,7,6,R07_C06,600,720,720,840,614,734,706,826,83,8464,0.009806238185255198,78.40963855421687,99.0,32,True
microbes_day_03_standardized.jpg,Microbes,3,7,7,R07_C07,720,720,840,840,734,734,826,826,0,8464,0.0,0.0,0.0,0,False
microbes_day_03_standardized.jpg,Microbes,3,7,8,R07_C08,840,720,960,840,854,734,946,826,0,8464,0.0,0.0,0.0,0,False
microbes_day_03_standardized.jpg,Microbes,3,7,9,R07_C09,960,720,1080,840,974,734,1066,826,10,8464,0.0011814744801512287,68.5,102.0,5,False
microbes_day_03_standardized.jpg,Microbes,3,7,10,R07_C10,1080,720,1200,840,1094,734,1186,826,4,8464,0.0004725897920604915,51.75,57.0,4,False
microbes_day_04_standardized.jpg,Microbes,4,1,1,R01_C01,0,0,120,120,14,14,106,106,0,8464,0.0,0.0,0.0,0,False
microbes_day_04_standardized.jpg,Microbes,4,1,2,R01_C02,120,0,240,120,134,14,226,106,35,8464,0.0041351606805293,74.8,85.0,17,True
microbes_day_04_standardized.jpg,Microbes,4,1,3,R01_C03,240,0,360,120,254,14,346,106,176,8464,0.020793950850661626,77.01704545454545,104.0,133,True
microbes_day_04_standardized.jpg,Microbes,4,1,4,R01_C04,360,0,480,120,374,14,466,106,158,8464,0.018667296786389415,83.15822784810126,103.0,91,True
microbes_day_04_standardized.jpg,Microbes,4,1,5,R01_C05,480,0,600,120,494,14,586,106,137,8464,0.016186200378071832,78.41605839416059,106.0,74,True
microbes_day_04_standardized.jpg,Microbes,4,1,6,R01_C06,600,0,720,120,614,14,706,106,0,8464,0.0,0.0,0.0,0,False
microbes_day_04_standardized.jpg,Microbes,4,1,7,R01_C07,720,0,840,120,734,14,826,106,180,8464,0.021266540642722116,80.22777777777777,103.0,107,True
microbes_day_04_standardized.jpg,Microbes,4,1,8,R01_C08,840,0,960,120,854,14,946,106,227,8464,0.02681947069943289,78.8898678414097,109.0,122,True
microbes_day_04_standardized.jpg,Microbes,4,1,9,R01_C09,960,0,1080,120,974,14,1066,106,0,8464,0.0,0.0,0.0,0,False
microbes_day_04_standardized.jpg,Microbes,4,1,10,R01_C10,1080,0,1200,120,1094,14,1186,106,97,8464,0.011460302457466919,80.85567010309278,101.0,46,True
microbes_day_04_standardized.jpg,Microbes,4,2,1,R02_C01,0,120,120,240,14,134,106,226,79,8464,0.009333648393194708,69.65822784810126,88.0,50,True
microbes_day_04_standardized.jpg,Microbes,4,2,2,R02_C02,120,120,240,240,134,134,226,226,0,8464,0.0,0.0,0.0,0,False
microbes_day_04_standardized.jpg,Microbes,4,2,3,R02_C03,240,120,360,240,254,134,346,226,0,8464,0.0,0.0,0.0,0,False
microbes_day_04_standardized.jpg,Microbes,4,2,4,R02_C04,360,120,480,240,374,134,466,226,87,8464,0.01027882797731569,77.83908045977012,96.0,54,True
microbes_day_04_standardized.jpg,Microbes,4,2,5,R02_C05,480,120,600,240,494,134,586,226,190,8464,0.022448015122873345,85.02105263157895,118.0,102,True
microbes_day_04_standardized.jpg,Microbes,4,2,6,R02_C06,600,120,720,240,614,134,706,226,70,8464,0.0082703213610586,75.28571428571429,92.0,51,True
microbes_day_04_standardized.jpg,Microbes,4,2,7,R02_C07,720,120,840,240,734,134,826,226,154,8464,0.018194706994328923,83.03246753246754,107.0,82,True
microbes_day_04_standardized.jpg,Microbes,4,2,8,R02_C08,840,120,960,240,854,134,946,226,93,8464,0.010987712665406428,73.86021505376344,96.0,58,True
microbes_day_04_standardized.jpg,Microbes,4,2,9,R02_C09,960,120,1080,240,974,134,1066,226,147,8464,0.01736767485822306,86.50340136054422,108.0,90,True
microbes_day_04_standardized.jpg,Microbes,4,2,10,R02_C10,1080,120,1200,240,1094,134,1186,226,104,8464,0.012287334593572778,77.32692307692308,96.0,81,True
microbes_day_04_standardized.jpg,Microbes,4,3,1,R03_C01,0,240,120,360,14,254,106,346,94,8464,0.01110586011342155,66.53191489361703,92.0,67,True
microbes_day_04_standardized.jpg,Microbes,4,3,2,R03_C02,120,240,240,360,134,254,226,346,0,8464,0.0,0.0,0.0,0,False
microbes_day_04_standardized.jpg,Microbes,4,3,3,R03_C03,240,240,360,360,254,254,346,346,202,8464,0.02386578449905482,75.83663366336634,97.0,105,True
microbes_day_04_standardized.jpg,Microbes,4,3,4,R03_C04,360,240,480,360,374,254,466,346,121,8464,0.014295841209829867,74.30578512396694,92.0,81,True
microbes_day_04_standardized.jpg,Microbes,4,3,5,R03_C05,480,240,600,360,494,254,586,346,150,8464,0.01772211720226843,73.16666666666667,96.0,87,True
microbes_day_04_standardized.jpg,Microbes,4,3,6,R03_C06,600,240,720,360,614,254,706,346,13,8464,0.0015359168241965973,86.15384615384616,100.0,13,False
microbes_day_04_standardized.jpg,Microbes,4,3,7,R03_C07,720,240,840,360,734,254,826,346,138,8464,0.016304347826086956,76.71739130434783,105.0,104,True
microbes_day_04_standardized.jpg,Microbes,4,3,8,R03_C08,840,240,960,360,854,254,946,346,15,8464,0.001772211720226843,90.0,102.0,8,True
microbes_day_04_standardized.jpg,Microbes,4,3,9,R03_C09,960,240,1080,360,974,254,1066,346,0,8464,0.0,0.0,0.0,0,False
microbes_day_04_standardized.jpg,Microbes,4,3,10,R03_C10,1080,240,1200,360,1094,254,1186,346,0,8464,0.0,0.0,0.0,0,False
microbes_day_04_standardized.jpg,Microbes,4,4,1,R04_C01,0,360,120,480,14,374,106,466,39,8464,0.004607750472589792,55.64102564102564,85.0,16,True
microbes_day_04_standardized.jpg,Microbes,4,4,2,R04_C02,120,360,240,480,134,374,226,466,65,8464,0.007679584120982986,71.9076923076923,95.0,42,True
microbes_day_04_standardized.jpg,Microbes,4,4,3,R04_C03,240,360,360,480,254,374,346,466,253,8464,0.029891304347826088,71.53359683794466,114.0,133,True
microbes_day_04_standardized.jpg,Microbes,4,4,4,R04_C04,360,360,480,480,374,374,466,466,265,8464,0.03130907372400756,73.15849056603774,100.0,135,True
microbes_day_04_standardized.jpg,Microbes,4,4,5,R04_C05,480,360,600,480,494,374,586,466,99,8464,0.011696597353497165,70.87878787878788,94.0,51,True
microbes_day_04_standardized.jpg,Microbes,4,4,6,R04_C06,600,360,720,480,614,374,706,466,126,8464,0.014886578449905482,86.68253968253968,115.0,69,True
microbes_day_04_standardized.jpg,Microbes,4,4,7,R04_C07,720,360,840,480,734,374,826,466,108,8464,0.01275992438563327,78.91666666666667,95.0,68,True
microbes_day_04_standardized.jpg,Microbes,4,4,8,R04_C08,840,360,960,480,854,374,946,466,73,8464,0.00862476370510397,78.6986301369863,105.0,57,True
microbes_day_04_standardized.jpg,Microbes,4,4,9,R04_C09,960,360,1080,480,974,374,1066,466,54,8464,0.006379962192816635,79.20370370370371,92.0,54,True
microbes_day_04_standardized.jpg,Microbes,4,4,10,R04_C10,1080,360,1200,480,1094,374,1186,466,0,8464,0.0,0.0,0.0,0,False
microbes_day_04_standardized.jpg,Microbes,4,5,1,R05_C01,0,480,120,600,14,494,106,586,180,8464,0.021266540642722116,66.91111111111111,85.0,91,True
microbes_day_04_standardized.jpg,Microbes,4,5,2,R05_C02,120,480,240,600,134,494,226,586,121,8464,0.014295841209829867,66.96694214876032,91.0,82,True
microbes_day_04_standardized.jpg,Microbes,4,5,3,R05_C03,240,480,360,600,254,494,346,586,179,8464,0.021148393194706995,76.5195530726257,94.0,96,True
microbes_day_04_standardized.jpg,Microbes,4,5,4,R05_C04,360,480,480,600,374,494,466,586,150,8464,0.01772211720226843,62.666666666666664,81.0,78,True
microbes_day_04_standardized.jpg,Microbes,4,5,5,R05_C05,480,480,600,600,494,494,586,586,249,8464,0.029418714555765595,79.98795180722891,102.0,138,True
microbes_day_04_standardized.jpg,Microbes,4,5,6,R05_C06,600,480,720,600,614,494,706,586,146,8464,0.01724952741020794,73.26027397260275,102.0,101,True
microbes_day_04_standardized.jpg,Microbes,4,5,7,R05_C07,720,480,840,600,734,494,826,586,146,8464,0.01724952741020794,81.01369863013699,114.0,84,True
microbes_day_04_standardized.jpg,Microbes,4,5,8,R05_C08,840,480,960,600,854,494,946,586,0,8464,0.0,0.0,0.0,0,False
microbes_day_04_standardized.jpg,Microbes,4,5,9,R05_C09,960,480,1080,600,974,494,1066,586,62,8464,0.007325141776937618,80.53225806451613,117.0,38,True
microbes_day_04_standardized.jpg,Microbes,4,5,10,R05_C10,1080,480,1200,600,1094,494,1186,586,18,8464,0.0021266540642722116,91.33333333333333,101.0,18,True
microbes_day_04_standardized.jpg,Microbes,4,6,1,R06_C01,0,600,120,720,14,614,106,706,0,8464,0.0,0.0,0.0,0,False
microbes_day_04_standardized.jpg,Microbes,4,6,2,R06_C02,120,600,240,720,134,614,226,706,62,8464,0.007325141776937618,59.70967741935484,80.0,56,True
microbes_day_04_standardized.jpg,Microbes,4,6,3,R06_C03,240,600,360,720,254,614,346,706,0,8464,0.0,0.0,0.0,0,False
microbes_day_04_standardized.jpg,Microbes,4,6,4,R06_C04,360,600,480,720,374,614,466,706,151,8464,0.017840264650283554,65.78145695364239,89.0,79,True
microbes_day_04_standardized.jpg,Microbes,4,6,5,R06_C05,480,600,600,720,494,614,586,706,265,8464,0.03130907372400756,76.19622641509434,103.0,169,True
microbes_day_04_standardized.jpg,Microbes,4,6,6,R06_C06,600,600,720,720,614,614,706,706,132,8464,0.015595463137996219,73.62878787878788,98.0,81,True
microbes_day_04_standardized.jpg,Microbes,4,6,7,R06_C07,720,600,840,720,734,614,826,706,0,8464,0.0,0.0,0.0,0,False
microbes_day_04_standardized.jpg,Microbes,4,6,8,R06_C08,840,600,960,720,854,614,946,706,16,8464,0.001890359168241966,79.375,93.0,16,True
microbes_day_04_standardized.jpg,Microbes,4,6,9,R06_C09,960,600,1080,720,974,614,1066,706,254,8464,0.03000945179584121,79.18503937007874,97.0,133,True
microbes_day_04_standardized.jpg,Microbes,4,6,10,R06_C10,1080,600,1200,720,1094,614,1186,706,93,8464,0.010987712665406428,90.66666666666667,103.0,67,True
microbes_day_04_standardized.jpg,Microbes,4,7,1,R07_C01,0,720,120,840,14,734,106,826,40,8464,0.004725897920604915,57.8,70.0,24,True
microbes_day_04_standardized.jpg,Microbes,4,7,2,R07_C02,120,720,240,840,134,734,226,826,95,8464,0.011224007561436673,64.41052631578947,88.0,55,True
microbes_day_04_standardized.jpg,Microbes,4,7,3,R07_C03,240,720,360,840,254,734,346,826,148,8464,0.017485822306238186,58.57432432432432,79.0,99,True
microbes_day_04_standardized.jpg,Microbes,4,7,4,R07_C04,360,720,480,840,374,734,466,826,0,8464,0.0,0.0,0.0,0,False
microbes_day_04_standardized.jpg,Microbes,4,7,5,R07_C05,480,720,600,840,494,734,586,826,261,8464,0.03083648393194707,67.81226053639847,88.0,164,True
microbes_day_04_standardized.jpg,Microbes,4,7,6,R07_C06,600,720,720,840,614,734,706,826,137,8464,0.016186200378071832,66.9051094890511,86.0,69,True
microbes_day_04_standardized.jpg,Microbes,4,7,7,R07_C07,720,720,840,840,734,734,826,826,0,8464,0.0,0.0,0.0,0,False
microbes_day_04_standardized.jpg,Microbes,4,7,8,R07_C08,840,720,960,840,854,734,946,826,46,8464,0.005434782608695652,76.56521739130434,88.0,21,True
microbes_day_04_standardized.jpg,Microbes,4,7,9,R07_C09,960,720,1080,840,974,734,1066,826,106,8464,0.012523629489603024,80.00943396226415,100.0,55,True
microbes_day_04_standardized.jpg,Microbes,4,7,10,R07_C10,1080,720,1200,840,1094,734,1186,826,8,8464,0.000945179584120983,74.75,83.0,4,False
no_microbes_day_01_standardized.jpg,No Microbes,1,1,1,R01_C01,0,0,120,120,14,14,106,106,0,8464,0.0,0.0,0.0,0,False
no_microbes_day_01_standardized.jpg,No Microbes,1,1,2,R01_C02,120,0,240,120,134,14,226,106,67,8464,0.007915879017013232,56.53731343283582,81.0,34,True
no_microbes_day_01_standardized.jpg,No Microbes,1,1,3,R01_C03,240,0,360,120,254,14,346,106,23,8464,0.002717391304347826,53.47826086956522,67.0,23,True
no_microbes_day_01_standardized.jpg,No Microbes,1,1,4,R01_C04,360,0,480,120,374,14,466,106,72,8464,0.008506616257088847,55.90277777777778,95.0,38,True
no_microbes_day_01_standardized.jpg,No Microbes,1,1,5,R01_C05,480,0,600,120,494,14,586,106,5,8464,0.0005907372400756144,22.2,24.0,5,False
no_microbes_day_01_standardized.jpg,No Microbes,1,1,6,R01_C06,600,0,720,120,614,14,706,106,93,8464,0.010987712665406428,72.36559139784946,107.0,62,True
no_microbes_day_01_standardized.jpg,No Microbes,1,1,7,R01_C07,720,0,840,120,734,14,826,106,78,8464,0.009215500945179584,83.23076923076923,101.0,40,True
no_microbes_day_01_standardized.jpg,No Microbes,1,1,8,R01_C08,840,0,960,120,854,14,946,106,124,8464,0.014650283553875236,68.33064516129032,116.0,77,True
no_microbes_day_01_standardized.jpg,No Microbes,1,1,9,R01_C09,960,0,1080,120,974,14,1066,106,2,8464,0.00023629489603024575,113.0,119.0,2,False
no_microbes_day_01_standardized.jpg,No Microbes,1,1,10,R01_C10,1080,0,1200,120,1094,14,1186,106,26,8464,0.0030718336483931945,66.23076923076923,91.0,11,True
no_microbes_day_01_standardized.jpg,No Microbes,1,2,1,R02_C01,0,120,120,240,14,134,106,226,0,8464,0.0,0.0,0.0,0,False
no_microbes_day_01_standardized.jpg,No Microbes,1,2,2,R02_C02,120,120,240,240,134,134,226,226,0,8464,0.0,0.0,0.0,0,False
no_microbes_day_01_standardized.jpg,No Microbes,1,2,3,R02_C03,240,120,360,240,254,134,346,226,21,8464,0.00248109640831758,47.857142857142854,63.0,21,True
no_microbes_day_01_standardized.jpg,No Microbes,1,2,4,R02_C04,360,120,480,240,374,134,466,226,126,8464,0.014886578449905482,28.8015873015873,40.0,126,True
no_microbes_day_01_standardized.jpg,No Microbes,1,2,5,R02_C05,480,120,600,240,494,134,586,226,67,8464,0.007915879017013232,79.01492537313433,114.0,57,True
no_microbes_day_01_standardized.jpg,No Microbes,1,2,6,R02_C06,600,120,720,240,614,134,706,226,86,8464,0.010160680529300567,76.09302325581395,120.0,47,True
no_microbes_day_01_standardized.jpg,No Microbes,1,2,7,R02_C07,720,120,840,240,734,134,826,226,113,8464,0.013350661625708886,71.00884955752213,126.0,83,True
no_microbes_day_01_standardized.jpg,No Microbes,1,2,8,R02_C08,840,120,960,240,854,134,946,226,0,8464,0.0,0.0,0.0,0,False
no_microbes_day_01_standardized.jpg,No Microbes,1,2,9,R02_C09,960,120,1080,240,974,134,1066,226,46,8464,0.005434782608695652,89.5,109.0,31,True
no_microbes_day_01_standardized.jpg,No Microbes,1,2,10,R02_C10,1080,120,1200,240,1094,134,1186,226,68,8464,0.008034026465028356,83.51470588235294,103.0,26,True
no_microbes_day_01_standardized.jpg,No Microbes,1,3,1,R03_C01,0,240,120,360,14,254,106,346,0,8464,0.0,0.0,0.0,0,False
no_microbes_day_01_standardized.jpg,No Microbes,1,3,2,R03_C02,120,240,240,360,134,254,226,346,0,8464,0.0,0.0,0.0,0,False
no_microbes_day_01_standardized.jpg,No Microbes,1,3,3,R03_C03,240,240,360,360,254,254,346,346,33,8464,0.0038988657844990547,23.181818181818183,30.0,18,True
no_microbes_day_01_standardized.jpg,No Microbes,1,3,4,R03_C04,360,240,480,360,374,254,466,346,48,8464,0.005671077504725898,77.5,100.0,32,True
no_microbes_day_01_standardized.jpg,No Microbes,1,3,5,R03_C05,480,240,600,360,494,254,586,346,178,8464,0.02103024574669187,73.85955056179775,109.0,92,True
no_microbes_day_01_standardized.jpg,No Microbes,1,3,6,R03_C06,600,240,720,360,614,254,706,346,0,8464,0.0,0.0,0.0,0,False
no_microbes_day_01_standardized.jpg,No Microbes,1,3,7,R03_C07,720,240,840,360,734,254,826,346,41,8464,0.004844045368620038,32.75609756097561,52.0,41,True
no_microbes_day_01_standardized.jpg,No Microbes,1,3,8,R03_C08,840,240,960,360,854,254,946,346,2,8464,0.00023629489603024575,41.5,49.0,2,False
no_microbes_day_01_standardized.jpg,No Microbes,1,3,9,R03_C09,960,240,1080,360,974,254,1066,346,3,8464,0.00035444234404536864,75.66666666666667,77.0,3,False
no_microbes_day_01_standardized.jpg,No Microbes,1,3,10,R03_C10,1080,240,1200,360,1094,254,1186,346,10,8464,0.0011814744801512287,81.3,100.0,10,False
no_microbes_day_01_standardized.jpg,No Microbes,1,4,1,R04_C01,0,360,120,480,14,374,106,466,0,8464,0.0,0.0,0.0,0,False
no_microbes_day_01_standardized.jpg,No Microbes,1,4,2,R04_C02,120,360,240,480,134,374,226,466,0,8464,0.0,0.0,0.0,0,False
no_microbes_day_01_standardized.jpg,No Microbes,1,4,3,R04_C03,240,360,360,480,254,374,346,466,51,8464,0.006025519848771267,47.470588235294116,84.0,36,True
no_microbes_day_01_standardized.jpg,No Microbes,1,4,4,R04_C04,360,360,480,480,374,374,466,466,0,8464,0.0,0.0,0.0,0,False
no_microbes_day_01_standardized.jpg,No Microbes,1,4,5,R04_C05,480,360,600,480,494,374,586,466,152,8464,0.017958412098298678,44.56578947368421,91.0,152,True
no_microbes_day_01_standardized.jpg,No Microbes,1,4,6,R04_C06,600,360,720,480,614,374,706,466,51,8464,0.006025519848771267,80.37254901960785,104.0,32,True
no_microbes_day_01_standardized.jpg,No Microbes,1,4,7,R04_C07,720,360,840,480,734,374,826,466,134,8464,0.015831758034026464,92.45522388059702,112.0,80,True
no_microbes_day_01_standardized.jpg,No Microbes,1,4,8,R04_C08,840,360,960,480,854,374,946,466,118,8464,0.013941398865784499,55.11864406779661,100.0,118,True
no_microbes_day_01_standardized.jpg,No Microbes,1,4,9,R04_C09,960,360,1080,480,974,374,1066,466,44,8464,0.005198487712665407,72.8409090909091,109.0,25,True
no_microbes_day_01_standardized.jpg,No Microbes,1,4,10,R04_C10,1080,360,1200,480,1094,374,1186,466,24,8464,0.002835538752362949,82.95833333333333,99.0,11,True
no_microbes_day_01_standardized.jpg,No Microbes,1,5,1,R05_C01,0,480,120,600,14,494,106,586,0,8464,0.0,0.0,0.0,0,False
no_microbes_day_01_standardized.jpg,No Microbes,1,5,2,R05_C02,120,480,240,600,134,494,226,586,0,8464,0.0,0.0,0.0,0,False
no_microbes_day_01_standardized.jpg,No Microbes,1,5,3,R05_C03,240,480,360,600,254,494,346,586,113,8464,0.013350661625708886,56.26548672566372,75.0,57,True
no_microbes_day_01_standardized.jpg,No Microbes,1,5,4,R05_C04,360,480,480,600,374,494,466,586,0,8464,0.0,0.0,0.0,0,False
no_microbes_day_01_standardized.jpg,No Microbes,1,5,5,R05_C05,480,480,600,600,494,494,586,586,0,8464,0.0,0.0,0.0,0,False
no_microbes_day_01_standardized.jpg,No Microbes,1,5,6,R05_C06,600,480,720,600,614,494,706,586,239,8464,0.028237240075614366,66.51464435146444,100.0,78,True
no_microbes_day_01_standardized.jpg,No Microbes,1,5,7,R05_C07,720,480,840,600,734,494,826,586,91,8464,0.010751417769376182,70.31868131868131,108.0,91,True
no_microbes_day_01_standardized.jpg,No Microbes,1,5,8,R05_C08,840,480,960,600,854,494,946,586,0,8464,0.0,0.0,0.0,0,False
no_microbes_day_01_standardized.jpg,No Microbes,1,5,9,R05_C09,960,480,1080,600,974,494,1066,586,20,8464,0.0023629489603024575,63.8,81.0,17,True
no_microbes_day_01_standardized.jpg,No Microbes,1,5,10,R05_C10,1080,480,1200,600,1094,494,1186,586,30,8464,0.003544423440453686,62.266666666666666,85.0,23,True
no_microbes_day_01_standardized.jpg,No Microbes,1,6,1,R06_C01,0,600,120,720,14,614,106,706,3,8464,0.00035444234404536864,52.333333333333336,56.0,3,False
no_microbes_day_01_standardized.jpg,No Microbes,1,6,2,R06_C02,120,600,240,720,134,614,226,706,0,8464,0.0,0.0,0.0,0,False
no_microbes_day_01_standardized.jpg,No Microbes,1,6,3,R06_C03,240,600,360,720,254,614,346,706,0,8464,0.0,0.0,0.0,0,False
no_microbes_day_01_standardized.jpg,No Microbes,1,6,4,R06_C04,360,600,480,720,374,614,466,706,0,8464,0.0,0.0,0.0,0,False
no_microbes_day_01_standardized.jpg,No Microbes,1,6,5,R06_C05,480,600,600,720,494,614,586,706,0,8464,0.0,0.0,0.0,0,False
no_microbes_day_01_standardized.jpg,No Microbes,1,6,6,R06_C06,600,600,720,720,614,614,706,706,0,8464,0.0,0.0,0.0,0,False
no_microbes_day_01_standardized.jpg,No Microbes,1,6,7,R06_C07,720,600,840,720,734,614,826,706,117,8464,0.013823251417769376,70.2905982905983,93.0,63,True
no_microbes_day_01_standardized.jpg,No Microbes,1,6,8,R06_C08,840,600,960,720,854,614,946,706,0,8464,0.0,0.0,0.0,0,False
no_microbes_day_01_standardized.jpg,No Microbes,1,6,9,R06_C09,960,600,1080,720,974,614,1066,706,26,8464,0.0030718336483931945,36.96153846153846,54.0,24,True
no_microbes_day_01_standardized.jpg,No Microbes,1,6,10,R06_C10,1080,600,1200,720,1094,614,1186,706,0,8464,0.0,0.0,0.0,0,False
no_microbes_day_01_standardized.jpg,No Microbes,1,7,1,R07_C01,0,720,120,840,14,734,106,826,0,8464,0.0,0.0,0.0,0,False
no_microbes_day_01_standardized.jpg,No Microbes,1,7,2,R07_C02,120,720,240,840,134,734,226,826,0,8464,0.0,0.0,0.0,0,False
no_microbes_day_01_standardized.jpg,No Microbes,1,7,3,R07_C03,240,720,360,840,254,734,346,826,80,8464,0.00945179584120983,44.55,86.0,41,True
no_microbes_day_01_standardized.jpg,No Microbes,1,7,4,R07_C04,360,720,480,840,374,734,466,826,0,8464,0.0,0.0,0.0,0,False
no_microbes_day_01_standardized.jpg,No Microbes,1,7,5,R07_C05,480,720,600,840,494,734,586,826,96,8464,0.011342155009451797,53.229166666666664,75.0,92,True
no_microbes_day_01_standardized.jpg,No Microbes,1,7,6,R07_C06,600,720,720,840,614,734,706,826,101,8464,0.01193289224952741,53.445544554455445,81.0,56,True
no_microbes_day_01_standardized.jpg,No Microbes,1,7,7,R07_C07,720,720,840,840,734,734,826,826,48,8464,0.005671077504725898,55.520833333333336,97.0,28,True
no_microbes_day_01_standardized.jpg,No Microbes,1,7,8,R07_C08,840,720,960,840,854,734,946,826,0,8464,0.0,0.0,0.0,0,False
no_microbes_day_01_standardized.jpg,No Microbes,1,7,9,R07_C09,960,720,1080,840,974,734,1066,826,129,8464,0.01524102079395085,81.50387596899225,109.0,90,True
no_microbes_day_01_standardized.jpg,No Microbes,1,7,10,R07_C10,1080,720,1200,840,1094,734,1186,826,15,8464,0.001772211720226843,66.93333333333334,74.0,15,True
no_microbes_day_03_standardized.jpg,No Microbes,3,1,1,R01_C01,0,0,120,120,14,14,106,106,0,8464,0.0,0.0,0.0,0,False
no_microbes_day_03_standardized.jpg,No Microbes,3,1,2,R01_C02,120,0,240,120,134,14,226,106,96,8464,0.011342155009451797,62.96875,95.0,48,True
no_microbes_day_03_standardized.jpg,No Microbes,3,1,3,R01_C03,240,0,360,120,254,14,346,106,114,8464,0.013468809073724008,69.82456140350877,103.0,78,True
no_microbes_day_03_standardized.jpg,No Microbes,3,1,4,R01_C04,360,0,480,120,374,14,466,106,132,8464,0.015595463137996219,64.46969696969697,120.0,84,True
no_microbes_day_03_standardized.jpg,No Microbes,3,1,5,R01_C05,480,0,600,120,494,14,586,106,85,8464,0.010042533081285445,41.22352941176471,53.0,77,True
no_microbes_day_03_standardized.jpg,No Microbes,3,1,6,R01_C06,600,0,720,120,614,14,706,106,156,8464,0.018431001890359167,88.08333333333333,114.0,83,True
no_microbes_day_03_standardized.jpg,No Microbes,3,1,7,R01_C07,720,0,840,120,734,14,826,106,202,8464,0.02386578449905482,99.85643564356435,126.0,132,True
no_microbes_day_03_standardized.jpg,No Microbes,3,1,8,R01_C08,840,0,960,120,854,14,946,106,306,8464,0.0361531190926276,63.09477124183007,130.0,239,True
no_microbes_day_03_standardized.jpg,No Microbes,3,1,9,R01_C09,960,0,1080,120,974,14,1066,106,4,8464,0.0004725897920604915,102.0,106.0,2,False
no_microbes_day_03_standardized.jpg,No Microbes,3,1,10,R01_C10,1080,0,1200,120,1094,14,1186,106,155,8464,0.018312854442344047,57.49032258064516,94.0,154,True
no_microbes_day_03_standardized.jpg,No Microbes,3,2,1,R02_C01,0,120,120,240,14,134,106,226,0,8464,0.0,0.0,0.0,0,False
no_microbes_day_03_standardized.jpg,No Microbes,3,2,2,R02_C02,120,120,240,240,134,134,226,226,75,8464,0.008861058601134215,72.28,97.0,56,True
no_microbes_day_03_standardized.jpg,No Microbes,3,2,3,R02_C03,240,120,360,240,254,134,346,226,77,8464,0.009097353497164461,57.714285714285715,85.0,46,True
no_microbes_day_03_standardized.jpg,No Microbes,3,2,4,R02_C04,360,120,480,240,374,134,466,226,292,8464,0.03449905482041588,41.113013698630134,61.0,292,True
no_microbes_day_03_standardized.jpg,No Microbes,3,2,5,R02_C05,480,120,600,240,494,134,586,226,164,8464,0.019376181474480152,91.9451219512195,131.0,93,True
no_microbes_day_03_standardized.jpg,No Microbes,3,2,6,R02_C06,600,120,720,240,614,134,706,226,161,8464,0.019021739130434784,75.31055900621118,119.0,91,True
no_microbes_day_03_standardized.jpg,No Microbes,3,2,7,R02_C07,720,120,840,240,734,134,826,226,246,8464,0.029064272211720227,76.03252032520325,133.0,198,True
no_microbes_day_03_standardized.jpg,No Microbes,3,2,8,R02_C08,840,120,960,240,854,134,946,226,0,8464,0.0,0.0,0.0,0,False
no_microbes_day_03_standardized.jpg,No Microbes,3,2,9,R02_C09,960,120,1080,240,974,134,1066,226,182,8464,0.021502835538752364,88.95054945054945,135.0,130,True
no_microbes_day_03_standardized.jpg,No Microbes,3,2,10,R02_C10,1080,120,1200,240,1094,134,1186,226,124,8464,0.014650283553875236,90.62096774193549,113.0,124,True
no_microbes_day_03_standardized.jpg,No Microbes,3,3,1,R03_C01,0,240,120,360,14,254,106,346,0,8464,0.0,0.0,0.0,0,False
no_microbes_day_03_standardized.jpg,No Microbes,3,3,2,R03_C02,120,240,240,360,134,254,226,346,1,8464,0.00011814744801512288,68.0,68.0,1,False
no_microbes_day_03_standardized.jpg,No Microbes,3,3,3,R03_C03,240,240,360,360,254,254,346,346,164,8464,0.019376181474480152,32.146341463414636,50.0,98,True
no_microbes_day_03_standardized.jpg,No Microbes,3,3,4,R03_C04,360,240,480,360,374,254,466,346,157,8464,0.01854914933837429,95.29936305732484,122.0,90,True
no_microbes_day_03_standardized.jpg,No Microbes,3,3,5,R03_C05,480,240,600,360,494,254,586,346,370,8464,0.043714555765595464,81.87837837837837,122.0,191,True
no_microbes_day_03_standardized.jpg,No Microbes,3,3,6,R03_C06,600,240,720,360,614,254,706,346,14,8464,0.0016540642722117202,84.71428571428571,111.0,5,False
no_microbes_day_03_standardized.jpg,No Microbes,3,3,7,R03_C07,720,240,840,360,734,254,826,346,103,8464,0.012169187145557656,42.48543689320388,69.0,70,True
no_microbes_day_03_standardized.jpg,No Microbes,3,3,8,R03_C08,840,240,960,360,854,254,946,346,158,8464,0.018667296786389415,76.0253164556962,101.0,81,True
no_microbes_day_03_standardized.jpg,No Microbes,3,3,9,R03_C09,960,240,1080,360,974,254,1066,346,129,8464,0.01524102079395085,68.96124031007751,129.0,67,True
no_microbes_day_03_standardized.jpg,No Microbes,3,3,10,R03_C10,1080,240,1200,360,1094,254,1186,346,12,8464,0.0014177693761814746,82.08333333333333,90.0,12,False
no_microbes_day_03_standardized.jpg,No Microbes,3,4,1,R04_C01,0,360,120,480,14,374,106,466,0,8464,0.0,0.0,0.0,0,False
no_microbes_day_03_standardized.jpg,No Microbes,3,4,2,R04_C02,120,360,240,480,134,374,226,466,13,8464,0.0015359168241965973,57.92307692307692,81.0,8,False
no_microbes_day_03_standardized.jpg,No Microbes,3,4,3,R04_C03,240,360,360,480,254,374,346,466,100,8464,0.011814744801512287,65.05,88.0,44,True
no_microbes_day_03_standardized.jpg,No Microbes,3,4,4,R04_C04,360,360,480,480,374,374,466,466,0,8464,0.0,0.0,0.0,0,False
no_microbes_day_03_standardized.jpg,No Microbes,3,4,5,R04_C05,480,360,600,480,494,374,586,466,342,8464,0.04040642722117202,56.739766081871345,93.0,185,True
no_microbes_day_03_standardized.jpg,No Microbes,3,4,6,R04_C06,600,360,720,480,614,374,706,466,63,8464,0.007443289224952741,90.14285714285714,115.0,41,True
no_microbes_day_03_standardized.jpg,No Microbes,3,4,7,R04_C07,720,360,840,480,734,374,826,466,209,8464,0.02469281663516068,105.2535885167464,139.0,110,True
no_microbes_day_03_standardized.jpg,No Microbes,3,4,8,R04_C08,840,360,960,480,854,374,946,466,236,8464,0.027882797731568997,70.26271186440678,109.0,124,True
no_microbes_day_03_standardized.jpg,No Microbes,3,4,9,R04_C09,960,360,1080,480,974,374,1066,466,101,8464,0.01193289224952741,69.92079207920793,107.0,61,True
no_microbes_day_03_standardized.jpg,No Microbes,3,4,10,R04_C10,1080,360,1200,480,1094,374,1186,466,54,8464,0.006379962192816635,85.25925925925925,100.0,50,True
no_microbes_day_03_standardized.jpg,No Microbes,3,5,1,R05_C01,0,480,120,600,14,494,106,586,0,8464,0.0,0.0,0.0,0,False
no_microbes_day_03_standardized.jpg,No Microbes,3,5,2,R05_C02,120,480,240,600,134,494,226,586,0,8464,0.0,0.0,0.0,0,False
no_microbes_day_03_standardized.jpg,No Microbes,3,5,3,R05_C03,240,480,360,600,254,494,346,586,191,8464,0.02256616257088847,71.09947643979058,97.0,99,True
no_microbes_day_03_standardized.jpg,No Microbes,3,5,4,R05_C04,360,480,480,600,374,494,466,586,0,8464,0.0,0.0,0.0,0,False
no_microbes_day_03_standardized.jpg,No Microbes,3,5,5,R05_C05,480,480,600,600,494,494,586,586,135,8464,0.015949905482041588,87.34814814814816,114.0,68,True
no_microbes_day_03_standardized.jpg,No Microbes,3,5,6,R05_C06,600,480,720,600,614,494,706,586,224,8464,0.026465028355387523,87.45982142857143,114.0,117,True
no_microbes_day_03_standardized.jpg,No Microbes,3,5,7,R05_C07,720,480,840,600,734,494,826,586,132,8464,0.015595463137996219,82.64393939393939,112.0,85,True
no_microbes_day_03_standardized.jpg,No Microbes,3,5,8,R05_C08,840,480,960,600,854,494,946,586,2,8464,0.00023629489603024575,80.5,84.0,2,False
no_microbes_day_03_standardized.jpg,No Microbes,3,5,9,R05_C09,960,480,1080,600,974,494,1066,586,261,8464,0.03083648393194707,80.71647509578544,124.0,261,True
no_microbes_day_03_standardized.jpg,No Microbes,3,5,10,R05_C10,1080,480,1200,600,1094,494,1186,586,82,8464,0.009688090737240076,60.28048780487805,98.0,56,True
no_microbes_day_03_standardized.jpg,No Microbes,3,6,1,R06_C01,0,600,120,720,14,614,106,706,160,8464,0.01890359168241966,64.7875,103.0,88,True
no_microbes_day_03_standardized.jpg,No Microbes,3,6,2,R06_C02,120,600,240,720,134,614,226,706,15,8464,0.001772211720226843,47.733333333333334,66.0,15,True
no_microbes_day_03_standardized.jpg,No Microbes,3,6,3,R06_C03,240,600,360,720,254,614,346,706,0,8464,0.0,0.0,0.0,0,False
no_microbes_day_03_standardized.jpg,No Microbes,3,6,4,R06_C04,360,600,480,720,374,614,466,706,0,8464,0.0,0.0,0.0,0,False
no_microbes_day_03_standardized.jpg,No Microbes,3,6,5,R06_C05,480,600,600,720,494,614,586,706,22,8464,0.0025992438563327033,72.04545454545455,81.0,13,True
no_microbes_day_03_standardized.jpg,No Microbes,3,6,6,R06_C06,600,600,720,720,614,614,706,706,50,8464,0.005907372400756144,81.68,101.0,36,True
no_microbes_day_03_standardized.jpg,No Microbes,3,6,7,R06_C07,720,600,840,720,734,614,826,706,251,8464,0.02965500945179584,81.82470119521912,108.0,139,True
no_microbes_day_03_standardized.jpg,No Microbes,3,6,8,R06_C08,840,600,960,720,854,614,946,706,64,8464,0.007561436672967864,78.234375,100.0,34,True
no_microbes_day_03_standardized.jpg,No Microbes,3,6,9,R06_C09,960,600,1080,720,974,614,1066,706,108,8464,0.01275992438563327,55.9537037037037,81.0,59,True
no_microbes_day_03_standardized.jpg,No Microbes,3,6,10,R06_C10,1080,600,1200,720,1094,614,1186,706,46,8464,0.005434782608695652,82.8695652173913,111.0,22,True
no_microbes_day_03_standardized.jpg,No Microbes,3,7,1,R07_C01,0,720,120,840,14,734,106,826,0,8464,0.0,0.0,0.0,0,False
no_microbes_day_03_standardized.jpg,No Microbes,3,7,2,R07_C02,120,720,240,840,134,734,226,826,0,8464,0.0,0.0,0.0,0,False
no_microbes_day_03_standardized.jpg,No Microbes,3,7,3,R07_C03,240,720,360,840,254,734,346,826,138,8464,0.016304347826086956,49.710144927536234,76.0,99,True
no_microbes_day_03_standardized.jpg,No Microbes,3,7,4,R07_C04,360,720,480,840,374,734,466,826,0,8464,0.0,0.0,0.0,0,False
no_microbes_day_03_standardized.jpg,No Microbes,3,7,5,R07_C05,480,720,600,840,494,734,586,826,131,8464,0.015477315689981097,76.55725190839695,117.0,96,True
no_microbes_day_03_standardized.jpg,No Microbes,3,7,6,R07_C06,600,720,720,840,614,734,706,826,103,8464,0.012169187145557656,68.90291262135922,93.0,61,True
no_microbes_day_03_standardized.jpg,No Microbes,3,7,7,R07_C07,720,720,840,840,734,734,826,826,148,8464,0.017485822306238186,65.20945945945945,101.0,66,True
no_microbes_day_03_standardized.jpg,No Microbes,3,7,8,R07_C08,840,720,960,840,854,734,946,826,0,8464,0.0,0.0,0.0,0,False
no_microbes_day_03_standardized.jpg,No Microbes,3,7,9,R07_C09,960,720,1080,840,974,734,1066,826,31,8464,0.003662570888468809,94.6774193548387,107.0,16,True
no_microbes_day_03_standardized.jpg,No Microbes,3,7,10,R07_C10,1080,720,1200,840,1094,734,1186,826,19,8464,0.0022448015122873348,65.26315789473684,76.0,10,True
no_microbes_day_04_standardized.jpg,No Microbes,4,1,1,R01_C01,0,0,120,120,14,14,106,106,0,8464,0.0,0.0,0.0,0,False
no_microbes_day_04_standardized.jpg,No Microbes,4,1,2,R01_C02,120,0,240,120,134,14,226,106,140,8464,0.0165406427221172,76.62857142857143,95.0,76,True
no_microbes_day_04_standardized.jpg,No Microbes,4,1,3,R01_C03,240,0,360,120,254,14,346,106,113,8464,0.013350661625708886,78.46902654867256,106.0,69,True
no_microbes_day_04_standardized.jpg,No Microbes,4,1,4,R01_C04,360,0,480,120,374,14,466,106,165,8464,0.019494328922495273,79.36969696969697,114.0,105,True
no_microbes_day_04_standardized.jpg,No Microbes,4,1,5,R01_C05,480,0,600,120,494,14,586,106,44,8464,0.005198487712665407,79.4090909090909,95.0,18,True
no_microbes_day_04_standardized.jpg,No Microbes,4,1,6,R01_C06,600,0,720,120,614,14,706,106,284,8464,0.0335538752362949,74.29225352112677,106.0,179,True
no_microbes_day_04_standardized.jpg,No Microbes,4,1,7,R01_C07,720,0,840,120,734,14,826,106,550,8464,0.06498109640831758,80.62,118.0,550,True
no_microbes_day_04_standardized.jpg,No Microbes,4,1,8,R01_C08,840,0,960,120,854,14,946,106,538,8464,0.0635633270321361,77.95539033457248,100.0,190,True
no_microbes_day_04_standardized.jpg,No Microbes,4,1,9,R01_C09,960,0,1080,120,974,14,1066,106,628,8464,0.07419659735349717,56.73566878980892,91.0,628,True
no_microbes_day_04_standardized.jpg,No Microbes,4,1,10,R01_C10,1080,0,1200,120,1094,14,1186,106,570,8464,0.06734404536862004,62.52807017543859,93.0,253,True
no_microbes_day_04_standardized.jpg,No Microbes,4,2,1,R02_C01,0,120,120,240,14,134,106,226,0,8464,0.0,0.0,0.0,0,False
no_microbes_day_04_standardized.jpg,No Microbes,4,2,2,R02_C02,120,120,240,240,134,134,226,226,94,8464,0.01110586011342155,73.5,105.0,58,True
no_microbes_day_04_standardized.jpg,No Microbes,4,2,3,R02_C03,240,120,360,240,254,134,346,226,157,8464,0.01854914933837429,83.56687898089172,105.0,87,True
no_microbes_day_04_standardized.jpg,No Microbes,4,2,4,R02_C04,360,120,480,240,374,134,466,226,275,8464,0.03249054820415879,79.17818181818181,105.0,151,True
no_microbes_day_04_standardized.jpg,No Microbes,4,2,5,R02_C05,480,120,600,240,494,134,586,226,213,8464,0.025165406427221173,86.7981220657277,145.0,155,True
no_microbes_day_04_standardized.jpg,No Microbes,4,2,6,R02_C06,600,120,720,240,614,134,706,226,274,8464,0.032372400756143664,60.97810218978102,107.0,152,True
no_microbes_day_04_standardized.jpg,No Microbes,4,2,7,R02_C07,720,120,840,240,734,134,826,226,379,8464,0.044777882797731566,81.12928759894459,132.0,204,True
no_microbes_day_04_standardized.jpg,No Microbes,4,2,8,R02_C08,840,120,960,240,854,134,946,226,24,8464,0.002835538752362949,66.33333333333333,89.0,15,True
no_microbes_day_04_standardized.jpg,No Microbes,4,2,9,R02_C09,960,120,1080,240,974,134,1066,226,507,8464,0.0599007561436673,74.3293885601578,105.0,343,True
no_microbes_day_04_standardized.jpg,No Microbes,4,2,10,R02_C10,1080,120,1200,240,1094,134,1186,226,492,8464,0.058128544423440454,54.27845528455285,104.0,256,True
no_microbes_day_04_standardized.jpg,No Microbes,4,3,1,R03_C01,0,240,120,360,14,254,106,346,0,8464,0.0,0.0,0.0,0,False
no_microbes_day_04_standardized.jpg,No Microbes,4,3,2,R03_C02,120,240,240,360,134,254,226,346,3,8464,0.00035444234404536864,77.0,83.0,3,False
no_microbes_day_04_standardized.jpg,No Microbes,4,3,3,R03_C03,240,240,360,360,254,254,346,346,116,8464,0.013705103969754254,77.03448275862068,98.0,66,True
no_microbes_day_04_standardized.jpg,No Microbes,4,3,4,R03_C04,360,240,480,360,374,254,466,346,202,8464,0.02386578449905482,79.85148514851485,114.0,126,True
no_microbes_day_04_standardized.jpg,No Microbes,4,3,5,R03_C05,480,240,600,360,494,254,586,346,318,8464,0.03757088846880907,99.61320754716981,124.0,148,True
no_microbes_day_04_standardized.jpg,No Microbes,4,3,6,R03_C06,600,240,720,360,614,254,706,346,81,8464,0.009569943289224952,83.01234567901234,112.0,49,True
no_microbes_day_04_standardized.jpg,No Microbes,4,3,7,R03_C07,720,240,840,360,734,254,826,346,90,8464,0.010633270321361058,84.0,117.0,52,True
no_microbes_day_04_standardized.jpg,No Microbes,4,3,8,R03_C08,840,240,960,360,854,254,946,346,173,8464,0.020439508506616258,78.04046242774567,110.0,90,True
no_microbes_day_04_standardized.jpg,No Microbes,4,3,9,R03_C09,960,240,1080,360,974,254,1066,346,229,8464,0.02705576559546314,62.70742358078603,110.0,137,True
no_microbes_day_04_standardized.jpg,No Microbes,4,3,10,R03_C10,1080,240,1200,360,1094,254,1186,346,186,8464,0.021975425330812856,44.8494623655914,94.0,124,True
no_microbes_day_04_standardized.jpg,No Microbes,4,4,1,R04_C01,0,360,120,480,14,374,106,466,0,8464,0.0,0.0,0.0,0,False
no_microbes_day_04_standardized.jpg,No Microbes,4,4,2,R04_C02,120,360,240,480,134,374,226,466,59,8464,0.006970699432892249,58.69491525423729,78.0,22,True
no_microbes_day_04_standardized.jpg,No Microbes,4,4,3,R04_C03,240,360,360,480,254,374,346,466,136,8464,0.01606805293005671,76.11764705882354,91.0,72,True
no_microbes_day_04_standardized.jpg,No Microbes,4,4,4,R04_C04,360,360,480,480,374,374,466,466,37,8464,0.004371455576559546,80.89189189189189,101.0,19,True
no_microbes_day_04_standardized.jpg,No Microbes,4,4,5,R04_C05,480,360,600,480,494,374,586,466,285,8464,0.03367202268431002,85.70175438596492,127.0,147,True
no_microbes_day_04_standardized.jpg,No Microbes,4,4,6,R04_C06,600,360,720,480,614,374,706,466,128,8464,0.015122873345935728,64.5078125,89.0,70,True
no_microbes_day_04_standardized.jpg,No Microbes,4,4,7,R04_C07,720,360,840,480,734,374,826,466,374,8464,0.04418714555765595,76.86363636363636,113.0,202,True
no_microbes_day_04_standardized.jpg,No Microbes,4,4,8,R04_C08,840,360,960,480,854,374,946,466,359,8464,0.042414933837429114,78.04735376044569,112.0,229,True
no_microbes_day_04_standardized.jpg,No Microbes,4,4,9,R04_C09,960,360,1080,480,974,374,1066,466,192,8464,0.022684310018903593,71.07291666666667,92.0,117,True
no_microbes_day_04_standardized.jpg,No Microbes,4,4,10,R04_C10,1080,360,1200,480,1094,374,1186,466,227,8464,0.02681947069943289,76.66960352422907,101.0,103,True
no_microbes_day_04_standardized.jpg,No Microbes,4,5,1,R05_C01,0,480,120,600,14,494,106,586,0,8464,0.0,0.0,0.0,0,False
no_microbes_day_04_standardized.jpg,No Microbes,4,5,2,R05_C02,120,480,240,600,134,494,226,586,0,8464,0.0,0.0,0.0,0,False
no_microbes_day_04_standardized.jpg,No Microbes,4,5,3,R05_C03,240,480,360,600,254,494,346,586,204,8464,0.024102079395085067,84.81372549019608,110.0,96,True
no_microbes_day_04_standardized.jpg,No Microbes,4,5,4,R05_C04,360,480,480,600,374,494,466,586,0,8464,0.0,0.0,0.0,0,False
no_microbes_day_04_standardized.jpg,No Microbes,4,5,5,R05_C05,480,480,600,600,494,494,586,586,212,8464,0.02504725897920605,87.97169811320755,112.0,108,True
no_microbes_day_04_standardized.jpg,No Microbes,4,5,6,R05_C06,600,480,720,600,614,494,706,586,336,8464,0.03969754253308128,81.74107142857143,109.0,156,True
no_microbes_day_04_standardized.jpg,No Microbes,4,5,7,R05_C07,720,480,840,600,734,494,826,586,251,8464,0.02965500945179584,73.98406374501992,97.0,120,True
no_microbes_day_04_standardized.jpg,No Microbes,4,5,8,R05_C08,840,480,960,600,854,494,946,586,9,8464,0.0010633270321361058,76.22222222222223,98.0,5,False
no_microbes_day_04_standardized.jpg,No Microbes,4,5,9,R05_C09,960,480,1080,600,974,494,1066,586,318,8464,0.03757088846880907,79.6006289308176,113.0,276,True
no_microbes_day_04_standardized.jpg,No Microbes,4,5,10,R05_C10,1080,480,1200,600,1094,494,1186,586,234,8464,0.027646502835538753,67.05982905982906,88.0,234,True
no_microbes_day_04_standardized.jpg,No Microbes,4,6,1,R06_C01,0,600,120,720,14,614,106,706,141,8464,0.016658790170132325,87.51063829787235,106.0,94,True
no_microbes_day_04_standardized.jpg,No Microbes,4,6,2,R06_C02,120,600,240,720,134,614,226,706,7,8464,0.0008270321361058601,67.85714285714286,73.0,7,False
no_microbes_day_04_standardized.jpg,No Microbes,4,6,3,R06_C03,240,600,360,720,254,614,346,706,0,8464,0.0,0.0,0.0,0,False
no_microbes_day_04_standardized.jpg,No Microbes,4,6,4,R06_C04,360,600,480,720,374,614,466,706,0,8464,0.0,0.0,0.0,0,False
no_microbes_day_04_standardized.jpg,No Microbes,4,6,5,R06_C05,480,600,600,720,494,614,586,706,91,8464,0.010751417769376182,77.92307692307692,100.0,47,True
no_microbes_day_04_standardized.jpg,No Microbes,4,6,6,R06_C06,600,600,720,720,614,614,706,706,137,8464,0.016186200378071832,73.37956204379562,100.0,86,True
no_microbes_day_04_standardized.jpg,No Microbes,4,6,7,R06_C07,720,600,840,720,734,614,826,706,335,8464,0.039579395085066166,82.66865671641791,115.0,178,True
no_microbes_day_04_standardized.jpg,No Microbes,4,6,8,R06_C08,840,600,960,720,854,614,946,706,162,8464,0.019139886578449904,74.53086419753086,107.0,81,True
no_microbes_day_04_standardized.jpg,No Microbes,4,6,9,R06_C09,960,600,1080,720,974,614,1066,706,138,8464,0.016304347826086956,74.67391304347827,95.0,82,True
no_microbes_day_04_standardized.jpg,No Microbes,4,6,10,R06_C10,1080,600,1200,720,1094,614,1186,706,227,8464,0.02681947069943289,61.242290748898675,87.0,227,True
no_microbes_day_04_standardized.jpg,No Microbes,4,7,1,R07_C01,0,720,120,840,14,734,106,826,0,8464,0.0,0.0,0.0,0,False
no_microbes_day_04_standardized.jpg,No Microbes,4,7,2,R07_C02,120,720,240,840,134,734,226,826,0,8464,0.0,0.0,0.0,0,False
no_microbes_day_04_standardized.jpg,No Microbes,4,7,3,R07_C03,240,720,360,840,254,734,346,826,175,8464,0.020675803402646502,70.57142857142857,98.0,141,True
no_microbes_day_04_standardized.jpg,No Microbes,4,7,4,R07_C04,360,720,480,840,374,734,466,826,0,8464,0.0,0.0,0.0,0,False
no_microbes_day_04_standardized.jpg,No Microbes,4,7,5,R07_C05,480,720,600,840,494,734,586,826,202,8464,0.02386578449905482,81.26237623762377,113.0,132,True
no_microbes_day_04_standardized.jpg,No Microbes,4,7,6,R07_C06,600,720,720,840,614,734,706,826,159,8464,0.018785444234404536,76.0125786163522,114.0,84,True
no_microbes_day_04_standardized.jpg,No Microbes,4,7,7,R07_C07,720,720,840,840,734,734,826,826,225,8464,0.026583175803402647,78.32,102.0,117,True
no_microbes_day_04_standardized.jpg,No Microbes,4,7,8,R07_C08,840,720,960,840,854,734,946,826,1,8464,0.00011814744801512288,21.0,21.0,1,False
no_microbes_day_04_standardized.jpg,No Microbes,4,7,9,R07_C09,960,720,1080,840,974,734,1066,826,157,8464,0.01854914933837429,84.73885350318471,108.0,78,True
no_microbes_day_04_standardized.jpg,No Microbes,4,7,10,R07_C10,1080,720,1200,840,1094,734,1186,826,153,8464,0.0180765595463138,74.94771241830065,105.0,86,True
