file_no,file_name,relative_path,original_path,backup_path,source_used_for_rotation,rotation,original_width,original_height,new_width,new_height,status,notes
1,DJI_20260702125244_0001_D.JPG,DJI_20260702125244_0001_D.JPG,C:\Users\tshib\OneDrive\Desktop\Internship\data\Third Trial\Day 4\DJI_20260702125244_0001_D.JPG,C:\Users\tshib\OneDrive\Desktop\Internship\outputs\Third trial\00_Day4_Orientation_Fix\backup_original_day4_images\DJI_20260702125244_0001_D.JPG,backup_original,CCW_90,5280,3956,3956,5280,ROTATED,Image was rotated 90 degrees counter-clockwise and replaced in place.
2,DJI_20260702125244_0001_F.JPG,DJI_20260702125244_0001_F.JPG,C:\Users\tshib\OneDrive\Desktop\Internship\data\Third Trial\Day 4\DJI_20260702125244_0001_F.JPG,C:\Users\tshib\OneDrive\Desktop\Internship\outputs\Third trial\00_Day4_Orientation_Fix\backup_original_day4_images\DJI_20260702125244_0001_F.JPG,backup_original,CCW_90,2592,1944,1944,2592,ROTATED,Image was rotated 90 degrees counter-clockwise and replaced in place.
3,DJI_20260702125244_0001_MS_G.TIF,DJI_20260702125244_0001_MS_G.TIF,C:\Users\tshib\OneDrive\Desktop\Internship\data\Third Trial\Day 4\DJI_20260702125244_0001_MS_G.TIF,C:\Users\tshib\OneDrive\Desktop\Internship\outputs\Third trial\00_Day4_Orientation_Fix\backup_original_day4_images\DJI_20260702125244_0001_MS_G.TIF,backup_original,CCW_90,2592,1944,1944,2592,ROTATED,Image was rotated 90 degrees counter-clockwise and replaced in place.
4,DJI_20260702125244_0001_MS_NIR.TIF,DJI_20260702125244_0001_MS_NIR.TIF,C:\Users\tshib\OneDrive\Desktop\Internship\data\Third Trial\Day 4\DJI_20260702125244_0001_MS_NIR.TIF,C:\Users\tshib\OneDrive\Desktop\Internship\outputs\Third trial\00_Day4_Orientation_Fix\backup_original_day4_images\DJI_20260702125244_0001_MS_NIR.TIF,backup_original,CCW_90,2592,1944,1944,2592,ROTATED,Image was rotated 90 degrees counter-clockwise and replaced in place.
5,DJI_20260702125244_0001_MS_R.TIF,DJI_20260702125244_0001_MS_R.TIF,C:\Users\tshib\OneDrive\Desktop\Internship\data\Third Trial\Day 4\DJI_20260702125244_0001_MS_R.TIF,C:\Users\tshib\OneDrive\Desktop\Internship\outputs\Third trial\00_Day4_Orientation_Fix\backup_original_day4_images\DJI_20260702125244_0001_MS_R.TIF,backup_original,CCW_90,2592,1944,1944,2592,ROTATED,Image was rotated 90 degrees counter-clockwise and replaced in place.
6,DJI_20260702125244_0001_MS_RE.TIF,DJI_20260702125244_0001_MS_RE.TIF,C:\Users\tshib\OneDrive\Desktop\Internship\data\Third Trial\Day 4\DJI_20260702125244_0001_MS_RE.TIF,C:\Users\tshib\OneDrive\Desktop\Internship\outputs\Third trial\00_Day4_Orientation_Fix\backup_original_day4_images\DJI_20260702125244_0001_MS_RE.TIF,backup_original,CCW_90,2592,1944,1944,2592,ROTATED,Image was rotated 90 degrees counter-clockwise and replaced in place.
7,DJI_20260702125421_0002_D.JPG,DJI_20260702125421_0002_D.JPG,C:\Users\tshib\OneDrive\Desktop\Internship\data\Third Trial\Day 4\DJI_20260702125421_0002_D.JPG,C:\Users\tshib\OneDrive\Desktop\Internship\outputs\Third trial\00_Day4_Orientation_Fix\backup_original_day4_images\DJI_20260702125421_0002_D.JPG,backup_original,CCW_90,5280,3956,3956,5280,ROTATED,Image was rotated 90 degrees counter-clockwise and replaced in place.
8,DJI_20260702125421_0002_F.JPG,DJI_20260702125421_0002_F.JPG,C:\Users\tshib\OneDrive\Desktop\Internship\data\Third Trial\Day 4\DJI_20260702125421_0002_F.JPG,C:\Users\tshib\OneDrive\Desktop\Internship\outputs\Third trial\00_Day4_Orientation_Fix\backup_original_day4_images\DJI_20260702125421_0002_F.JPG,backup_original,CCW_90,2592,1944,1944,2592,ROTATED,Image was rotated 90 degrees counter-clockwise and replaced in place.
9,DJI_20260702125421_0002_MS_G.TIF,DJI_20260702125421_0002_MS_G.TIF,C:\Users\tshib\OneDrive\Desktop\Internship\data\Third Trial\Day 4\DJI_20260702125421_0002_MS_G.TIF,C:\Users\tshib\OneDrive\Desktop\Internship\outputs\Third trial\00_Day4_Orientation_Fix\backup_original_day4_images\DJI_20260702125421_0002_MS_G.TIF,backup_original,CCW_90,2592,1944,1944,2592,ROTATED,Image was rotated 90 degrees counter-clockwise and replaced in place.
10,DJI_20260702125421_0002_MS_NIR.TIF,DJI_20260702125421_0002_MS_NIR.TIF,C:\Users\tshib\OneDrive\Desktop\Internship\data\Third Trial\Day 4\DJI_20260702125421_0002_MS_NIR.TIF,C:\Users\tshib\OneDrive\Desktop\Internship\outputs\Third trial\00_Day4_Orientation_Fix\backup_original_day4_images\DJI_20260702125421_0002_MS_NIR.TIF,backup_original,CCW_90,2592,1944,1944,2592,ROTATED,Image was rotated 90 degrees counter-clockwise and replaced in place.
11,DJI_20260702125421_0002_MS_R.TIF,DJI_20260702125421_0002_MS_R.TIF,C:\Users\tshib\OneDrive\Desktop\Internship\data\Third Trial\Day 4\DJI_20260702125421_0002_MS_R.TIF,C:\Users\tshib\OneDrive\Desktop\Internship\outputs\Third trial\00_Day4_Orientation_Fix\backup_original_day4_images\DJI_20260702125421_0002_MS_R.TIF,backup_original,CCW_90,2592,1944,1944,2592,ROTATED,Image was rotated 90 degrees counter-clockwise and replaced in place.
12,DJI_20260702125421_0002_MS_RE.TIF,DJI_20260702125421_0002_MS_RE.TIF,C:\Users\tshib\OneDrive\Desktop\Internship\data\Third Trial\Day 4\DJI_20260702125421_0002_MS_RE.TIF,C:\Users\tshib\OneDrive\Desktop\Internship\outputs\Third trial\00_Day4_Orientation_Fix\backup_original_day4_images\DJI_20260702125421_0002_MS_RE.TIF,backup_original,CCW_90,2592,1944,1944,2592,ROTATED,Image was rotated 90 degrees counter-clockwise and replaced in place.
13,DJI_20260702125513_0003_D.JPG,DJI_20260702125513_0003_D.JPG,C:\Users\tshib\OneDrive\Desktop\Internship\data\Third Trial\Day 4\DJI_20260702125513_0003_D.JPG,C:\Users\tshib\OneDrive\Desktop\Internship\outputs\Third trial\00_Day4_Orientation_Fix\backup_original_day4_images\DJI_20260702125513_0003_D.JPG,backup_original,CCW_90,5280,3956,3956,5280,ROTATED,Image was rotated 90 degrees counter-clockwise and replaced in place.
14,DJI_20260702125513_0003_F.JPG,DJI_20260702125513_0003_F.JPG,C:\Users\tshib\OneDrive\Desktop\Internship\data\Third Trial\Day 4\DJI_20260702125513_0003_F.JPG,C:\Users\tshib\OneDrive\Desktop\Internship\outputs\Third trial\00_Day4_Orientation_Fix\backup_original_day4_images\DJI_20260702125513_0003_F.JPG,backup_original,CCW_90,2592,1944,1944,2592,ROTATED,Image was rotated 90 degrees counter-clockwise and replaced in place.
15,DJI_20260702125513_0003_MS_G.TIF,DJI_20260702125513_0003_MS_G.TIF,C:\Users\tshib\OneDrive\Desktop\Internship\data\Third Trial\Day 4\DJI_20260702125513_0003_MS_G.TIF,C:\Users\tshib\OneDrive\Desktop\Internship\outputs\Third trial\00_Day4_Orientation_Fix\backup_original_day4_images\DJI_20260702125513_0003_MS_G.TIF,backup_original,CCW_90,2592,1944,1944,2592,ROTATED,Image was rotated 90 degrees counter-clockwise and replaced in place.
16,DJI_20260702125513_0003_MS_NIR.TIF,DJI_20260702125513_0003_MS_NIR.TIF,C:\Users\tshib\OneDrive\Desktop\Internship\data\Third Trial\Day 4\DJI_20260702125513_0003_MS_NIR.TIF,C:\Users\tshib\OneDrive\Desktop\Internship\outputs\Third trial\00_Day4_Orientation_Fix\backup_original_day4_images\DJI_20260702125513_0003_MS_NIR.TIF,backup_original,CCW_90,2592,1944,1944,2592,ROTATED,Image was rotated 90 degrees counter-clockwise and replaced in place.
17,DJI_20260702125513_0003_MS_R.TIF,DJI_20260702125513_0003_MS_R.TIF,C:\Users\tshib\OneDrive\Desktop\Internship\data\Third Trial\Day 4\DJI_20260702125513_0003_MS_R.TIF,C:\Users\tshib\OneDrive\Desktop\Internship\outputs\Third trial\00_Day4_Orientation_Fix\backup_original_day4_images\DJI_20260702125513_0003_MS_R.TIF,backup_original,CCW_90,2592,1944,1944,2592,ROTATED,Image was rotated 90 degrees counter-clockwise and replaced in place.
18,DJI_20260702125513_0003_MS_RE.TIF,DJI_20260702125513_0003_MS_RE.TIF,C:\Users\tshib\OneDrive\Desktop\Internship\data\Third Trial\Day 4\DJI_20260702125513_0003_MS_RE.TIF,C:\Users\tshib\OneDrive\Desktop\Internship\outputs\Third trial\00_Day4_Orientation_Fix\backup_original_day4_images\DJI_20260702125513_0003_MS_RE.TIF,backup_original,CCW_90,2592,1944,1944,2592,ROTATED,Image was rotated 90 degrees counter-clockwise and replaced in place.
19,DJI_20260702125620_0004_D.JPG,DJI_20260702125620_0004_D.JPG,C:\Users\tshib\OneDrive\Desktop\Internship\data\Third Trial\Day 4\DJI_20260702125620_0004_D.JPG,C:\Users\tshib\OneDrive\Desktop\Internship\outputs\Third trial\00_Day4_Orientation_Fix\backup_original_day4_images\DJI_20260702125620_0004_D.JPG,backup_original,CCW_90,5280,3956,3956,5280,ROTATED,Image was rotated 90 degrees counter-clockwise and replaced in place.
20,DJI_20260702125620_0004_F.JPG,DJI_20260702125620_0004_F.JPG,C:\Users\tshib\OneDrive\Desktop\Internship\data\Third Trial\Day 4\DJI_20260702125620_0004_F.JPG,C:\Users\tshib\OneDrive\Desktop\Internship\outputs\Third trial\00_Day4_Orientation_Fix\backup_original_day4_images\DJI_20260702125620_0004_F.JPG,backup_original,CCW_90,2592,1944,1944,2592,ROTATED,Image was rotated 90 degrees counter-clockwise and replaced in place.
21,DJI_20260702125620_0004_MS_G.TIF,DJI_20260702125620_0004_MS_G.TIF,C:\Users\tshib\OneDrive\Desktop\Internship\data\Third Trial\Day 4\DJI_20260702125620_0004_MS_G.TIF,C:\Users\tshib\OneDrive\Desktop\Internship\outputs\Third trial\00_Day4_Orientation_Fix\backup_original_day4_images\DJI_20260702125620_0004_MS_G.TIF,backup_original,CCW_90,2592,1944,1944,2592,ROTATED,Image was rotated 90 degrees counter-clockwise and replaced in place.
22,DJI_20260702125620_0004_MS_NIR.TIF,DJI_20260702125620_0004_MS_NIR.TIF,C:\Users\tshib\OneDrive\Desktop\Internship\data\Third Trial\Day 4\DJI_20260702125620_0004_MS_NIR.TIF,C:\Users\tshib\OneDrive\Desktop\Internship\outputs\Third trial\00_Day4_Orientation_Fix\backup_original_day4_images\DJI_20260702125620_0004_MS_NIR.TIF,backup_original,CCW_90,2592,1944,1944,2592,ROTATED,Image was rotated 90 degrees counter-clockwise and replaced in place.
23,DJI_20260702125620_0004_MS_R.TIF,DJI_20260702125620_0004_MS_R.TIF,C:\Users\tshib\OneDrive\Desktop\Internship\data\Third Trial\Day 4\DJI_20260702125620_0004_MS_R.TIF,C:\Users\tshib\OneDrive\Desktop\Internship\outputs\Third trial\00_Day4_Orientation_Fix\backup_original_day4_images\DJI_20260702125620_0004_MS_R.TIF,backup_original,CCW_90,2592,1944,1944,2592,ROTATED,Image was rotated 90 degrees counter-clockwise and replaced in place.
24,DJI_20260702125620_0004_MS_RE.TIF,DJI_20260702125620_0004_MS_RE.TIF,C:\Users\tshib\OneDrive\Desktop\Internship\data\Third Trial\Day 4\DJI_20260702125620_0004_MS_RE.TIF,C:\Users\tshib\OneDrive\Desktop\Internship\outputs\Third trial\00_Day4_Orientation_Fix\backup_original_day4_images\DJI_20260702125620_0004_MS_RE.TIF,backup_original,CCW_90,2592,1944,1944,2592,ROTATED,Image was rotated 90 degrees counter-clockwise and replaced in place.
25,DJI_20260702125757_0005_D.JPG,DJI_20260702125757_0005_D.JPG,C:\Users\tshib\OneDrive\Desktop\Internship\data\Third Trial\Day 4\DJI_20260702125757_0005_D.JPG,C:\Users\tshib\OneDrive\Desktop\Internship\outputs\Third trial\00_Day4_Orientation_Fix\backup_original_day4_images\DJI_20260702125757_0005_D.JPG,backup_original,CCW_90,5280,3956,3956,5280,ROTATED,Image was rotated 90 degrees counter-clockwise and replaced in place.
26,DJI_20260702125757_0005_F.JPG,DJI_20260702125757_0005_F.JPG,C:\Users\tshib\OneDrive\Desktop\Internship\data\Third Trial\Day 4\DJI_20260702125757_0005_F.JPG,C:\Users\tshib\OneDrive\Desktop\Internship\outputs\Third trial\00_Day4_Orientation_Fix\backup_original_day4_images\DJI_20260702125757_0005_F.JPG,backup_original,CCW_90,2592,1944,1944,2592,ROTATED,Image was rotated 90 degrees counter-clockwise and replaced in place.
27,DJI_20260702125757_0005_MS_G.TIF,DJI_20260702125757_0005_MS_G.TIF,C:\Users\tshib\OneDrive\Desktop\Internship\data\Third Trial\Day 4\DJI_20260702125757_0005_MS_G.TIF,C:\Users\tshib\OneDrive\Desktop\Internship\outputs\Third trial\00_Day4_Orientation_Fix\backup_original_day4_images\DJI_20260702125757_0005_MS_G.TIF,backup_original,CCW_90,2592,1944,1944,2592,ROTATED,Image was rotated 90 degrees counter-clockwise and replaced in place.
28,DJI_20260702125757_0005_MS_NIR.TIF,DJI_20260702125757_0005_MS_NIR.TIF,C:\Users\tshib\OneDrive\Desktop\Internship\data\Third Trial\Day 4\DJI_20260702125757_0005_MS_NIR.TIF,C:\Users\tshib\OneDrive\Desktop\Internship\outputs\Third trial\00_Day4_Orientation_Fix\backup_original_day4_images\DJI_20260702125757_0005_MS_NIR.TIF,backup_original,CCW_90,2592,1944,1944,2592,ROTATED,Image was rotated 90 degrees counter-clockwise and replaced in place.
29,DJI_20260702125757_0005_MS_R.TIF,DJI_20260702125757_0005_MS_R.TIF,C:\Users\tshib\OneDrive\Desktop\Internship\data\Third Trial\Day 4\DJI_20260702125757_0005_MS_R.TIF,C:\Users\tshib\OneDrive\Desktop\Internship\outputs\Third trial\00_Day4_Orientation_Fix\backup_original_day4_images\DJI_20260702125757_0005_MS_R.TIF,backup_original,CCW_90,2592,1944,1944,2592,ROTATED,Image was rotated 90 degrees counter-clockwise and replaced in place.
30,DJI_20260702125757_0005_MS_RE.TIF,DJI_20260702125757_0005_MS_RE.TIF,C:\Users\tshib\OneDrive\Desktop\Internship\data\Third Trial\Day 4\DJI_20260702125757_0005_MS_RE.TIF,C:\Users\tshib\OneDrive\Desktop\Internship\outputs\Third trial\00_Day4_Orientation_Fix\backup_original_day4_images\DJI_20260702125757_0005_MS_RE.TIF,backup_original,CCW_90,2592,1944,1944,2592,ROTATED,Image was rotated 90 degrees counter-clockwise and replaced in place.
31,DJI_20260702125916_0006_D.JPG,DJI_20260702125916_0006_D.JPG,C:\Users\tshib\OneDrive\Desktop\Internship\data\Third Trial\Day 4\DJI_20260702125916_0006_D.JPG,C:\Users\tshib\OneDrive\Desktop\Internship\outputs\Third trial\00_Day4_Orientation_Fix\backup_original_day4_images\DJI_20260702125916_0006_D.JPG,backup_original,CCW_90,5280,3956,3956,5280,ROTATED,Image was rotated 90 degrees counter-clockwise and replaced in place.
32,DJI_20260702125916_0006_F.JPG,DJI_20260702125916_0006_F.JPG,C:\Users\tshib\OneDrive\Desktop\Internship\data\Third Trial\Day 4\DJI_20260702125916_0006_F.JPG,C:\Users\tshib\OneDrive\Desktop\Internship\outputs\Third trial\00_Day4_Orientation_Fix\backup_original_day4_images\DJI_20260702125916_0006_F.JPG,backup_original,CCW_90,2592,1944,1944,2592,ROTATED,Image was rotated 90 degrees counter-clockwise and replaced in place.
33,DJI_20260702125916_0006_MS_G.TIF,DJI_20260702125916_0006_MS_G.TIF,C:\Users\tshib\OneDrive\Desktop\Internship\data\Third Trial\Day 4\DJI_20260702125916_0006_MS_G.TIF,C:\Users\tshib\OneDrive\Desktop\Internship\outputs\Third trial\00_Day4_Orientation_Fix\backup_original_day4_images\DJI_20260702125916_0006_MS_G.TIF,backup_original,CCW_90,2592,1944,1944,2592,ROTATED,Image was rotated 90 degrees counter-clockwise and replaced in place.
34,DJI_20260702125916_0006_MS_NIR.TIF,DJI_20260702125916_0006_MS_NIR.TIF,C:\Users\tshib\OneDrive\Desktop\Internship\data\Third Trial\Day 4\DJI_20260702125916_0006_MS_NIR.TIF,C:\Users\tshib\OneDrive\Desktop\Internship\outputs\Third trial\00_Day4_Orientation_Fix\backup_original_day4_images\DJI_20260702125916_0006_MS_NIR.TIF,backup_original,CCW_90,2592,1944,1944,2592,ROTATED,Image was rotated 90 degrees counter-clockwise and replaced in place.
35,DJI_20260702125916_0006_MS_R.TIF,DJI_20260702125916_0006_MS_R.TIF,C:\Users\tshib\OneDrive\Desktop\Internship\data\Third Trial\Day 4\DJI_20260702125916_0006_MS_R.TIF,C:\Users\tshib\OneDrive\Desktop\Internship\outputs\Third trial\00_Day4_Orientation_Fix\backup_original_day4_images\DJI_20260702125916_0006_MS_R.TIF,backup_original,CCW_90,2592,1944,1944,2592,ROTATED,Image was rotated 90 degrees counter-clockwise and replaced in place.
36,DJI_20260702125916_0006_MS_RE.TIF,DJI_20260702125916_0006_MS_RE.TIF,C:\Users\tshib\OneDrive\Desktop\Internship\data\Third Trial\Day 4\DJI_20260702125916_0006_MS_RE.TIF,C:\Users\tshib\OneDrive\Desktop\Internship\outputs\Third trial\00_Day4_Orientation_Fix\backup_original_day4_images\DJI_20260702125916_0006_MS_RE.TIF,backup_original,CCW_90,2592,1944,1944,2592,ROTATED,Image was rotated 90 degrees counter-clockwise and replaced in place.
37,DJI_20260702125959_0007_D.JPG,DJI_20260702125959_0007_D.JPG,C:\Users\tshib\OneDrive\Desktop\Internship\data\Third Trial\Day 4\DJI_20260702125959_0007_D.JPG,C:\Users\tshib\OneDrive\Desktop\Internship\outputs\Third trial\00_Day4_Orientation_Fix\backup_original_day4_images\DJI_20260702125959_0007_D.JPG,backup_original,CCW_90,5280,3956,3956,5280,ROTATED,Image was rotated 90 degrees counter-clockwise and replaced in place.
38,DJI_20260702125959_0007_F.JPG,DJI_20260702125959_0007_F.JPG,C:\Users\tshib\OneDrive\Desktop\Internship\data\Third Trial\Day 4\DJI_20260702125959_0007_F.JPG,C:\Users\tshib\OneDrive\Desktop\Internship\outputs\Third trial\00_Day4_Orientation_Fix\backup_original_day4_images\DJI_20260702125959_0007_F.JPG,backup_original,CCW_90,2592,1944,1944,2592,ROTATED,Image was rotated 90 degrees counter-clockwise and replaced in place.
39,DJI_20260702125959_0007_MS_G.TIF,DJI_20260702125959_0007_MS_G.TIF,C:\Users\tshib\OneDrive\Desktop\Internship\data\Third Trial\Day 4\DJI_20260702125959_0007_MS_G.TIF,C:\Users\tshib\OneDrive\Desktop\Internship\outputs\Third trial\00_Day4_Orientation_Fix\backup_original_day4_images\DJI_20260702125959_0007_MS_G.TIF,backup_original,CCW_90,2592,1944,1944,2592,ROTATED,Image was rotated 90 degrees counter-clockwise and replaced in place.
40,DJI_20260702125959_0007_MS_NIR.TIF,DJI_20260702125959_0007_MS_NIR.TIF,C:\Users\tshib\OneDrive\Desktop\Internship\data\Third Trial\Day 4\DJI_20260702125959_0007_MS_NIR.TIF,C:\Users\tshib\OneDrive\Desktop\Internship\outputs\Third trial\00_Day4_Orientation_Fix\backup_original_day4_images\DJI_20260702125959_0007_MS_NIR.TIF,backup_original,CCW_90,2592,1944,1944,2592,ROTATED,Image was rotated 90 degrees counter-clockwise and replaced in place.
41,DJI_20260702125959_0007_MS_R.TIF,DJI_20260702125959_0007_MS_R.TIF,C:\Users\tshib\OneDrive\Desktop\Internship\data\Third Trial\Day 4\DJI_20260702125959_0007_MS_R.TIF,C:\Users\tshib\OneDrive\Desktop\Internship\outputs\Third trial\00_Day4_Orientation_Fix\backup_original_day4_images\DJI_20260702125959_0007_MS_R.TIF,backup_original,CCW_90,2592,1944,1944,2592,ROTATED,Image was rotated 90 degrees counter-clockwise and replaced in place.
42,DJI_20260702125959_0007_MS_RE.TIF,DJI_20260702125959_0007_MS_RE.TIF,C:\Users\tshib\OneDrive\Desktop\Internship\data\Third Trial\Day 4\DJI_20260702125959_0007_MS_RE.TIF,C:\Users\tshib\OneDrive\Desktop\Internship\outputs\Third trial\00_Day4_Orientation_Fix\backup_original_day4_images\DJI_20260702125959_0007_MS_RE.TIF,backup_original,CCW_90,2592,1944,1944,2592,ROTATED,Image was rotated 90 degrees counter-clockwise and replaced in place.
43,DJI_20260702130043_0008_D.JPG,DJI_20260702130043_0008_D.JPG,C:\Users\tshib\OneDrive\Desktop\Internship\data\Third Trial\Day 4\DJI_20260702130043_0008_D.JPG,C:\Users\tshib\OneDrive\Desktop\Internship\outputs\Third trial\00_Day4_Orientation_Fix\backup_original_day4_images\DJI_20260702130043_0008_D.JPG,backup_original,CCW_90,5280,3956,3956,5280,ROTATED,Image was rotated 90 degrees counter-clockwise and replaced in place.
44,DJI_20260702130043_0008_F.JPG,DJI_20260702130043_0008_F.JPG,C:\Users\tshib\OneDrive\Desktop\Internship\data\Third Trial\Day 4\DJI_20260702130043_0008_F.JPG,C:\Users\tshib\OneDrive\Desktop\Internship\outputs\Third trial\00_Day4_Orientation_Fix\backup_original_day4_images\DJI_20260702130043_0008_F.JPG,backup_original,CCW_90,2592,1944,1944,2592,ROTATED,Image was rotated 90 degrees counter-clockwise and replaced in place.
45,DJI_20260702130043_0008_MS_G.TIF,DJI_20260702130043_0008_MS_G.TIF,C:\Users\tshib\OneDrive\Desktop\Internship\data\Third Trial\Day 4\DJI_20260702130043_0008_MS_G.TIF,C:\Users\tshib\OneDrive\Desktop\Internship\outputs\Third trial\00_Day4_Orientation_Fix\backup_original_day4_images\DJI_20260702130043_0008_MS_G.TIF,backup_original,CCW_90,2592,1944,1944,2592,ROTATED,Image was rotated 90 degrees counter-clockwise and replaced in place.
46,DJI_20260702130043_0008_MS_NIR.TIF,DJI_20260702130043_0008_MS_NIR.TIF,C:\Users\tshib\OneDrive\Desktop\Internship\data\Third Trial\Day 4\DJI_20260702130043_0008_MS_NIR.TIF,C:\Users\tshib\OneDrive\Desktop\Internship\outputs\Third trial\00_Day4_Orientation_Fix\backup_original_day4_images\DJI_20260702130043_0008_MS_NIR.TIF,backup_original,CCW_90,2592,1944,1944,2592,ROTATED,Image was rotated 90 degrees counter-clockwise and replaced in place.
47,DJI_20260702130043_0008_MS_R.TIF,DJI_20260702130043_0008_MS_R.TIF,C:\Users\tshib\OneDrive\Desktop\Internship\data\Third Trial\Day 4\DJI_20260702130043_0008_MS_R.TIF,C:\Users\tshib\OneDrive\Desktop\Internship\outputs\Third trial\00_Day4_Orientation_Fix\backup_original_day4_images\DJI_20260702130043_0008_MS_R.TIF,backup_original,CCW_90,2592,1944,1944,2592,ROTATED,Image was rotated 90 degrees counter-clockwise and replaced in place.
48,DJI_20260702130043_0008_MS_RE.TIF,DJI_20260702130043_0008_MS_RE.TIF,C:\Users\tshib\OneDrive\Desktop\Internship\data\Third Trial\Day 4\DJI_20260702130043_0008_MS_RE.TIF,C:\Users\tshib\OneDrive\Desktop\Internship\outputs\Third trial\00_Day4_Orientation_Fix\backup_original_day4_images\DJI_20260702130043_0008_MS_RE.TIF,backup_original,CCW_90,2592,1944,1944,2592,ROTATED,Image was rotated 90 degrees counter-clockwise and replaced in place.
49,DJI_20260702130152_0009_D.JPG,DJI_20260702130152_0009_D.JPG,C:\Users\tshib\OneDrive\Desktop\Internship\data\Third Trial\Day 4\DJI_20260702130152_0009_D.JPG,C:\Users\tshib\OneDrive\Desktop\Internship\outputs\Third trial\00_Day4_Orientation_Fix\backup_original_day4_images\DJI_20260702130152_0009_D.JPG,backup_original,CCW_90,5280,3956,3956,5280,ROTATED,Image was rotated 90 degrees counter-clockwise and replaced in place.
50,DJI_20260702130152_0009_F.JPG,DJI_20260702130152_0009_F.JPG,C:\Users\tshib\OneDrive\Desktop\Internship\data\Third Trial\Day 4\DJI_20260702130152_0009_F.JPG,C:\Users\tshib\OneDrive\Desktop\Internship\outputs\Third trial\00_Day4_Orientation_Fix\backup_original_day4_images\DJI_20260702130152_0009_F.JPG,backup_original,CCW_90,2592,1944,1944,2592,ROTATED,Image was rotated 90 degrees counter-clockwise and replaced in place.
51,DJI_20260702130152_0009_MS_G.TIF,DJI_20260702130152_0009_MS_G.TIF,C:\Users\tshib\OneDrive\Desktop\Internship\data\Third Trial\Day 4\DJI_20260702130152_0009_MS_G.TIF,C:\Users\tshib\OneDrive\Desktop\Internship\outputs\Third trial\00_Day4_Orientation_Fix\backup_original_day4_images\DJI_20260702130152_0009_MS_G.TIF,backup_original,CCW_90,2592,1944,1944,2592,ROTATED,Image was rotated 90 degrees counter-clockwise and replaced in place.
52,DJI_20260702130152_0009_MS_NIR.TIF,DJI_20260702130152_0009_MS_NIR.TIF,C:\Users\tshib\OneDrive\Desktop\Internship\data\Third Trial\Day 4\DJI_20260702130152_0009_MS_NIR.TIF,C:\Users\tshib\OneDrive\Desktop\Internship\outputs\Third trial\00_Day4_Orientation_Fix\backup_original_day4_images\DJI_20260702130152_0009_MS_NIR.TIF,backup_original,CCW_90,2592,1944,1944,2592,ROTATED,Image was rotated 90 degrees counter-clockwise and replaced in place.
53,DJI_20260702130152_0009_MS_R.TIF,DJI_20260702130152_0009_MS_R.TIF,C:\Users\tshib\OneDrive\Desktop\Internship\data\Third Trial\Day 4\DJI_20260702130152_0009_MS_R.TIF,C:\Users\tshib\OneDrive\Desktop\Internship\outputs\Third trial\00_Day4_Orientation_Fix\backup_original_day4_images\DJI_20260702130152_0009_MS_R.TIF,backup_original,CCW_90,2592,1944,1944,2592,ROTATED,Image was rotated 90 degrees counter-clockwise and replaced in place.
54,DJI_20260702130152_0009_MS_RE.TIF,DJI_20260702130152_0009_MS_RE.TIF,C:\Users\tshib\OneDrive\Desktop\Internship\data\Third Trial\Day 4\DJI_20260702130152_0009_MS_RE.TIF,C:\Users\tshib\OneDrive\Desktop\Internship\outputs\Third trial\00_Day4_Orientation_Fix\backup_original_day4_images\DJI_20260702130152_0009_MS_RE.TIF,backup_original,CCW_90,2592,1944,1944,2592,ROTATED,Image was rotated 90 degrees counter-clockwise and replaced in place.
55,DJI_20260702130251_0010_D.JPG,DJI_20260702130251_0010_D.JPG,C:\Users\tshib\OneDrive\Desktop\Internship\data\Third Trial\Day 4\DJI_20260702130251_0010_D.JPG,C:\Users\tshib\OneDrive\Desktop\Internship\outputs\Third trial\00_Day4_Orientation_Fix\backup_original_day4_images\DJI_20260702130251_0010_D.JPG,backup_original,CCW_90,5280,3956,3956,5280,ROTATED,Image was rotated 90 degrees counter-clockwise and replaced in place.
56,DJI_20260702130251_0010_F.JPG,DJI_20260702130251_0010_F.JPG,C:\Users\tshib\OneDrive\Desktop\Internship\data\Third Trial\Day 4\DJI_20260702130251_0010_F.JPG,C:\Users\tshib\OneDrive\Desktop\Internship\outputs\Third trial\00_Day4_Orientation_Fix\backup_original_day4_images\DJI_20260702130251_0010_F.JPG,backup_original,CCW_90,2592,1944,1944,2592,ROTATED,Image was rotated 90 degrees counter-clockwise and replaced in place.
57,DJI_20260702130251_0010_MS_G.TIF,DJI_20260702130251_0010_MS_G.TIF,C:\Users\tshib\OneDrive\Desktop\Internship\data\Third Trial\Day 4\DJI_20260702130251_0010_MS_G.TIF,C:\Users\tshib\OneDrive\Desktop\Internship\outputs\Third trial\00_Day4_Orientation_Fix\backup_original_day4_images\DJI_20260702130251_0010_MS_G.TIF,backup_original,CCW_90,2592,1944,1944,2592,ROTATED,Image was rotated 90 degrees counter-clockwise and replaced in place.
58,DJI_20260702130251_0010_MS_NIR.TIF,DJI_20260702130251_0010_MS_NIR.TIF,C:\Users\tshib\OneDrive\Desktop\Internship\data\Third Trial\Day 4\DJI_20260702130251_0010_MS_NIR.TIF,C:\Users\tshib\OneDrive\Desktop\Internship\outputs\Third trial\00_Day4_Orientation_Fix\backup_original_day4_images\DJI_20260702130251_0010_MS_NIR.TIF,backup_original,CCW_90,2592,1944,1944,2592,ROTATED,Image was rotated 90 degrees counter-clockwise and replaced in place.
59,DJI_20260702130251_0010_MS_R.TIF,DJI_20260702130251_0010_MS_R.TIF,C:\Users\tshib\OneDrive\Desktop\Internship\data\Third Trial\Day 4\DJI_20260702130251_0010_MS_R.TIF,C:\Users\tshib\OneDrive\Desktop\Internship\outputs\Third trial\00_Day4_Orientation_Fix\backup_original_day4_images\DJI_20260702130251_0010_MS_R.TIF,backup_original,CCW_90,2592,1944,1944,2592,ROTATED,Image was rotated 90 degrees counter-clockwise and replaced in place.
60,DJI_20260702130251_0010_MS_RE.TIF,DJI_20260702130251_0010_MS_RE.TIF,C:\Users\tshib\OneDrive\Desktop\Internship\data\Third Trial\Day 4\DJI_20260702130251_0010_MS_RE.TIF,C:\Users\tshib\OneDrive\Desktop\Internship\outputs\Third trial\00_Day4_Orientation_Fix\backup_original_day4_images\DJI_20260702130251_0010_MS_RE.TIF,backup_original,CCW_90,2592,1944,1944,2592,ROTATED,Image was rotated 90 degrees counter-clockwise and replaced in place.
61,DJI_20260702130331_0011_D.JPG,DJI_20260702130331_0011_D.JPG,C:\Users\tshib\OneDrive\Desktop\Internship\data\Third Trial\Day 4\DJI_20260702130331_0011_D.JPG,C:\Users\tshib\OneDrive\Desktop\Internship\outputs\Third trial\00_Day4_Orientation_Fix\backup_original_day4_images\DJI_20260702130331_0011_D.JPG,backup_original,CCW_90,5280,3956,3956,5280,ROTATED,Image was rotated 90 degrees counter-clockwise and replaced in place.
62,DJI_20260702130331_0011_F.JPG,DJI_20260702130331_0011_F.JPG,C:\Users\tshib\OneDrive\Desktop\Internship\data\Third Trial\Day 4\DJI_20260702130331_0011_F.JPG,C:\Users\tshib\OneDrive\Desktop\Internship\outputs\Third trial\00_Day4_Orientation_Fix\backup_original_day4_images\DJI_20260702130331_0011_F.JPG,backup_original,CCW_90,2592,1944,1944,2592,ROTATED,Image was rotated 90 degrees counter-clockwise and replaced in place.
63,DJI_20260702130331_0011_MS_G.TIF,DJI_20260702130331_0011_MS_G.TIF,C:\Users\tshib\OneDrive\Desktop\Internship\data\Third Trial\Day 4\DJI_20260702130331_0011_MS_G.TIF,C:\Users\tshib\OneDrive\Desktop\Internship\outputs\Third trial\00_Day4_Orientation_Fix\backup_original_day4_images\DJI_20260702130331_0011_MS_G.TIF,backup_original,CCW_90,2592,1944,1944,2592,ROTATED,Image was rotated 90 degrees counter-clockwise and replaced in place.
64,DJI_20260702130331_0011_MS_NIR.TIF,DJI_20260702130331_0011_MS_NIR.TIF,C:\Users\tshib\OneDrive\Desktop\Internship\data\Third Trial\Day 4\DJI_20260702130331_0011_MS_NIR.TIF,C:\Users\tshib\OneDrive\Desktop\Internship\outputs\Third trial\00_Day4_Orientation_Fix\backup_original_day4_images\DJI_20260702130331_0011_MS_NIR.TIF,backup_original,CCW_90,2592,1944,1944,2592,ROTATED,Image was rotated 90 degrees counter-clockwise and replaced in place.
65,DJI_20260702130331_0011_MS_R.TIF,DJI_20260702130331_0011_MS_R.TIF,C:\Users\tshib\OneDrive\Desktop\Internship\data\Third Trial\Day 4\DJI_20260702130331_0011_MS_R.TIF,C:\Users\tshib\OneDrive\Desktop\Internship\outputs\Third trial\00_Day4_Orientation_Fix\backup_original_day4_images\DJI_20260702130331_0011_MS_R.TIF,backup_original,CCW_90,2592,1944,1944,2592,ROTATED,Image was rotated 90 degrees counter-clockwise and replaced in place.
66,DJI_20260702130331_0011_MS_RE.TIF,DJI_20260702130331_0011_MS_RE.TIF,C:\Users\tshib\OneDrive\Desktop\Internship\data\Third Trial\Day 4\DJI_20260702130331_0011_MS_RE.TIF,C:\Users\tshib\OneDrive\Desktop\Internship\outputs\Third trial\00_Day4_Orientation_Fix\backup_original_day4_images\DJI_20260702130331_0011_MS_RE.TIF,backup_original,CCW_90,2592,1944,1944,2592,ROTATED,Image was rotated 90 degrees counter-clockwise and replaced in place.
67,DJI_20260702130419_0012_D.JPG,DJI_20260702130419_0012_D.JPG,C:\Users\tshib\OneDrive\Desktop\Internship\data\Third Trial\Day 4\DJI_20260702130419_0012_D.JPG,C:\Users\tshib\OneDrive\Desktop\Internship\outputs\Third trial\00_Day4_Orientation_Fix\backup_original_day4_images\DJI_20260702130419_0012_D.JPG,backup_original,CCW_90,5280,3956,3956,5280,ROTATED,Image was rotated 90 degrees counter-clockwise and replaced in place.
68,DJI_20260702130419_0012_F.JPG,DJI_20260702130419_0012_F.JPG,C:\Users\tshib\OneDrive\Desktop\Internship\data\Third Trial\Day 4\DJI_20260702130419_0012_F.JPG,C:\Users\tshib\OneDrive\Desktop\Internship\outputs\Third trial\00_Day4_Orientation_Fix\backup_original_day4_images\DJI_20260702130419_0012_F.JPG,backup_original,CCW_90,2592,1944,1944,2592,ROTATED,Image was rotated 90 degrees counter-clockwise and replaced in place.
69,DJI_20260702130419_0012_MS_G.TIF,DJI_20260702130419_0012_MS_G.TIF,C:\Users\tshib\OneDrive\Desktop\Internship\data\Third Trial\Day 4\DJI_20260702130419_0012_MS_G.TIF,C:\Users\tshib\OneDrive\Desktop\Internship\outputs\Third trial\00_Day4_Orientation_Fix\backup_original_day4_images\DJI_20260702130419_0012_MS_G.TIF,backup_original,CCW_90,2592,1944,1944,2592,ROTATED,Image was rotated 90 degrees counter-clockwise and replaced in place.
70,DJI_20260702130419_0012_MS_NIR.TIF,DJI_20260702130419_0012_MS_NIR.TIF,C:\Users\tshib\OneDrive\Desktop\Internship\data\Third Trial\Day 4\DJI_20260702130419_0012_MS_NIR.TIF,C:\Users\tshib\OneDrive\Desktop\Internship\outputs\Third trial\00_Day4_Orientation_Fix\backup_original_day4_images\DJI_20260702130419_0012_MS_NIR.TIF,backup_original,CCW_90,2592,1944,1944,2592,ROTATED,Image was rotated 90 degrees counter-clockwise and replaced in place.
71,DJI_20260702130419_0012_MS_R.TIF,DJI_20260702130419_0012_MS_R.TIF,C:\Users\tshib\OneDrive\Desktop\Internship\data\Third Trial\Day 4\DJI_20260702130419_0012_MS_R.TIF,C:\Users\tshib\OneDrive\Desktop\Internship\outputs\Third trial\00_Day4_Orientation_Fix\backup_original_day4_images\DJI_20260702130419_0012_MS_R.TIF,backup_original,CCW_90,2592,1944,1944,2592,ROTATED,Image was rotated 90 degrees counter-clockwise and replaced in place.
72,DJI_20260702130419_0012_MS_RE.TIF,DJI_20260702130419_0012_MS_RE.TIF,C:\Users\tshib\OneDrive\Desktop\Internship\data\Third Trial\Day 4\DJI_20260702130419_0012_MS_RE.TIF,C:\Users\tshib\OneDrive\Desktop\Internship\outputs\Third trial\00_Day4_Orientation_Fix\backup_original_day4_images\DJI_20260702130419_0012_MS_RE.TIF,backup_original,CCW_90,2592,1944,1944,2592,ROTATED,Image was rotated 90 degrees counter-clockwise and replaced in place.
